dist_id,district,total_enroll,geoid,local_diff_pp,maep_expected_local_total,maep_expected_local_pp,maep_rev_fy24,local_share_expected_total,local_funding_28_mill,local_funding_27_pct,st_per_sq_mile,maep_rev_fy23,maep_fy23_pp,maep_fy24_pp,maep_rev_full_funding_fy24,maep_full_pp_fy24,gr_prek_enroll,gr_k_enroll,gr_1_enroll,gr_2_enroll,gr_3_enroll,gr_4_enroll,gr_5_enroll,gr_6_enroll,gr_7_enroll,gr_8_enroll,gr_9_enroll,gr_10_enroll,gr_11_enroll,gr_12_enroll,totalEnrollment,assessed_value,local_revenue,sq_miles,stpov_rate,federal_revenue,total_ada,ada_addon_fy24,teacher_addon_fy24,econ_dis_enroll,stpov_enroll,mill_1_value,mill_1_value_pp,local_share_mills,local_share_pp_mills,local_share_pct,local_share_pp_pct,rev_total_local_state,rev_pp_local_state,local_revenue_total,local_revenue_pp,urbanicity,mpv,mhi,sped_funding,at_risk_funding,cte_funding,local_share_expected_pp,direct_cert_pct,ell_enroll,vocational_enroll,sped_tier_1_enroll,sped_tier_2_enroll,sped_tier_3_enroll,sped_enroll,sparsity_multiplier,students_sq_mile,matt_wsf_pp,matt_wsf_total
4820,ABERDEEN,998,2800360,4183.5550647294585,8472555.065399999,8489.534133667334,6533995.02,1938560.0454,3032312.136,1938560.0454,4.6400706363317905,5461563,5472.508016032064,6547.089198396793,7179852.02,7194.240501002004,0,76,64,71,87,49,70,79,68,74,103,81,77,78,998,108296862,6114256.61,215.08293261435543,0.309,4672500.27,910.472222,232105.88,682414.14,419.2598,308.382,108296.862,108.51388977955912,4147539.884,4155.851587174348,5241291.974599999,5251.795565731462,11733731,11757,6114256,6126,Town,77200,39991,743263,304899.92361736,56314,1942.444935270541,0.42,3,230,84,69,3,156,0.035,4.539,8952,8934463
0200,ALCORN COUNTY,3188,2800390,1456.316799247177,25235482.044,7915.772284818067,20419424,4816058.044,4816058.044,6069361.050000001,8.627912006495674,17423282,5465.270388958595,6405.089084065245,22479115,7051.16530740276,135,210,243,246,219,233,194,233,232,240,256,235,237,200,3188,172002073,9459645.49,369.498436887147,0.188,7744573.91,2814.40782,711043.38,1787412.62,607.314,599.344,172002.073,53.95297145545797,17663056.956,5540.482106649937,16409753.95,5147.350674404015,27380613,8588,9459645,2967,Rural,94100,44520,2366894,915285.12886944,703630,1510.683200752823,0.19,35,1265,396,169,16,581,0.001,7.88,8331,26558188
2545,AMBITION PREP,525,.,NA,3624668.4992121863,7551.392706692055,2877548.95,747119.549212186,747119.549212186,859792.3065000001,Inf,2151984,4483.3,5994.893645833334,3184415.95,6634.199895833333,0,79,79,83,87,67,0,0,0,0,0,0,0,0,395,26682841.04329236,1342962.18,0,0.401,1608020.68,277.804469,89289.47,118269.48,270.096,192.48,26682.84104329236,55.58925217352575,2437296.400787814,5077.700834974613,2324623.6435,4842.965923958333,NA,NA,NA,NA,NA,NA,NA,41826,134704.84246284,0,1556.499060858721,0.56,0,0,29,17,0,46,0.038,4.187,8734,4585283
0300,AMITE COUNTY,853,2800420,4501.490467878077,7912550.3009,9276.143377373974,6099490.67,1813059.6309,3221128.96,1813059.6309,1.1684933064056744,5418370,6352.133645955451,7150.633845252051,6715035.67,7872.257526377492,0,71,63,61,73,63,61,59,59,68,65,73,47,62,853,115040320,5652860.82,729.9999027156239,0.29,7452499.36,780.137143,201251.92,542503.75,468.297,247.37,115040.32,134.86555685814773,3493906.71,4096.021934349355,4901976.0391,5746.747994255568,11008595,12905,5652860,6627,Rural,83600,33981,1068117,259003.91686784,194411,2125.509532121923,0.55,0,260,175,60,4,239,0.068,1.171,10194,8695703
4821,AMORY,1518,2800450,1434.4505032938075,11936013.296,7862.986361001317,9451731.16,2484282.136,2484282.136,2808486.5832,19.73466969355038,8630797,5685.637022397892,6226.436864295125,10401802.16,6852.307088274045,0,119,121,111,103,131,123,87,123,117,122,117,108,99,1518,88724362,4662402.55,76.92046654807238,0.208,5228334.37,1410.86508,355521.69,829830.47,358.3998,315.744,88724.362,58.44819631093544,7917520.024,5215.757591567853,7593315.5768,5002.184174440053,12928781,8516,4662402,3071,Town,108000,42610,1104393,449311.50568,236621,1636.5494967061925,0.24,0,503,166,60,14,240,0,19.198,8227,12488308
0400,ATTALA COUNTY,1004,2800510,3822.272835956175,8661987.0827,8627.477174003983,6680365.01,1981622.0727,2935606.8279999997,1981622.0727,1.7252578138630297,5643432,5620.948207171315,6653.750009960159,7339341.01,7310.10060756972,48,82,84,67,56,69,56,66,82,84,82,68,72,72,1004,104843101,5820060.4,581.9420100187466,0.293,3534710.96,852.659218,221821.22,724921.79,363.1468,294.17199999999997,104843.101,104.42539940239044,4403734.182,4386.189424302789,5357718.937299999,5336.373443525896,11553682,11507,5820060,5796,Rural,60600,34921,871786,292914.40494692,336354,1973.7271640438248,0.36,0,220,120,47,3,170,0.064,1.596,8952,8988089
5920,BALDWYN,756,2800540,3994.306292857143,6239659.8226,8253.518283862433,4811051.38,1428608.4426,2409164.94,1428608.4426,11.483745047638775,4166149,5510.7791005291,6363.824576719577,5291142.38,6998.865582010581,0,67,58,56,64,58,56,58,68,67,51,56,39,44,756,86041605,4448889.35,65.83218252093158,0.246,2408297.18,688.707339,176942.75,456930.63,214.2504,185.97600000000003,86041.605,113.81164682539682,2881977.44,3812.139470899471,3862533.9374,5109.171874867725,8626067,11410,4448889,5884,Rural,101400,43036,473072,219832.36697524,264705,1889.693707142857,0.28,1,305,81,47,1,129,0,12.012,8438,6379305
2320,BAY ST. LOUIS,1672,2800570,4276.050306997608,13856568.0967,8287.421110466506,10683196.21,3173371.8867,7071755.796,3173371.8867,89.03631856390174,8998844,5382.0837320574165,6389.471417464114,11753229.21,7029.443307416267,58,113,142,109,125,114,117,115,142,131,112,153,133,90,1672,252562707,10323680.67,18.778853696651872,0.246,8233825.93,1530.40499,373286.09,999761.12,490.732,411.31200000000007,252562.707,151.05425059808613,4681473.413999999,2799.924290669856,8579857.323299998,5131.493614413875,19633829,11742,10323680,6174,Suburb,168900,41778,1252592,507484.8150658,119480,1897.9496930023925,0.29,32,607,194,114,9,317,0,58.274,8603,14383578
0500,BENTON COUNTY,961,2800600,741.696345473465,8096978.272,8425.57572528616,6618668.46,1478309.8120000002,1478309.8120000002,1967707.7442,2.3637321434465077,5252649,5465.81581685744,6887.272070759625,7287806.46,7583.5655150884495,16,93,62,68,74,58,66,73,70,87,76,71,69,60,961,52796779,2191816.51,406.5604483419963,0.293,5808895.95,806.11359,220886.26,575744.2,332.6982,281.573,52796.779,54.93941623309053,5809496.648,6045.2618605619145,5320098.7158,5536.002826014568,8013854,8339,2191816,2280,Rural,78000,36258,761898,268066.22562284,188397,1538.303654526535,0.35,18,285,112,74,1,187,0.058,2.241,9201,8841936
2420,BILOXI,5812,2800630,4565.054113713008,44626103.4211,7678.269687044047,34408921.93,10217181.4911,17883311.824,10217181.4911,302.4831359357475,29253636,5033.316586373021,5920.323800757054,37841412.93,6510.910689951824,120,459,485,441,447,419,361,430,405,464,493,409,403,405,5812,638689708,36754607.75,19.214294317665917,0.26,29870477.84,5304.15,1316669.08,3226824.85,1919.1224,1511.12,638689.708,109.89155333792154,19958101.106,3433.9471964900204,27624231.4389,4752.964803664831,66620035,11462,36754607,6323,City,159100,47342,3290688,1747548.769029,432143,1757.9458862869924,0.33,547,990,448,378,12,838,0,155.64,8428,48985017
5921,BOONEVILLE,1321,2800820,2144.5380681302045,9895300.082,7490.764634367904,8475935.870000001,1419364.2119999998,1419364.2119999998,2520185.3649,191.98868213975783,7346069,5560.990915972748,6416.302702498108,9334019.87,7065.874239212717,39,100,98,99,93,90,113,98,99,102,86,115,84,82,1321,50691579,4253175.59,6.880613926181233,0.22,2787017.86,1164.18436,298956.11,710956.76,238.9689,290.62,50691.579,38.37364042392127,7914655.658,5991.412307342922,6813834.505099999,5158.088194625283,11719198,8871,4253175,3219,Town,96200,32016,795434,373889.82572456,116419,1074.4619318697955,0.18,0,435,134,92,6,232,0,182.741,8262,10913890
4320,BROOKHAVEN,2586,2800840,2914.803141763341,20046136.0954,7751.792766976024,15455477.02,4590659.0754,6022839.676,4590659.0754,17.19387533487206,13659606,5282.136890951276,5976.595908739366,17002441.02,6574.803178654292,77,196,201,212,196,158,199,159,169,228,220,189,194,150,2586,215101417,12128797.01,150.4023932728626,0.28,7496815.42,2368.99435,578745.37,1416898.65,1010.8674,724.08,215101.417,83.17920224284609,10979601.344,4245.785515854602,12411781.9446,4799.6063204176335,25588630,9895,12128797,4690,Town,101900,39841,1607701,776720.86168052,280855,1775.1968582366592,0.39,19,462,290,132,8,430,0,15.137,8513,22013635
0700,CALHOUN COUNTY,2080,2800870,1014.296998076923,16697802.464000002,8027.789646153847,13842580.22,2855222.244,2855222.244,4110825.3894000007,3.546505165434119,12223903,5876.876442307693,6655.08664423077,15225279.22,7319.845778846154,86,150,158,134,149,139,155,151,164,138,169,166,150,130,2080,101972223,4965747.48,586.492871989203,0.324,7455794.86,1911.48889,464211.75,1347776.47,564.096,673.9200000000001,101972.223,49.02510721153846,12370056.976,5947.142776923077,11114453.8306,5343.487418557693,16996339,8171,4965747,2387,Rural,70500,37263,1368363,637279.4525084,489806,1372.703001923077,0.27,122,794,292,100,7,399,0.046,3.383,8925,18563716
4520,CANTON,3166,2800900,3509.5304944725203,23722204.8045,7492.800001421353,18291028.35,5431176.4545,8080929.304,5431176.4545,16.883714589148912,15486257,4891.426721415035,5777.3304958938725,20115468.35,6353.590761212886,94,231,245,237,260,182,252,240,253,259,252,258,167,168,3166,288604618,16544485.96,187.51797676293188,0.312,11363603.64,2751.11876,718289.38,1698647.97,1539.6258,987.792,288604.618,91.15749147188882,12034539.045999996,3801.180999999998,14684291.895499997,4638.121255685406,32418576,10239,16544485,5225,Rural,153400,41939,1661921,897744.97433396,393681,1715.4695055274794,0.49,311,960,162,181,13,356,0,15.166,8798,27853465
0800,CARROLL COUNTY,805,2800930,1739.9784746583848,6529842.0979,8111.605090559006,5034134.7700000005,1495707.3279,2510623.22,1495707.3279,1.281231936307605,4615780,5733.888198757764,6253.583565217392,5539656.7700000005,6881.561204968944,20,54,53,50,69,56,54,53,61,79,83,63,47,46,805,89665115,2896775.33,628.3015410308437,0.221,3245091.3,738.583333,180916.36,454766.41,344.1375,177.905,89665.115,111.38523602484472,3029033.5500000003,3762.774596273293,4043949.4421000006,5023.53967962733,7295227,9062,2896775,3598,Rural,99000,46052,662293,248772.6821638,99740,1858.0215253416152,0.43,26,285,116,41,5,162,0.069,1.148,9505,7651339
0911,CHICKASAW COUNTY CONSOL,2214,2800200,1018.7486883468836,17072270.864,7711.052784101174,14853286.46,2218984.404,2218984.404,4417524.3942,5.496836147575836,12877302,5816.306233062331,6708.801472448057,16361201.46,7389.883224932249,59,194,183,174,154,146,134,150,152,171,195,168,150,126,2214,79249443,4476040.07,402.7771504479714,0.264,5634791.05,1955.66111,492494.54,1240723.92,733.4982,584.496,79249.443,35.79468970189702,14142217.055999998,6387.631913279132,11943677.0658,5394.614754200542,17596108,7947,4476040,2021,NA,NA,NA,1520243,646341.7612634,378375,1002.2513116531164,0.33,60,731,222,153,14,389,0.029,5.141,8866,19629620
1000,CHOCTAW COUNTY,1230,2800990,7003.121787073171,10726243.1719,8720.52290398374,8273772.970000001,2452470.2019,7774436.208,2452470.2019,2.941601509118056,6945544,5646.783739837399,6726.644691056911,9083222.97,7384.73412195122,65,91,105,89,96,83,92,103,88,95,99,86,65,62,1230,277658436,11067317.21,418.1395733539638,0.29600000000000004,4353851.68,1098.55556,269270.86,961634.11,285.11400000000003,364.08,277658.436,225.7385658536585,1308786.762000001,1064.0542780487813,6630752.768100001,5390.855909024391,18110185,14723,11067317,8997,Rural,81400,36777,1236373,356057.88722324,239967,1993.8782129268295,0.23,5,366,158,105,0,263,0.052,2.845,8992,11059798
1100,CLAIBORNE COUNTY,1188,2801020,2615.9112356902356,9684908.692,8152.280043771044,7500071.24,2184837.452,2184837.452,2230544.3148000003,2.437681092409674,6431257,5413.5159932659935,6313.19127946128,8261275.24,6953.935387205387,39,75,91,87,90,61,83,80,97,93,96,109,73,81,1188,78029909,5292737.7,487.34840816509313,0.398,3868931.62,1017.72881,267400.93,609582.31,665.9928,472.824,78029.909,65.68174158249158,6076437.788000001,5114.846622895623,6030730.9252,5076.372832659933,11915825,10030,5292737,4455,Rural,67500,29338,835413,360442.7020964,371360,1839.0887643097644,0.56,8,541,73,92,15,180,0.057,2.268,9784,11623978
1420,CLARKSDALE,2118,2801050,1427.5815335221907,15676519.162,7401.567120868744,13659296.85,2017222.312,2017222.312,4062293.8695,112.71631676836104,11613241,5483.116619452314,6449.148654390935,15045532.85,7103.651015108593,75,173,167,153,179,121,110,183,110,167,190,164,149,133,2118,72043654,5040967.68,18.79053592881872,0.516,14527676.69,1745.65093,471224.01,1126703.84,1197.3054,1092.888,72043.654,34.014945231350325,13028310.538,6151.232548630783,10983238.9805,5185.665241029273,17102336,8074,5040967,2380,Town,65400,30223,1470046,616231.62508296,213402,952.4184664778091,0.57,14,577,125,102,7,234,0,256.233,8810,18659029
1425,CLARKSDALE COLLEGIATE,675,.,NA,4477099.7663701605,7461.832943950268,3990413.93,486685.83637016045,486685.83637016045,1194037.9911000002,Inf,3152814,5254.69,6650.6898833333335,4422362.930000001,7370.604883333334,0,69,73,78,76,5,70,75,0,0,0,0,0,0,511,17381637.013220016,396211,0,0.516,1251932,416.883333,118507.23,113604.7,312.48,309.6,17381.637013220017,28.96939502203336,3935677.09362984,6559.4618227164,3228324.9389000004,5380.541564833334,NA,NA,NA,NA,NA,NA,NA,68371,187836.37553092,0,811.1430606169341,0.52,0,0,27,23,0,50,0.07,1.025,8836,5964358
0614,CLEVELAND,2818,2800750,2552.8671217175297,22420828.751,7956.291253016324,17288876.3,5131952.451,6140151.164000001,5131952.451,26.20708102528859,14704672,5218.123491838183,6135.158374733854,19007231.3,6744.93658623137,68,218,217,203,204,184,247,207,203,219,235,227,206,129,2818,219291113,12328721.85,107.5281904642781,0.405,9162184.58,2530.39444,637882.11,1699925.19,1259.0824,1141.29,219291.113,77.81799609652236,12867080.136,4566.032695528744,13875278.849,4923.8037079488995,27279790,9680,12328721,4374,Town,129500,35789,2073160,841033.26990588,366002,1821.13287828247,0.45,52,824,310,186,17,513,0,24.97,8905,25095138
2521,CLINTON,5211,2801090,2202.338820188063,39390599.658,7559.124862406448,31117297.25,8273302.408,8273302.408,9253574.7975,38.89745095683939,27710753,5317.741892151219,5971.463682594512,34272499.25,6576.952456342353,46,342,324,369,358,383,376,444,405,452,465,468,395,348,5211,295475086,19754262.53,133.9676475402495,0.155,9536034.84,4786.26257,1193720.75,2470788.5,921.8259,807.705,295475.086,56.70218499328344,25999196.842,4989.291276530416,25018924.4525,4801.175293129918,47207050,9059,19754262,3790,Rural,167600,62362,2332623,1518946.77230744,423413,1587.6611798119363,0.18,259,1105,454,214,16,684,0,38.097,7947,41414348
1400,COAHOMA COUNTY,988,2801110,3742.83498582996,8562139.234,8666.132827935222,6601784.199999999,1960355.034,4089162.924,1960355.034,1.8493732558731435,6170910,6245.86032388664,6681.967813765182,7260574.199999999,7348.75931174089,0,49,61,58,78,50,80,87,72,122,82,79,87,63,988,146041533,5658673.3,534.2350425271701,0.44,5966637.66,962.591506,226729.81,643050.39,527.7896000000001,434.72,146041.533,147.81531680161942,3171411.2759999996,3209.930441295546,5300219.165999999,5364.594297570849,11390677,11529,5658673,5727,Rural,71700,27333,992769,308992.95452468,107670,1984.1650141700404,0.53,0,319,122,50,5,177,0.061,1.855,9575,9459978
8111,COFFEEVILLE,417,2801140,2786.000869064748,3615963.5176,8671.375341966428,2788218.8800000004,827744.6376000001,1406185.228,827744.6376000001,1.2403494183040804,2336671,5603.52757793765,6686.376211031176,3065720.8800000004,7351.848633093526,0,31,26,27,29,24,33,32,20,28,37,36,44,32,417,50220901,1989737.93,336.1955863777166,0.35100000000000003,2464604.96,368.960894,96067.99,277663.89,210.0429,146.36700000000002,50220.901,120.43381534772182,1659535.6520000005,3979.7018033573154,2237976.2424000003,5366.849502158274,4404224,10561,1989737,4771,Rural,74000,38197,307919,117224.65579764,57880,1984.999130935252,0.5,0,97,45,23,5,73,0.07,1.026,9506,3964141
4620,COLUMBIA,1646,2801170,2295.9579052247873,13236190.858,8041.428224787363,10813209.57,2422981.288,2422981.288,3218386.3839,24.845600519653804,9044947,5495.107533414338,6569.386130012151,11919949.57,7241.767660996355,5,138,121,140,137,103,98,132,120,120,109,155,106,99,1646,86535046,6203323.22,66.2491533942982,0.298,6256365.45,1419.66006,367442.53,816243.04,530.6704000000001,490.508,86535.046,52.5729319562576,9496968.282,5769.725566221142,8701563.1861,5286.490392527339,15832847,9618,6203323,3768,Town,94100,31430,1456267,459835.41939272,79052,1472.0420947752127,0.32,14,390,229,129,4,362,0,28.324,8694,14309676
4420,COLUMBUS,3090,2801200,2520.283006116505,24212194.4411,7835.661631423949,18666518.93,5545675.511100001,6158857.2360000005,5545675.511100001,46.88638155601814,16151073,5226.884466019417,6040.944637540453,20539538.93,6647.099977346278,95,255,260,250,248,212,191,221,186,250,265,248,193,172,3090,219959187,13334111.09,65.90399807901962,0.32899999999999996,13193710.86,2717.00049,694447.69,1675292.24,1691.157,1016.61,219959.187,71.18420291262136,14380681.693999998,4653.94229579288,14993863.418899998,4852.382983462782,29630890,9589,13334111,4315,Town,127200,40362,2375056,939256.16621032,337991,1794.7169938834954,0.55,50,984,251,226,13,490,0,47.559,9097,28110381
1500,COPIAH COUNTY,2205,2801220,570.4264253968254,17568251.762000002,7967.461116553289,13884637.03,3683614.732,3683614.732,4129570.628100001,4.93409564785735,12820619,5814.339682539682,6296.887541950114,15294706.03,6936.3746167800455,0,163,174,145,151,130,165,171,162,186,197,202,164,163,2205,131557669,4941811.16,446.89040451770114,0.247,6866971.38,2136.74843,509557.71,1106346.32,867.888,544.635,131557.669,59.66334195011338,11611091.298,5265.801042176871,11165135.4019,5063.553470249433,17210544,7805,4941811,2241,Rural,99400,46493,1483727,671774.403562,137076,1670.5735746031746,0.39,106,361,217,124,14,355,0.033,4.654,8863,19542716
0220,CORINTH,2490,2801260,1433.7870570281125,17212260.758,6912.554521285141,14081800.53,3130460.228,3130460.228,4189722.4431000007,81.66326476738158,12920052,5188.775903614458,5655.341578313253,15517490.53,6231.923907630523,119,187,193,200,188,182,204,187,174,154,193,176,132,141,2490,111802151,6702195.74,30.4910660514588,0.27,5945567.09,2147.51111,548826.38,1041315.15,807.2579999999999,672.3000000000001,111802.151,44.900462248995986,12387030.302,4974.710964658635,11327768.0869,4549.304452570281,19193854,7708,6702195,2691,Town,123400,38646,1309748,731117.53393968,149433,1257.2129429718875,0.32,257,789,215,95,0,310,0,128.336,8319,20714850
1600,COVINGTON COUNTY,2609,2801290,2042.3725507857416,21701161.515,8317.808169796857,16731988.5,4969173.015000001,8160987.716,4969173.015000001,6.305562967360604,14578892,5587.923342276735,6413.180720582599,18404344.5,7054.1757378305865,0,241,209,188,195,178,177,208,192,226,229,216,179,103,2609,291463847,10299071.680000002,413.7616281852912,0.28600000000000003,11599438.1,2312.99991,600717.12,1580427.38,1000.8124,746.1740000000001,291463.847,111.7147746262936,10243356.784,3926.162048294366,13435171.485,5149.548288616328,24849915,9524,10299071,3947,Rural,77100,38178,2930320,761519.45408596,323221,1904.6274492142584,0.38,64,495,509,131,8,648,0.02,6.032,9009,23505372
1700,DESOTO COUNTY,35003,2801320,1785.981608205011,263758600.308,7535.314124732165,205127931.54,58630668.768,58630668.768,60973728.8958,73.49241433175584,181119369,5174.395594663315,5860.295732937177,225828625.54,6451.693441704996,5,2388,2584,2490,2574,2485,2564,2684,2736,2877,3092,2794,2597,2437,35003,2093952456,121174285.74,476.28044769343376,0.127,51394776.14,30014.9157,8036987.35,16978282.19,6178.0295,4445.381,2093952.456,59.82208542124961,167197956.77199998,4776.675049910007,164854896.6442,4709.736212444647,301286947,8607,121174285,3461,Suburb,168500,67038,25877680,10076320.6892928,1562060,1675.018391794989,0.18,1521,6277,2836,2381,141,5358,0,71.675,8131,284614810
6811,E. TALLAHATCHIE,853,2801410,1213.3492848769054,7033428.149999999,8245.519519343492,5482119.09,1551309.0599999998,1551309.0599999998,1626653.6343,2.320099544837993,4785661,5610.388042203986,6426.8688042203985,6024643.09,7062.887561547479,20,59,60,50,72,40,57,79,55,79,94,70,51,60,853,55403895,2587029.16,367.6566386549431,0.431,4882824.79,770.616667,195642.11,566081.98,344.0149,367.643,55403.895,64.95181125439625,4473334.03,5244.236846424385,4397989.4557,5155.90791992966,7307424,8566,2587029,3032,Town,65600,31982,647247,264558.55273288,59279,1818.6507151230944,0.4,4,321,82,42,1,125,0.058,2.219,9050,7719986
3111,EAST JASPER,755,2801380,5727.711431125828,6477766.7195,8579.823469536423,4994728.85,1483037.8695,2451217.468,1483037.8695,2.2854885570485277,3672371,4864.067549668875,6615.534900662251,5492732.85,7275.142847682118,5,59,47,55,65,39,58,50,59,56,62,64,54,64,755,87543481,5808166.72,330.34512365925144,0.297,3508970.12,682.879915,171800.42,489891.43,280.709,224.235,87543.481,115.95163046357617,3041515.382,4028.4971947019862,4009694.9805,5310.854278807947,10141203,13432,5808166,7692,Rural,75100,31824,639301,230940.74366248,43920,1964.288568874172,0.37,2,176,65,44,0,109,0.059,2.077,8897,6717072
1211,ENTERPRISE,955,2801440,2043.7239263874344,7593430.5403,7951.236167853403,5855066.89,1738363.6503,1784787.256,1738363.6503,5.296080283810711,4969352,5203.509947643979,6130.960094240837,6438383.89,6741.763235602094,54,75,53,69,63,71,66,64,62,69,76,72,75,69,955,63742402,3690708.5,180.32203985262188,0.145,1824087.87,798.201117,208497.93,571244.96,119.375,138.475,63742.402,66.74597068062828,4653596.634,4872.876056544502,4700020.2397,4921.487161989528,8766032,9179,3690708,3864,Rural,109200,62896,680199,272743.71950468,123212,1820.2760736125656,0.13,0,264,84,74,2,160,0.032,4.815,8383,8005922
6220,FOREST SEPARATE,1645,2801470,1875.7962893617023,12267138.624,7457.227127051671,9600258.52,2666880.104,2666880.104,2853462.2004,18.332709151893855,8395131,5103.423100303951,5836.0234164133735,10568378.52,6424.5462127659575,0,152,125,162,149,107,110,125,97,130,146,123,99,92,1645,95245718,5753213.69,89.73032770936987,0.282,4835253.22,1487.47486,378194.67,798644.85,435.925,463.88999999999993,95245.718,57.90013252279635,7901498.415999999,4803.342502127659,7714916.319599999,4689.918735319148,14176632,8618,5753213,3497,Town,71100,31197,1013349,483513.77772492,26415,1621.2037106382977,0.27,516,186,185,58,2,245,0,18.99,8446,13893230
1802,FORREST AHS,611,2801510,2040.8882710310963,4932659.5864,8073.092612765958,3802241.32,1130418.2664,20963441.968,1130418.2664,Inf,3286429,5378.770867430442,6222.980883797054,4186734.32,6852.265662847791,0,0,0,0,0,0,0,0,0,0,169,171,5,135,611,748694356,2377849.11,0,0,1634607.82,525.039106,137674.08,319167.24,171.9354,0,748694.356,1225.3590114566284,-16776707.648000002,-27457.78665793781,3056316.0536,5002.153933878887,5723249,9367,2377849,3891,NA,NA,NA,431797,175397.96518344,303964,1850.1117289689037,0.28,8,335,40,57,7,104,0.063,1.659,9310,5688463
1800,FORREST COUNTY,2129,2801490,2446.43775974636,17152312.8595,8056.511441756693,13225239.85,3927073.0095,5323374.588,3927073.0095,6.099294674878881,11758426,5522.980742132457,6211.949201503053,14544714.85,6831.712000939408,57,212,221,188,188,196,164,225,198,209,72,61,47,45,2129,190120521,9137099.36,349.05675385199805,0.252,9825275.76,1940.25,480573.7,1264178.15,723.0084,536.508,190120.521,89.30038562705496,9221340.261999998,4331.301203381869,10617641.8405,4987.149760685767,20617587,9684,9137099,4291,Rural,110900,39531,1873962,631433.0326775201,233371,1844.5622402536403,0.34,81,545,307,150,13,470,0.024,5.553,8996,19151721
1900,FRANKLIN COUNTY,1211,2801530,1229.878520231214,10361425.922,8556.090769611892,8409146.81,1952279.112,1952279.112,2500248.2786999997,2.1475970546666097,7162297,5914.365813377374,6943.969289843105,9260178.81,7646.720734929809,41,83,88,84,77,79,74,79,100,103,101,122,100,63,1211,69724254,3442611.43,563.8860406185433,0.314,5208620.27,1086.38889,271608.29,732875.52,311.59029999999996,380.254,69724.254,57.5757671345995,7307899.697999999,6034.599255161023,6759930.531299999,5582.106136498761,10847274,8957,3442611,2842,Rural,76600,40219,1232123,348749.86243464,275179,1612.121479768786,0.26,1,302,208,79,5,292,0.059,2.077,9134,11061250
2000,GEORGE COUNTY,4165,2801560,1099.6429579831934,30804624.96,7396.068417767107,25442782.88,5361842.08,5361842.08,7566356.8476,8.701916152125772,22230598,5337.478511404562,6108.7113757503,28023543.88,6728.341867947179,123,314,334,328,303,299,292,318,334,312,297,255,273,254,4165,191494360,9944452.61,478.63021513744894,0.201,14084643.9,3607.17978,932630.86,2055456.02,1003.3485,837.1650000000001,191494.36,45.977037214885954,22661701.799999997,5440.984825930372,20457187.032399997,4911.68956360144,32399148,7778,9944452,2387,Rural,110800,47292,2616531,1193583.48423916,534023,1287.3570420168066,0.24,48,1237,521,188,13,722,0,8.309,8266,34428330
2100,GREENE COUNTY,1640,2801590,2093.6858093292685,13975838.2827,8521.852611402439,10774043.01,3201795.2727,3571711.892,3201795.2727,2.3013007668174144,9199826,5609.65,6569.538420731707,11858501.01,7230.793298780488,0,149,149,134,106,124,147,121,129,131,157,103,83,90,1640,127561139,6635647.57,712.6404438947105,0.234,6685145.14,1503.28556,382168.28,956220.73,425.58,383.76,127561.139,77.78118231707317,8286789.118,5052.920193902439,8656705.7373,5278.4791081097555,16071301,9799,6635647,4046,Rural,77700,49677,1159160,484975.38268264,433484,1952.3141906707317,0.26,8,711,187,84,7,278,0.057,2.256,8885,14571077
7620,GREENVILLE,3542,2801620,1770.7298814229248,27385928.68,7731.769813664596,21983421.92,5402506.760000001,5402506.760000001,6532993.4184,94.38547615181574,18699214,5279.281197063806,6206.49969508752,24196271.92,6831.245601355166,110,250,289,315,303,271,287,261,285,247,294,198,198,163,3542,192946670,11675470.27,37.52696012575936,0.4270000000000001,16480297.61,3148.30556,793554.33,1936298.59,2226.5012,1512.4340000000002,192946.67,54.473932806324115,18793765.159999996,5305.975482778091,17663278.501599997,4986.8092889892705,30929039,8732,11675470,3296,Town,73000,26150,1973598,1072265.7975342,421923,1525.2701185770752,0.63,6,642,326,89,11,426,0,166.117,8835,31293364
4211,GREENWOOD-LEFLORE CONS,4030,2800198,1282.1405207940447,30650488.2612,7605.580213697271,23630794.56,7019693.7012,8108869.272,7019693.7012,6.784593962589694,20329784,5044.6114143920595,5863.720734491315,25998865.56,6451.331404466501,106,291,355,301,330,215,324,316,212,265,359,335,290,272,4030,289602474,12187376.13,593.9928052027067,0.473,16341008.19,3518.66111,912529.04,2114143.52,2369.237,1906.19,289602.474,71.86165607940447,17889996.288,4439.205034243176,18979171.8588,4709.4719252605455,32791498,8136,12187376,3024,NA,NA,NA,2360351,1162888.8850842,371679,1741.8594792059553,0.59,98,1100,315,182,9,506,0.019,6.097,9101,36675400
2220,GRENADA,3864,2801680,755.214463768116,30633768.022,7927.993794513458,23980788.71,6652979.312,6652979.312,7131604.961700001,9.15500837734796,22643366,5860.084368530021,6206.208258281574,26413351.71,6835.753548136646,152,346,334,279,271,252,266,250,281,288,280,258,245,253,3864,237606404,9572418.34,422.0640594453864,0.344,15370924.91,3285.71111,859235.85,1956298.86,1155.7224,1329.216,237606.404,61.492340579710145,19760372.398,5113.9680119047625,19281746.7483,4990.100090139752,30737672,7954,9572418,2477,Town,105000,40122,3357478,1112608.06346152,380913,1721.785536231884,0.3,5,1087,290,418,31,739,0,8.489,8743,33781136
2421,GULFPORT,6113,2801710,3363.842131343039,47785440.9811,7817.019627204319,36836092.93,10949348.0511,12165904.828000002,10949348.0511,271.24536213882203,32914005,5384.263863896614,6025.8617585473585,40553140.93,6633.918032062817,81,484,523,498,449,482,456,466,460,485,549,416,360,401,6113,434496601,31515294.04,22.53679086638686,0.32799999999999996,22103133.67,5786.39444,1394972.68,3099817.25,2723.9528,2005.064,434496.601,71.07747439882219,28387236.102,4643.748748895796,29603792.8789,4842.7601634058565,63856597,10446,31515294,5155,City,135900,36464,4718089,1856002.90003748,560025,1791.1578686569608,0.45,320,1542,600,386,25,1011,0,256.549,8832,53990136
2300,HANCOCK COUNTY,4060,2801740,2900.9572360591133,33037286.7016,8137.262734384237,25469273.08,7568013.6216,12012236.936,7568013.6216,10.288330364717131,22007459,5420.556403940886,6273.21997044335,28029680.08,6903.86208866995,5,296,342,338,316,302,289,295,319,344,337,314,293,241,4060,429008462,19348284.81,394.62185369974026,0.211,10670942.95,3713.07263,931929.63,2259750.45,953.288,856.6600000000001,429008.462,105.66710886699508,16017443.143999998,3945.183040394088,20461666.458399996,5039.819324729063,41625877,10252,19348284,4765,Rural,135900,53182,3003329,1208492.21282504,628698,1864.0427639408867,0.23,4,1111,488,248,17,753,0,9.851,8342,33869381
2400,HARRISON COUNTY,14355,2801770,2184.869619059561,109974373.5384,7661.05005492163,84779476.92,25194896.618400004,30333828.196,25194896.618400004,31.394760263462175,73342961,5109.227516544758,5905.919673981191,93314431.92,6500.482892371996,0,1047,1232,1180,1070,1093,1091,1141,1155,1253,1296,1087,832,784,14355,1083351007,56565734.38,457.24190532222747,0.226,30180940.03,13107.5533,3296698.16,7221819.76,5001.282,3244.23,1083351.007,75.46854803204458,62980603.72400001,4387.363547474748,68119535.3016,4745.352511431556,130826693,9113,56565734,3940,Rural,147400,51499,9073970,4185580.12706168,966721,1755.1303809404392,0.35,647,3309,1221,948,58,2227,0,31.306,8508,122136643
1820,HATTIESBURG,3667,2801800,4694.690944286883,28071154.297300003,7655.073438041997,21645436.99,6425717.307300001,10077916.016,6425717.307300001,151.6861202731426,18204749,4964.4802290700845,5902.76438232888,23798952.99,6490.033539678212,96,357,347,305,275,269,209,275,237,269,259,256,235,182,3667,359925572,23641465.01,24.174921168771405,0.33899999999999997,16408732.55,3235.37222,828148.16,2079969.83,1979.4466,1243.1129999999998,359925.572,98.15259667302972,13721036.974000003,3741.760832833379,17373235.6827,4737.724483965094,42378784,11556,23641465,6447,City,106900,33639,2403680,1061450.09985564,680291,1752.3090557131177,0.54,230,1430,294,206,23,523,0,142.579,9071,33262931
1520,HAZLEHURST,1368,2801830,2279.8757940789474,10146826.223700002,7417.270631359651,7823792.31,2323033.9137000004,3159608.676,2323033.9137000004,4.141842971712477,6715514,4909.001461988304,5719.146425438596,8603829.31,6289.348910818714,39,101,98,89,125,83,97,123,66,131,105,116,90,84,1368,112843167,5442692.68,330.28775097052744,0.317,4178602.9,1174.90906,309941.99,726902.32,700.6895999999999,433.656,112843.167,82.4876951754386,5444220.634000001,3979.693445906433,6280795.3963,4591.224704897661,12229640,8939,5442692,3978,Town,89900,37137,661335,413062.27066,132461,1698.1242059210529,0.51,27,497,3,3,0,6,0.042,3.804,8425,11524788
2500,HINDS COUNTY,4968,2801860,3943.7282847826086,38457133.4412,7740.968889130435,29652487.56,8804645.8812,12272488.312,8804645.8812,7.8649570458118365,25479863,5128.796900161031,5968.697173913044,32609799.56,6563.969315619968,86,329,320,326,362,309,380,399,367,391,452,434,352,399,4968,438303154,28401203.2,631.6626996259956,0.204,10854508.62,4539.08777,1141362.53,2780140.03,1498.8456,1013.472,438303.154,88.22527254428341,20337311.248000003,4093.661684380033,23805153.6788,4791.697600402576,54132188,10896,28401203,5716,Rural,149700,60334,2923802,1502575.543721,0,1772.2717152173914,0.3,83,1215,393,254,20,667,0.004,7.564,8262,41047935
7611,HOLLANDALE,548,2801890,1663.4268905109489,4672290.464,8526.077489051095,3731608.4,940682.064,940682.064,1109325.618,2.8730051809394253,3244025,5919.753649635037,6809.504379562044,4108613.4,7497.469708029197,40,33,29,32,45,49,36,30,46,47,47,35,37,32,548,33595788,1852461.6,190.74104134431565,0.366,4336243.53,486.931409,123415.81,327941.59,400.7524,200.568,33595.788,61.306182481751826,3167931.336,5780.896598540146,2999287.7819999997,5473.152886861313,5132712,9366,1852461,3380,Rural,67300,32604,335956,153181.21180896,0,1716.5731094890511,0.73,0,26,33,36,2,71,0.047,3.322,9629,5276884
4720,HOLLY SPRINGS,1025,2801950,3226.848244390244,8414652.399500001,8209.416975121952,6488521.850000001,1926130.5495,2606961.5039999997,1926130.5495,5.711054768038826,5870114,5726.940487804878,6330.2652195121955,7133816.850000001,6959.8213170731715,17,75,87,90,88,68,73,85,63,71,96,86,72,43,1025,93105768,5233731.99,179.47647879972698,0.32899999999999996,4063947.91,930.405556,236079.49,637854.36,440.75,337.22499999999997,93105.768,90.83489560975607,4526855.346000001,4416.444240000001,5207686.3005,5080.6695614634145,10848319,10583,5233731,5106,Town,88900,36744,977384,314546.69534688,162627,1879.1517556097565,0.43,24,419,126,71,4,201,0.025,5.465,9204,9433790
2611,HOLMES CONSOL,2544,2800195,1203.0204968553458,19221156.456,7555.486028301887,15672328.6,3548827.856,3548827.856,4658891.742000001,3.362543650442076,13537544,5321.361635220126,6160.506525157232,17255154.6,6782.686556603774,101,188,176,170,203,134,161,223,174,202,213,220,188,182,2544,126743852,6609648.9,756.5701042023762,0.433,20286509.1,2157.23261,569395.68,1331077.92,1439.3952,1101.552,126743.852,49.820696540880505,13706326.744,5387.70705345912,12596262.858,4951.361186320755,20381503,8011,6609648,2598,Rural,60400,21504,1299812,731409.31790552,344157,1394.9795031446542,0.57,10,892,204,105,3,312,0.05,3.024,9296,23649650
2700,HUMPHREYS COUNTY,1207,2802040,703.8470787075391,10690063.676,8856.722183927091,8273465.1,2416598.5760000004,2416598.5760000004,2463073.677,2.883267672983574,7296613,6045.246893123446,6854.569262634631,9122495.1,7557.990969345485,0,78,63,66,105,56,79,108,106,114,121,123,95,68,1207,86307092,3266347.3,418.6222497861288,0.433,4763728.07,1194.56182,277451.84,608771.26,767.5313,522.631,86307.092,71.50546147473074,6705896.523999999,5555.838048053023,6659421.4229999995,5517.333407622204,10653589,8826,3266347,2706,Town,69100,28962,906418,367458.94291916,234793,2002.1529212924609,0.64,0,546,79,44,3,126,0.053,2.68,9489,11453435
2900,ITAWAMBA COUNTY,3375,2802100,878.2934672592594,27709042.688,8210.08672237037,23082908.14,4626134.5479999995,4626134.5479999995,6863000.707800001,6.33538802246196,19941628,5908.630518518518,6839.38018962963,25418521.14,7531.413671111111,0,283,271,256,248,258,227,249,285,268,234,269,230,217,3375,165219091,7590614.85,532.7219087503436,0.159,7372394.53,3113.61667,774387.48,1986813.66,604.4625,536.625,165219.091,48.953804740740736,20792386.592,6160.707138370371,18555520.4322,5497.931979911111,27912321,8270,7590614,2249,Rural,87600,44567,2705112,991291.2717994,431103,1370.7065327407406,0.18,24,898,338,389,17,744,0.019,6.077,8792,29674083
3000,JACKSON COUNTY,8906,2802160,2658.1635594767577,67089914.929299995,7533.114184740623,51719615.59,15370299.3393,16684565.715999998,15370299.3393,17.340467993401976,44651755,5013.671120592859,5807.277744217381,56927034.59,6391.98681675275,0,622,676,645,613,664,642,690,709,713,791,697,686,589,8906,595877347,39052547.89,513.5962883694212,0.152,19167342.79,8023.70787,2053657.83,4357233.76,1414.2728,1353.712,595877.347,66.90740478329215,40242468.874,4518.57948282057,41556735.2507,4666.150376229508,84361271,9472,39052547,4384,Rural,146700,56700,4881551,2579227.0511712,675496,1725.8364405232426,0.16,190,1686,766,473,36,1275,0,16.443,7969,70969152
2520,JACKSON PUBLIC,18710,2802190,3408.0481803099947,144925832.8664,7745.902344543026,111772614.32,33153218.5464,35388877.888000004,33153218.5464,179.73901008717698,97624406,5217.766221272047,5973.9505248530195,122789698.32,6562.78451737039,800,1273,1357,1325,1473,1134,1365,1361,1046,1280,1775,1560,1339,1336,18710,1263888496,96927943.61,104.09537690746866,0.401,67919104.22,16679.1833,4155700.27,11759441.05,10088.432,7502.71,1263888.496,67.55149631213256,87400820.43199998,4671.342620630678,89636479.7736,4790.832697680385,192785416,10303,96927943,5180,City,89100,38399,10955513,5655999.46667,1437620,1771.951819690005,0.54,469,4631,1142,1011,38,2191,0,149.22,8786,164379588
3300,JEFF DAVIS COUNTY,1235,2802250,2751.483113846153,10669708.0744,8639.439736356275,8227474.72,2442233.3544000005,2990386.364,2442233.3544000005,3.02406815418243,6801130,5506.987854251012,6661.922850202429,9045308.72,7324.136615384616,0,91,106,80,112,83,95,91,89,92,107,92,99,85,1235,106799513,5841123.54,408.39026669816826,0.37200000000000005,7500445.03,1128.20879,288437.71,823222.01,465.9655,459.4200000000001,106799.513,86.47733846153847,6054922.356000001,4902.771138461539,6603075.3656,5346.61972923077,12956938,10491,5841123,4729,Rural,94600,32116,911544,373889.82572456,250985,1977.5168861538464,0.38,3,475,145,50,7,202,0.051,2.925,8995,11108588
3200,JEFFERSON COUNTY,1063,2802220,1641.502190028222,8399079.692,7901.297922859831,6880586.52,1518493.172,1518493.172,2046301.2504,2.044774724268764,5866334,5518.658513640639,6472.800112888052,7578893.52,7129.7210912511755,38,83,81,72,73,69,82,79,74,79,100,90,56,66,1063,54231899,3264024.33,519.8616685660282,0.429,7157999.7,935.093407,235845.75,568908.77,539.6851,456.027,54231.899,51.0177789275635,6060400.347999999,5701.223281279397,5532592.269599999,5204.696396613358,9339856,8786,3264024,3070,Rural,63400,25019,660344,303146.53469380003,176238,1428.497809971778,0.51,0,397,97,59,4,160,0.061,1.913,9429,10023424
3400,JONES COUNTY,8524,2802280,1609.38579680901,65530051.628,7687.711359455654,54844244.16,10685807.468,10685807.468,16320890.9232,12.532828035582142,49078756,5757.714218676678,6434.097156264664,60447744.16,7091.476320976067,213,624,688,620,597,641,573,626,628,652,679,672,560,556,8524,381635981,24411833.97,680.1338034639415,0.206,18990452.13,7660.86304,1923229.75,4166069.41,2010.8116,1755.9440000000002,381635.981,44.77193582824965,49761936.691999994,5837.862117785076,44126853.2368,5176.7777143125295,73166778,8583,24411833,2863,Rural,102600,46981,6678155,2496790.02543584,718492,1253.61420319099,0.24,601,1766,870,631,120,1621,0,12.134,8561,72969705
3500,KEMPER COUNTY,884,2802310,6965.165415045249,7993727.3031,9042.67794468326,6166645.53,1827081.7731,9677971.52,1827081.7731,1.1539308915126445,5063006,5727.382352941177,6975.8433597285075,6766969.53,7654.942907239819,22,64,69,47,57,58,48,64,52,68,79,107,72,52,884,345641840,7984702.55,766.0770731609392,0.38,4120973.57,806.191011,200784.44,742557.09,434.044,335.92,345641.84,390.997556561086,-2911001.990000001,-3292.9886764705893,4939887.7569,5588.108322285068,13208006,14941,7984702,9032,Rural,73600,31103,662251,267481.76264832,212390,2066.8345849547513,0.49,0,305,74,54,2,130,0.069,1.131,9436,8341441
0420,KOSCIUSKO,2123,2802340,1304.8111521431938,16354065.654,7703.281042863871,13300790.73,3053274.9239999996,3053274.9239999996,3950008.9371,13.88364053689658,11686571,5504.743758831842,6265.092195007066,14629662.73,6891.032845030617,126,150,149,149,130,139,160,187,141,172,185,147,110,161,2123,109045533,5823437.56,152.91378326585195,0.301,9306818.41,1876.07778,459536.91,1279002.82,686.1536,639.023,109045.533,51.36388742345737,11576387.806000002,5452.843997173812,10679653.7929,5030.453976872351,17385688,8189,5823437,2743,Town,97600,32570,1771548,642541.40936476,37629,1438.1888478568062,0.32,25,497,230,172,5,407,0,12.404,8607,18272308
3600,LAFAYETTE COUNTY,2872,2802370,2596.703192200557,22266778.982,7753.056748607242,17280134.55,4986644.432,4986644.432,5131261.0485,5.265027287859731,14682761,5112.381963788301,6016.7599408077995,19004670.549999997,6617.225121866294,88,209,223,193,212,172,210,218,207,238,233,241,176,211,2872,178094444,12444490.33,545.4862516329878,0.157,4294321.9,2487.40988,642089.47,1633197.08,462.1047999999999,450.904,178094.444,62.01060027855153,14018026.117999995,4880.928314066851,13873409.501499996,4830.574338962395,27449338,9557,12444490,4333,Town,149100,53438,1883710,811507.5966999601,343697,1736.2968077994428,0.16,51,762,371,173,26,570,0.032,4.774,8564,24595086
3700,LAMAR COUNTY,10276,2802400,1947.812568119891,79915744.05,7776.931106461658,61622538,18293206.05,18456790.856,18293206.05,18.4821098768896,57470339,5592.676041261191,5996.743674581549,67752615,6593.286784741144,256,785,759,698,727,684,761,721,775,815,923,849,712,639,10276,659171102,38313782.71,555.9971274085605,0.16699999999999998,22842073.31,9204.80556,2338823.16,5947122.84,1911.336,1716.092,659171.102,64.14666231996885,49295824.144,4797.1802397820165,49459408.95,4813.099352861036,91650374,8918,38313782,3728,Rural,177100,60830,7523075,3018306.42710432,905221,1780.187431880109,0.19,330,2874,1223,792,42,2057,0,18.161,8428,86602431
3800,LAUDERDALE COUNTY,5910,2802430,1427.2747289340102,46427507.172,7855.754174619289,37073600.82,9353906.352,9353906.352,11018307.1014,9.094489642445753,32009830,5416.21489001692,6273.0289035533,40808544.82,6904.999123519458,79,451,471,407,404,394,421,428,447,428,496,506,427,439,5910,334068084,17790339.4,649.8440519869175,0.185,12958370.16,5234.47296,1350561.68,3226031.14,1491.684,1093.35,334068.084,56.52590253807106,31454638.468,5322.273852453469,29790237.718599997,5040.649360169205,50287347,8508,17790339,3010,Rural,114600,52855,3790720,1716854.16987404,890464,1582.7252710659898,0.25,0,1945,556,391,42,989,0,8.942,8386,49560954
3420,LAUREL,2712,2802460,3723.575739823009,19887928.2736,7333.306885545723,15333329.68,4554598.5936,6061171.2,4554598.5936,185.55971238482408,15119073,5574.879424778761,5653.882625368731,16868883.68,6220.089852507374,111,227,227,224,220,168,212,203,187,189,202,182,175,148,2712,216470400,14655250.7,14.615241450556374,0.336,8772059.28,2311.04469,603054.54,1369722.14,1291.1832000000002,911.232,216470.4,79.81946902654867,10807712.48,3985.144719764012,12314285.0864,4540.665592330383,28015803,10330,14655250,5403,Town,84700,31481,1752686,818523.83752272,182120,1679.4242601769913,0.48,204,362,223,198,22,443,0,135.77,8926,24207756
3900,LAWRENCE COUNTY,1696,2802490,2403.237541332547,14406971.499899998,8494.676591922169,11108654.37,3298317.1299,3469638.06,3298317.1299,3.9392133131142626,9340471,5507.353183962264,6549.914133254717,12215989.37,7202.823920990566,0,146,128,121,137,110,133,124,106,140,146,158,119,102,1696,123915645,7374467.95,430.5428178651175,0.257,4744510.8,1567.43825,394790.36,1079159.01,556.9664,435.872,123915.645,73.06346992924529,8746351.309999999,5157.046762971698,8917672.2401,5258.061462323113,17009172,10028,7374467,4348,Rural,94800,41914,1246734,517424.265804,300491,1944.7624586674528,0.33,33,547,223,75,9,307,0.041,3.898,8867,15038365
4000,LEAKE COUNTY,2532,2802520,661.3941374407582,20484122.064,8090.095601895734,16752952.02,3731170.044,3731170.044,4982155.2954,4.344414921585149,14271744,5636.549763033176,6616.489739336493,18452427.02,7287.688396524486,0,200,214,182,170,164,183,153,179,221,230,214,146,178,2532,133256073,5407327.41,582.8172597925218,0.289,10802074.2,2305.08907,585523.89,1380629.13,793.2756,731.7479999999999,133256.073,52.62878080568721,14721256.976,5814.082533965245,13470271.724599998,5320.012529462874,20194126,7975,5407327,2135,Town,83300,37096,2171897,753334.28731416,330948,1473.6058625592418,0.31,278,658,236,213,26,475,0.039,4.107,9124,23101340
4100,LEE COUNTY,6303,2802550,2148.8404848484847,49787871.654,7899.0753060447405,39506673.23,10281198.424,10281198.424,11727518.9121,20.45800627480389,33279992,5280.024115500555,6267.915790893225,43435255.23,6891.20343169919,0,501,507,496,465,426,464,476,487,499,522,530,428,433,6303,367185658,23825813.85,308.0945384087982,0.196,12212271.08,5627.86111,1458784.26,3866068.97,1550.538,1235.388,367185.658,58.25569696969697,33154056.80599999,5260.043916547675,31707736.317899995,5030.578505140408,58007633,9203,23825813,3780,Rural,121200,49723,3681223,1827354.36881476,540267,1631.1595151515153,0.25,138,1458,681,360,13,1054,0,20.939,8276,52160821
4225,LEFLORE LEGACY,300,.,NA,2387339.6152238213,7957.7987174127375,1902417.16,484922.4552238213,484922.4552238213,569206.2132000001,Inf,1703264,5677.546666666667,6341.390533333334,2108171.16,7027.2372000000005,0,0,0,0,0,0,0,89,5,87,0,0,0,0,241,17318659.115136474,772039.69,0,0.473,1012642.76,180.584932,55396.87,56793.29,168.66,141.9,17318.659115136474,57.72886371712158,1623248.7047761788,5410.829015920596,1538964.9468,5129.883156,NA,NA,NA,NA,NA,NA,NA,46028,98796.61876488,0,1616.4081840794042,0.56,0,0,9,12,0,21,0.076,0.373,8970,2691095
7612,LELAND,700,2802610,3711.524224857143,5662226.4226,8088.894889428571,4366193.38,1296033.0426,1821726.508,1296033.0426,3.6728497041148818,3691126,5273.0371428571425,6237.419114285714,4800122.38,6857.317685714285,42,43,40,50,54,44,57,55,53,66,54,43,45,29,700,65061661,3894638.12,190.5877061116207,0.305,5355699.91,631.15,152867.31,437800.07,412.72,213.5,65061.661,92.94523,2978395.872,4254.851245714286,3504089.3373999996,5005.841910571428,7670164,10957,3894638,5563,Town,72000,38088,403540,196738.47161756,139560,1851.4757751428572,0.59,8,226,73,26,1,100,0.046,3.373,9389,6572563
4300,LINCOLN COUNTY,2795,2802640,1001.8069223613596,21972495.012,7861.357786046511,18654290.36,3318204.652,3318204.652,5552462.8872,6.414606713935994,16291711,5828.876923076923,6674.164708407871,20564677.36,7357.66631842576,0,218,247,188,207,207,218,221,227,219,240,237,176,171,2795,118507309,6118841.939999999,435.7242968501481,0.204,4856062.13,2580.22472,649101.73,1383288.63,654.8685,570.18,118507.309,42.39975277280858,17246472.708,6170.47324078712,15012214.4728,5371.096412450805,22740741,8136,6118841,2189,Rural,95000,50288,1605913,815307.9485986,325768,1187.1930776386405,0.23,12,974,319,132,9,460,0.014,6.613,8350,23338566
2422,LONG BEACH,2929,2802670,2012.5150071696823,23289431.904,7951.325334243769,19038032.36,4251399.544,4251399.544,5665847.4972,180.4985717233992,17060468,5824.6732673267325,6499.840341413452,20984620.36,7164.431669511779,37,194,226,211,178,214,242,216,199,245,269,237,208,205,2929,151835698,10147927.49,16.227275219044266,0.171,10563525.94,2663.46667,668969.81,1432179.55,671.3267999999999,500.859,151835.698,51.838749743939914,16733220.816,5712.946676681461,15318772.862799998,5230.035118743598,27084810,9247,10147927,3464,Suburb,151300,53491,2371597,852141.64659312,222298,1451.4849928303174,0.23,60,636,285,217,12,514,0,123.097,8350,24457194
8020,LOUISVILLE,2523,2802700,1646.3373412604042,20530391.858,8137.293641696393,15977227.97,4553163.888,4553163.888,4745276.4519,4.155359423044693,13490290,5346.9242964724535,6332.630982956797,17575097.97,6965.952425683709,39,173,208,176,155,145,184,163,214,234,212,206,189,185,2523,162612996,8706891.66,607.1676943294018,0.3,8989137.49,2317.5366,574304.27,1500172.7,953.9463,756.9,162612.996,64.45223781212843,13021934.082,5161.289766944114,12829821.5181,5085.145270749108,22609642,8961,8706891,3451,Town,84900,34724,1458545,767365.87391684,483678,1804.662658739596,0.38,14,806,207,94,8,309,0.04,3.981,8669,21873112
4400,LOWNDES COUNTY,5261,2802730,4385.133275460939,41164206.9778,7824.4073327884435,31731935.14,9432271.8378,14721070.056,9432271.8378,11.971104316286183,27400597,5208.248812012926,6031.540608249383,34934340.14,6640.247127922448,133,366,424,356,356,354,401,355,421,403,482,401,341,389,5261,525752502,32506676.7,439.4749106682356,0.182,11894740.24,4739.23333,1197694.37,2670741.77,1235.8089,957.502,525752.502,99.9339482988025,20213270.084,3842.096575555978,25502068.3022,4847.380403383388,60370175,11475,32506676,6178,Rural,139400,61457,3521717,1550810.29741144,514790,1792.866724539061,0.23,44,1424,558,321,32,911,0,11.488,8308,43710194
4500,MADISON COUNTY,13162,2802790,4436.726189044218,100539377.6398,7638.609454475005,77528597.74000001,23010779.899800003,43065030.428,23010779.899800003,24.987582801714243,65947698,5010.461783923416,5890.335643519223,85225110.74000001,6475.088188725119,85,888,1009,942,929,917,1001,943,978,1038,1151,1128,992,916,13162,1538036801,81414049.97,526.7416262087198,0.101,18540132.69,11965.6851,3033504.59,7529248.15,1684.736,1329.362,1538036.801,116.8543383224434,42160080.31200001,3203.1667156967032,62214330.84020001,4726.814377769337,148379894,11273,81414049,6185,Suburb,228300,83293,6936614,3809644.23340488,1200043,1748.273810955782,0.13,722,4686,803,843,79,1725,0,23.128,8074,106271475
4600,MARION COUNTY,1904,2802820,1470.3465441176472,16065281.569999998,8437.64788340336,13228981.39,2836300.1799999997,2836300.1799999997,3935226.6153,3.999376131653976,11385341,5979.695903361345,6947.994427521007,14574913.39,7654.891486344537,40,144,147,119,138,116,128,166,148,175,177,154,120,114,1904,101296435,5635882.7,476.0742519140315,0.27399999999999997,9011834.97,1727.22803,436162.7,1082127.69,614.8016,521.6959999999999,101296.435,53.20190913865546,11738613.21,6165.238030462185,10639686.7747,5588.070785031512,17346573,9110,5635882,2960,Rural,86200,32855,1346342,567705.08742668,483338,1489.6534558823528,0.32,8,732,267,100,2,369,0.043,3.732,8929,17001687
4700,MARSHALL COUNTY,2777,2802850,1980.0644291321569,21643019.9703,7793.669416744688,16686253.89,4956766.0803000005,9647182.244,4956766.0803000005,5.273335491402194,13925285,5014.506661865323,6008.733845876845,18358392.89,6610.872484695715,0,213,223,189,234,185,239,216,175,217,272,208,197,160,2777,344542223,10457297.79,526.6116681799792,0.278,9336823.97,2487.44911,640687.01,1496618.88,795.8882000000001,772.0060000000001,344542.223,124.06993986316168,8711210.646000002,3136.9141685271884,13401626.8097,4825.936913827873,25006245,9004,10457297,3765,Rural,113500,46662,1722545,806245.6398436,195664,1784.9355708678431,0.29,251,785,214,139,17,370,0.03,5.025,8599,23879310
5720,MCCOMB,2140,2802880,2162.033589859813,17066555.6277,7975.025994252337,13158987.51,3907568.1177,3973191.964,3907568.1177,48.53163931791994,11284482,5273.1224299065425,6149.059584112149,14472474.51,6762.8385560747665,61,153,181,162,165,138,135,161,128,201,177,169,132,126,2140,141899713,8534905.3,44.09494569061098,0.37200000000000005,9335373.91,1879.98276,478937.5,1251661.01,1095.466,796.0800000000002,141899.713,66.30827710280373,10499282.546,4906.2067971962615,10564906.3923,4936.872145934579,19963294,9328,8534905,3988,Town,96100,28571,1699242,655404.0700184,396130,1825.966410140187,0.51,0,631,161,133,7,301,0,44.827,8835,18906017
3820,MERIDIAN,4614,2802910,3154.123559297789,34468573.517400004,7470.432058387517,26583817.62,7884755.897400001,10295364.352,7884755.897400001,85.86799935428624,23010848,4987.179887299523,5761.555617685306,29202799.62,6329.172002600781,169,342,368,370,423,250,318,382,259,324,353,366,304,256,4614,367691584,22438180.79,53.73363808050205,0.363,17171470.7,4011.7486,1024257.75,2772313.87,2781.7806,1674.882,367691.584,79.6904169917642,18907435.268,4097.840326831382,21318043.7226,4620.295561898569,45225426,9801,22438180,4863,Town,83300,32422,3002434,1390905.5237884,469928,1708.8764407022109,0.6,58,1057,227,425,33,685,0,51.575,9242,42640498
2525,MIDTOWN PUBLIC CHARTER,360,.,NA,2815134.768674078,7819.818801872439,2277965.27,537169.498674078,537169.498674078,679988.3229,Inf,1796056,4989.044444444445,6327.681305555556,2518475.27,6995.764638888889,0,0,0,0,0,23,33,97,63,68,0,0,0,0,284,19184624.952645645,1066233.8,0,0.401,775995.33,211.281081,65214.04,120124.23,207.75599999999997,144.36,19184.624952645645,53.29062486846013,1981305.771325922,5503.627142572006,1838486.9471,5106.908186388889,NA,NA,NA,NA,NA,NA,NA,80150,107764.05297884,0,1492.1374963168837,0.58,0,0,35,34,0,69,0.047,3.326,9577,3447850
4800,MONROE COUNTY,2119,2802940,875.9542935346863,17797772.792,8399.137702689948,14074592.94,3723179.852,3723179.852,4180705.3638,5.3506959268187595,12254150,5782.987258140633,6642.091996224634,15484093.94,7307.264719207173,0,159,169,162,143,169,130,141,174,161,186,179,143,163,2119,132970709,5580181.42,396.0232517379931,0.154,4217787.34,1931.62778,490390.86,1320409.08,307.4669,326.326,132970.709,62.75163237376121,11760914.088,5550.219012741859,11303388.5762,5334.303245021236,17843974,8420,5580181,2633,Rural,102700,46754,1801989,624709.47086344,515714,1757.0457064653135,0.15,5,723,280,119,13,412,0.028,5.219,8482,17972460
3020,MOSS POINT,1569,2803000,4014.86210917782,15350276.7607,9783.477858954748,11832362.41,3517914.3507000003,4780407.772,3517914.3507000003,15.13929963563353,10544373,6720.441682600383,7541.339968132568,13029312.41,8304.214410452518,21,128,127,118,107,109,114,129,121,128,110,134,103,94,1569,170728849,9817268.919999998,103.63755508920823,0.297,10835532.81,1360.7095,362300.21,1055633.2,834.7080000000001,465.993,170728.849,108.81379796048438,8248904.638,5257.428067558955,9511398.0593,6062.076519630337,20231697,12894,9817268,6257,Suburb,94200,41902,1283115,461588.80831628,330910,2242.13789082218,0.53,63,553,137,115,2,254,0,14.587,9096,14272134
0617,N. BOLIVAR CONS,780,2800186,1606.5969487179486,7540950.29,9667.884987179486,6524295.91,1016654.38,1016654.38,1942011.6957000005,3.782567737887613,5777924,7407.594871794872,8364.481935897436,7192635.91,9221.32808974359,0,52,49,55,63,58,72,73,77,60,71,61,5,47,780,36309085,2269876.21,206.2091293666015,0.605,5382890.59,752.995912,181851.33,527345.58,468.234,471.9,36309.085,46.55010897435897,6175981.53,7917.925038461539,5250624.2143,6731.569505512821,8084975,10365,2269876,2910,Rural,66600,24072,452787,246433.93522288,232073,1303.4030512820514,0.6,4,338,74,29,3,106,0.045,3.524,9430,7355100
7011,N. TIPPAH,1286,2803270,1517.7038227060652,10034672.964,7803.011636080871,8701996.08,1332676.884,1332676.884,2588901.2316,6.591795771029581,7718495,6001.940124416797,6766.715458786936,9588523.08,7456.0832659409025,40,94,113,103,103,77,72,110,92,89,101,97,94,83,1286,47595603,3285728.73,195.09099563610084,0.257,4015698.98,1149.93333,292645.07,695852.01,228.1364,330.502,47595.603,37.01057776049767,8255846.196,6419.787088646967,6999621.8484000005,5442.940784136859,10999227,8553,3285728,2554,Rural,81900,36925,895049,378274.64059772,59502,1036.2961772939348,0.18,1,424,249,66,2,317,0.018,6.233,8600,11059887
0130,NATCHEZ-ADAMS,2842,2803030,3335.2717904644614,23068438.0215,8116.973265833919,17785932.45,5282505.571500001,8975601.04,5282505.571500001,6.147788994401961,14958555,5263.390218156228,6258.245056298381,19564835.45,6884.178553835327,5,211,254,207,246,181,189,214,188,192,213,206,200,210,2842,320557180,14761348.69,462.2800168626252,0.355,11681465.56,2595.44725,654711.54,1653340.91,1340.8556,1008.91,320557.18,112.79281491907108,10589234.41,3725.979736101337,14282329.8785,5025.450344299788,30239228,10640,14761348,5194,Town,92100,29936,2264097,827001.6833031999,271731,1858.7282095355383,0.47,5,772,310,177,9,496,0.022,5.836,9037,25684151
5000,NESHOBA COUNTY,3038,2803060,772.3748387096773,25738351.200000003,8472.136668861094,22239713.96,3498637.24,3498637.24,6628877.989200001,5.748375346656347,19744138,6499.057932850559,7320.511507570771,24551399.96,8081.435141540487,40,239,250,220,187,216,208,204,241,249,262,249,222,204,3038,124951330,5845157.82,528.4971521157036,0.281,15123730.02,2718.44134,692577.75,1433615.21,858.8426000000001,853.6780000000001,124951.33,41.12947004608295,21052762.72,6929.809980250164,17922521.9708,5899.447653324556,25958678,8544,5845157,1924,Town,83300,40115,2625575,903592.28920768,304320,1151.6251612903227,0.28,6,1064,432,149,19,600,0.023,5.692,8692,26407708
4111,NETTLETON,1112,2803090,1111.3625287769785,8789065.658000002,7903.836023381296,7534020.790000001,1255044.868,1255044.868,2239860.8133000005,11.342668168121282,6901220,6206.13309352518,6775.198552158275,8295780.790000001,7460.234523381296,0,80,90,66,80,83,85,84,92,105,100,77,80,78,1112,44823031,2491966.27,98.03689780199078,0.222,2793832.13,1060.01667,258518.73,647574.06,294.7912,246.864,44823.031,40.30848111510792,7040735.922000001,6331.597052158275,6055919.9767000005,5445.9712020683455,9119894,8201,2491966,2240,Rural,89200,39620,736190,339687.55367964,96437,1128.6374712230215,0.27,13,336,128,61,11,200,0,10.921,8431,9375516
7320,NEW ALBANY,2114,2803120,2403.000013245033,16627582.752,7865.460147587512,13621474.78,3006107.972,3006107.972,4050099.0306000006,27.529134906579134,12210763,5776.141438032167,6443.460160832546,15000366.78,7095.726953642385,39,194,183,156,163,159,144,146,154,171,164,150,140,120,2114,107360999,8088117.23,76.79137056699805,0.225,4842368.61,1924.71508,482677.38,1141325.4,465.2913999999999,475.65,107360.999,50.785713812677386,11994258.808000002,5673.726966887418,10950267.7494,5179.880676158941,20085589,9501,8088117,3825,Rural,106800,45216,1685398,617693.23004068,414684,1421.9999867549668,0.22,198,711,282,123,3,408,0,27.412,8484,17934777
5100,NEWTON COUNTY,1688,2803150,1445.1336611374406,13548095.05,8026.122659952607,11485584.67,2062510.38,2062510.38,3416841.2709000004,4.169815704645208,10087533,5976.0266587677725,6804.256321090047,12654967.67,7497.0187618483405,20,143,148,110,103,107,116,118,126,147,145,132,114,129,1688,73661085,4501917.6,404.81405404069886,0.235,5342700.56,1518.53889,386375.64,924635.03,329.8352,396.6799999999999,73661.085,43.638083530805694,10592457.29,6275.152422985781,9238126.3991,5472.823696149289,14676491,8694,4501917,2667,Rural,88600,36958,1271315,497838.04333628,194110,1221.8663388625594,0.2,0,397,100,120,4,224,0.041,3.926,8405,14187917
5130,NEWTON MUNICIPAL,816,2803180,2393.810338235294,6963575.964000001,8533.794073529412,5369773.2,1593802.7640000002,2037048.356,1593802.7640000002,5.953516099013701,4758267,5831.20955882353,6580.604411764706,5902973.2,7234.035784313725,21,52,61,53,68,49,85,54,61,64,70,58,41,79,816,72751727,3547304.45,137.06186166779392,0.34700000000000003,5411990.16,781.055556,185357.46,545151.74,340.68,283.15200000000004,72751.727,89.15652818627451,3865924.844000001,4737.65299509804,4309170.436,5280.846122549019,8186568,10032,3547304,4347,Town,83400,32047,649367,245849.47224836,167684,1953.1896617647064,0.42,0,263,75,55,5,135,0.023,5.669,8961,7312135
5411,NORTH PANOLA,1219,2803210,2018.1457378178832,9658508.6256,7923.304861033635,7448639.28,2209869.3456,2455136.796,2209869.3456,4.086010916015262,6466593,5304.834290401969,6110.4505988515175,8184701.28,6714.27504511895,19,79,86,77,129,71,98,98,83,98,126,87,81,80,1219,87683457,4670309.41,298.33498369328555,0.409,3902052.18,1058.11111,277685.58,766625.7,604.5021,498.571,87683.457,71.93064561115668,5729564.484,4700.216968006563,5974831.9344,4901.420782936833,11074637,9085,4670309,3831,Rural,70900,34544,897728,366289.12192728,287541,1812.8542621821168,0.5,0,295,98,76,2,176,0.044,3.64,9152,11156512
5711,NORTH PIKE,2245,2803240,1426.9629309576835,17695491.009999998,7882.178623608017,15326932.79,2368558.22,2368558.22,4563440.8533,17.84537011819581,13545933,6033.823162583519,6827.141554565701,16901632.79,7528.566944320712,0,142,162,166,145,181,195,189,166,185,193,196,146,148,2245,84591365,5573192.04,125.80293852862786,0.265,10739904.63,2039.74444,517504.94,1108270.85,719.747,594.9250000000001,84591.365,37.67989532293987,14533074.569999998,6473.529875278396,12338191.9367,5495.85386935412,19274349,8585,5573192,2482,Town,115600,41738,1752940,648680.50820432,289277,1055.0370690423165,0.32,0,598,268,113,7,388,0,17.112,8407,18872916
5200,NOXUBEE COUNTY,1397,2803300,1417.971679312813,11119638.034000002,7959.654999284182,8870428.47,2249209.564,2249209.564,2641669.8669000003,2.0098901424649593,7611610,5448.5397279885465,6349.626678596994,9783962.47,7003.552233357194,59,115,103,86,113,88,103,92,96,112,120,111,90,88,1397,80328913,4230854.86,695.062864623386,0.39,6357876.46,1222.77222,314383.08,607567.39,780.0848,544.83,80328.913,57.50101145311382,7534752.906,5393.523912670007,7142292.6031,5112.593130350751,12179332,8718,4230854,3028,Rural,59700,33784,1008651,406631.3878546,178319,1610.028320687187,0.56,23,469,80,87,7,174,0.061,1.858,9516,13294017
3021,OCEAN SPRINGS,5861,2803360,2131.56968844907,45398272.146,7745.82360450435,35842320.089999996,9555952.056,9555952.056,10655232.7743,171.81972295410745,32652796,5571.198771540693,6115.39329295342,39463825.09,6733.2921156799175,0,363,436,402,411,429,420,470,484,466,499,498,459,417,5861,341284002,22054499.37,34.11133424749763,0.111,10502145.76,5350.99441,1360846.33,2971475.76,700.9756,650.571,341284.002,58.229653983961775,29907873.03399999,5102.861804128987,28808592.315699995,4915.30324444634,53564497,9139,22054499,3762,Suburb,169400,69055,3772239,1726500.94160356,666214,1630.43031155093,0.12,96,1700,569,370,47,986,0,192.564,8116,47569435
0921,OKOLONA,511,2803390,1960.0426301369864,4719066.236,9234.963279843443,3932659.02,786407.216,786407.216,1168111.8054,4.376051144357698,3344631,6545.26614481409,7696.00590998043,4326340.02,8466.4188258317,0,37,32,35,40,32,53,42,40,41,43,5,44,39,511,28085972,1788241.29,116.77194418965205,0.315,2487390.65,485.8915,118974.71,388343.31,217.686,160.965,28085.972,54.96276320939335,3539932.8039999995,6927.461455968688,3158228.2145999996,6180.485742857142,5213582,10202,1788241,3499,Rural,73300,34412,423757,152304.06982576,245521,1538.9573698630138,0.43,0,223,56,39,6,101,0.036,4.383,9369,4787794
3620,OXFORD,4766,2803450,6509.428924821653,33785559.834300004,7088.871136026019,26047620.090000004,7737939.744300001,17257134.832,7737939.744300001,55.338644048835015,22805461,4785.031682752832,5465.300060847671,28659036.090000004,6013.226204364248,213,339,403,398,329,355,337,334,333,361,339,357,318,297,4766,616326244,38762587.56,86.12426419039325,0.153,9080889.16,4136.77778,1053475.51,2272725.58,824.9946,729.198,616326.244,129.31729836340745,11401901.258000003,2392.341850188838,20921096.345700003,4389.6551291859005,61484006,12900,38762587,8133,Rural,241700,48668,2226845,1382428.57305076,478640,1623.571075178347,0.17,444,1355,472,201,20,693,0,47.305,8108,38642691
3022,PASCAGOULA,6565,2803480,6147.93386399086,51906812.45290001,7906.597479497335,40036858.27,11869954.182900002,28618271.808,11869954.182900002,91.97136281334885,33383043,5085.002741812643,6098.5313434881955,43962793.27,6696.541244478294,97,464,522,446,483,449,459,482,502,466,572,559,456,468,6565,1022081136,52236402.87,71.38091465843918,0.259,23446694.79,5947.53333,1500390.35,4377684.92,2338.453,1700.335,1022081.136,155.68638781416604,15344521.462,2337.3223856816453,32092839.0871,4888.475108469154,86395185,13159,52236402,7956,City,120700,44005,4298928,1924408.33917016,972749,1808.0661360091397,0.36,595,1775,467,368,60,895,0,96.871,8542,56077106
2423,PASS CHRISTIAN,1944,2803510,4852.890608333333,14792634.277399998,7609.379772325102,11405973.62,3386660.6574,6409989.712,3386660.6574,33.32405716240986,9716282,4998.0874485596705,5867.270380658436,12543187.62,6452.257006172839,53,124,126,152,126,130,125,126,145,171,157,172,148,154,1944,228928204,12821808.87,58.33623410635808,0.185,5104203.89,1797.82778,431487.86,1079808.76,531.2952,359.64,228928.204,117.7614218106996,6133197.907999999,3154.9371954732505,9156526.9626,4710.147614506173,22716485,11685,12821808,6595,Suburb,170700,54279,1145622,578229.0011394001,59475,1742.1093916666666,0.27,24,347,146,129,14,289,0,32.23,8267,16070550
6120,PEARL,4216,2803520,2171.1547267552182,32090810.672,7611.672360531309,25328999,6761811.672,6761811.672,7531202.340000001,164.80810330995826,21413125,5079.014468690702,6007.827087286528,27893342,6616.067836812144,5,343,315,302,284,300,285,316,326,359,375,349,254,284,4216,241493274,15918153.37,25.5812664263897,0.202,8569410.22,3639.4581,949460.29,2067694.71,1034.6064,851.632,241493.274,57.28018833017078,21131530.328,5012.222563567363,20362139.66,4829.729520872866,38229997,9067,15918153,3775,Suburb,120700,49944,2972443,1190074.91630636,205305,1603.8452732447818,0.25,201,1140,431,270,13,714,0,44.099,8381,35334708
5500,PEARL RIVER COUNTY,3284,2803540,1409.928598051157,24655720.754,7507.832141900122,20777082.27,3878638.484,3878638.484,6182812.6929,24.66838722208647,18704227,5695.562423873325,6326.760739951279,22899306.27,6972.99216504263,0,256,262,228,247,207,265,261,236,263,275,273,232,218,3284,138522803,8511724.03,133.12584930804556,0.154,5974656.55,2896.71186,759427.99,1552602.28,700.4771999999999,505.736,138522.803,42.18112149817296,19020667.786,5791.920763093787,16716493.5771,5090.284280481121,26976776,8214,8511724,2591,Rural,156400,63540,2106212,974628.25924712,279225,1181.071401948843,0.21,53,777,296,175,20,491,0,24.835,8140,26733346
5600,PERRY COUNTY,933,2803570,2420.9884289389065,8328817.3358,8926.921045873527,6421754.54,1907062.7958,2967449.156,1907062.7958,1.7813553107133002,5497981,5892.798499464095,6882.9094748124335,7063195.54,7570.413226152197,0,80,83,57,66,72,73,71,67,77,70,91,61,5,933,105980327,4166449.57,523.7585081363711,0.27699999999999997,4325843.59,876.65,216445.16,624258.38,353.79359999999997,258.441,105980.327,113.59091854233657,4095746.384,4389.867506966774,5156132.7442,5526.401655091104,9747500,10447,4166449,4465,Rural,85800,46063,736061,278590.13933556003,302157,2044.0115710610935,0.38,0,381,115,56,3,174,0.063,1.698,9294,8671600
1821,PETAL,4392,2803530,1679.0364936247724,34565258.42,7870.049731329691,28192626.7,6372631.72,6372631.72,8390939.769000001,46.874878406649714,24877657,5664.3117030965395,6419.0862249544625,31077554.7,7075.945969945355,57,343,364,314,306,322,321,303,355,383,385,322,293,264,4392,227593990,13747527.52,93.69624304725548,0.16,8976629.82,3949.07303,1004389.68,2087050.02,863.4671999999999,702.72,227593.99,51.8201252276867,24704922.98,5624.982463570128,22686614.931,5165.440558060109,38848714,8845,13747527,3130,Suburb,150300,55825,3319103,1246494.8367686,532536,1450.9635063752276,0.2,157,1140,567,361,27,955,0,48.733,8543,37519965
5020,PHILADELPHIA,829,2803600,2319.0636164053076,6803367.862,8206.71635946924,5245729.6,1557638.262,1720536.524,1557638.262,130.92389752429267,4337170,5231.809408926418,6327.779975874547,5769030.6,6959.023642943304,42,75,50,73,51,57,52,56,58,77,71,62,46,59,829,61447733,3480176.95,6.33192270987946,0.324,2932252.84,715.505196,183721.27,508866.33,418.9766,268.596,61447.733,74.12271773220748,4048494.0759999994,4883.587546441495,4211392.3379999995,5080.087259348612,8033318,9690,3480176,4198,Town,90100,31753,797542,241464.6573752,0,1878.9363835946924,0.51,4,101,109,78,2,189,0,66.101,9202,7628371
5520,PICAYUNE,3431,2803630,1723.4433016613234,24735855.522,7209.517785485281,19433050.49,5302805.032,5302805.032,5779665.492300001,18.140619276500654,16298497,4750.363450888954,5663.961087146605,21406168.49,6239.0464849898,264,249,271,232,254,219,210,241,230,270,278,268,217,157,3431,189385894,11216053.57,189.1335652716396,0.257,14487290.68,2755.9,727405.32,1537937.17,1241.6789,881.767,189385.894,55.1984535120956,16103363.458000002,4693.489786651123,15626502.997700002,4554.503934042554,28383761,8272,11216053,3269,Town,118900,40645,2053953,969073.62338208,418962,1545.5566983386766,0.36,154,978,316,175,21,512,0,15.649,8496,29149986
5820,PONTOTOC CITY,2302,2803690,1114.0982623805385,18008271.93,7822.880942658558,15570680.13,2437591.8000000003,2437591.8000000003,4628536.3251,22.966341525852023,13302772,5778.788879235447,6763.979205039097,17142727.13,7446.884070373588,35,199,200,168,169,137,178,170,152,213,198,170,146,127,2302,87056850,5004069.66,100.2336396246985,0.207,6264580.39,2056.68333,531061.98,1361549.15,536.366,476.5139999999999,87056.85,37.81791920069505,14705135.329999998,6387.982332754126,12514190.804899998,5436.225371372719,18682138,8115,5004069,2173,Town,117400,45621,1753237,671774.403562,107904,1058.9017376194615,0.23,271,670,367,182,5,554,0,21.934,8788,20230251
5800,PONTOTOC COUNTY,3466,2803660,1239.286708597807,27092986.648,7816.787838430467,23763154.38,3329832.268,3329832.268,7072592.0526,8.719246463019335,20904769,6031.381708020774,6856.0745470282745,26194785.38,7557.641482977496,0,301,295,279,258,251,272,249,266,264,271,255,213,231,3466,118922581,7625327.65,397.5114150861816,0.212,9778673.22,3107.49162,803371.5,1802644.88,670.3244,734.792,118922.581,34.31118897864974,22864953.112,6596.928191575303,19122193.3274,5517.078282573571,28782465,8304,7625327,2200,Rural,100600,44126,2551894,1014969.6301316,522068,960.7132914021928,0.19,216,920,382,181,18,581,0,8.777,8229,28521032
5530,POPLARVILLE,1909,2803720,1722.3499800942902,15019911.278,7867.947238344684,11823004.39,3196906.888,3196906.888,3517493.9553000005,3.903878108474209,10154245,5319.143530644316,6193.297218438974,13027755.39,6824.387317967523,17,155,163,128,140,144,140,156,134,154,153,161,123,113,1909,114175246,6485300.35,489.000923429475,0.2,5764252.08,1642.64045,437097.67,903606.72,446.8969,381.8,114175.246,59.80892928234678,9830848.502,5149.737298061813,9510261.4347,4981.8027421162915,16967600,8888,6485300,3397,Rural,124400,46111,1222569,534963.52529664,242338,1674.6500199057098,0.23,0,549,184,134,12,330,0.042,3.777,8709,16624861
5900,PRENTISS COUNTY,2278,2803750,1193.6596172080772,18810524.852,8257.47359613696,16315339.46,2495185.392,2495185.392,4851778.6242,6.109987156360961,14130501,6203.029411764706,7162.133213345039,17969550.46,7888.301343283582,88,172,187,160,146,147,192,177,178,172,198,172,118,157,2278,89113764,5215941.45,372.83220761412383,0.191,8944435.26,2029.40546,510258.94,1412112.52,476.5576,435.098,89113.764,39.11929938542581,15474365.068,6792.9609604916595,13117771.8358,5758.459980597015,19608909,8607,5215941,2289,Rural,90000,41292,2125564,668851.19364656,501635,1095.3403827919228,0.21,2,713,385,196,5,586,0.021,5.879,8889,20248921
6000,QUITMAN COUNTY,852,2803810,2220.7213732394366,7590550.390000001,8909.096701877936,5853085,1737465.39,2182224.3800000004,1737465.39,2.1039318896834636,4876550,5723.650234741784,6869.818075117371,6435057,7552.883802816901,28,75,62,74,63,52,74,62,62,64,53,65,46,47,852,77936585,3629841.24,404.9560749460304,0.439,6196847.93,790.722222,195174.63,594290.37,382.122,374.028,77936.585,91.47486502347418,4252832.619999999,4991.587582159624,4697591.609999999,5513.605176056338,8693461,10203,3629841,4260,Town,50900,25283,647440,262512.48480064,196657,2039.2786267605636,0.45,0,390,81,51,8,140,0.06,1.959,9442,8044392
1212,QUITMAN SEP,1593,2803780,2532.037993220338,13004751.3168,8163.685697928437,10025901.84,2978849.4768000003,3415760.46,2978849.4768000003,3.1164488480019727,8369295,5253.79472693032,6293.723691148776,11032775.84,6925.785210295041,60,124,158,117,95,104,101,105,100,115,147,128,106,94,1593,121991445,7013617.08,511.1587186875566,0.349,4387493.74,1352.98889,356924.14,908362.7,678.9366,555.957,121991.445,76.57968926553673,7617015.38,4781.553910860012,8053926.3632,5055.82320351538,15774232,9902,7013617,4402,Rural,76500,37364,1180662,466266.30219812,202630,1869.9620067796611,0.43,1,398,152,147,8,307,0.051,2.899,9403,14979128
6100,RANKIN COUNTY,18720,2803830,3201.664380192308,142521053.4428,7613.304136901708,109885810.64,32635242.8028,46621147.18799999,32635242.8028,24.966375597661873,94048208,5023.942735042735,5869.9685170940165,120871269.64,6456.7985918803415,320,1259,1385,1323,1359,1300,1396,1428,1448,1515,1623,1471,1369,1266,18720,1665040971,92575401.94,749.8084744728885,0.121,31538902.57,17365.8096,4271168.85,10032364.79,2588.976,2265.12,1665040.971,88.94449631410257,74250122.45199999,3966.35269508547,88236026.83719999,4713.462972072649,188157678,10051,92575401,4945,Rural,169700,70439,9818362,5436752.45771212,1682297,1743.3356198076922,0.14,448,6052,2022,843,75,2940,0,25.649,8045,150605809
2515,REIMAGINE PREP,600,.,NA,4651659.964924212,7752.766608207019,3679458.83,972201.134924212,972201.134924212,1097159.2641,Inf,3192864,5321.44,6132.4313833333335,4063552.83,6772.58805,0,0,0,0,0,0,79,152,136,147,0,0,0,0,514,34721469.10443614,1808680.38,0,0.401,2311750.04,481.480447,117806,219727.83,350.21999999999997,240.6,34721.46910443614,57.869115174060234,3091351.695075788,5152.252825126314,2966393.5659,4943.9892764999995,NA,NA,NA,NA,NA,NA,NA,97075,202057.71121568,0,1620.3352248736865,0.58,3,122,26,44,0,70,0.033,4.741,9184,5510550
5620,RICHTON,597,2803870,1055.1750485762143,4407982.706,7383.555621440536,3654076.21,753906.496,753906.496,1093462.2567,4.836576805151973,3391068,5680.180904522613,6120.73067001675,4049860.21,6783.685443886097,0,52,36,39,42,35,45,44,45,54,59,50,49,40,597,26925232,1383928.29,123.43440909778778,0.28,2450604.37,535.511111,137206.6,73232.61,131.9967,167.16000000000005,26925.232,45.10089112227806,3295953.7139999997,5520.860492462311,2956397.9533,4952.090374036851,4827565,8086,1383928,2318,Rural,89800,31393,344990,166920.11940296,0,1262.8249514237857,0.22,1,180,67,30,0,97,0.033,4.665,8425,5029760
7012,S. TIPPAH,2485,2804110,1285.2262985915493,20002870.418,8049.4448362173025,17371817.77,2631052.648,2631052.648,5166742.347900001,9.460592294713305,15945273,6416.608853118712,6990.671134808853,19136082.770000003,7700.636929577466,58,205,181,173,160,180,169,175,204,199,200,169,206,160,2485,93966166,5824874.33,262.6685436374474,0.28300000000000003,7482767.52,2281.03438,561682.19,1459615.58,437.6085,703.2550000000001,93966.166,37.813346478873235,16505030.122000003,6641.863228169015,13969340.422100002,5621.46495859155,21175394,8521,5824874,2344,Town,88800,41241,2653744,740471.62666052,350476,1058.7737014084507,0.18,153,601,396,174,5,575,0,9.165,8506,21137042
6200,SCOTT COUNTY,3989,2803900,761.0499453497117,30475747.568,7639.946745550264,27021472.8,3454274.768,3454274.768,8044747.146000001,7.679758571859533,23516599,5895.361995487591,6773.996690899975,29795359.8,7469.3807470544,99,304,340,301,256,240,282,314,308,318,311,291,254,254,3989,123366956,6490353.79,519.4173700481481,0.271,15308976.04,3555.0271,908789.17,1977643.63,902.7107,1081.019,123366.956,30.92678766608173,26341085.032,6603.430692404112,21750612.654,5452.647945349711,30625393,7677,6490353,1627,Rural,71400,36305,2813807,1132778.74890376,437383,865.9500546502883,0.23,89,848,431,288,20,739,0.007,7.29,8439,33664785
6920,SENATOBIA,1666,2803930,2406.2071596638652,13057719.872,7837.767030012004,10259185,2798534.872,2798534.872,3046940.5500000003,37.70151820945039,8826781,5298.18787515006,6157.974189675871,11284965,6773.688475390156,61,124,140,145,113,113,129,141,129,120,116,121,109,91,1666,99947674,6807959.98,44.18920189750859,0.202,6195274.78,1466.96648,374688.54,959383.46,472.9774,336.532,99947.674,59.99260144057623,8486430.128,5093.895635054022,8238024.449999999,4944.792587034814,15733072,9443,6807959,4086,Town,141400,56982,1326033,482636.63574172,65615,1679.7928403361343,0.28,21,346,249,110,10,369,0,34.079,8593,14316180
6400,SIMPSON COUNTY,3008,2803990,1715.5856936502662,26052584.283499997,8661.098498503989,20080458.049999997,5972126.233499999,7191170.112,5972126.233499999,5.106230491739975,17149063,5701.151263297872,6675.684192154255,22118986.049999997,7353.386319813829,0,229,249,205,225,215,217,238,226,278,247,255,211,211,3008,256827504,11132884.07,589.0842579209557,0.292,10928964.51,2737.25007,695616.4,1648007.65,977.9008,878.3359999999999,256827.504,85.38148404255318,14927815.937999995,4962.70476662234,16146859.816499997,5367.972013464095,28869718,9597,11132884,3701,Rural,87900,43850,2455121,919669.9437426,573531,1985.4143063497336,0.33,49,1124,325,244,16,585,0.031,4.868,9037,27181850
2505,SMILOW COLLEGIATE,575,.,NA,4493892.0528,7815.464439652173,3460409.6399999997,1033482.4128,1076230.4392448957,1033482.4128,Inf,3040009,5286.972173913044,6018.1037217391295,3827712.64,6656.891547826086,0,99,117,122,119,112,0,0,0,0,0,0,0,0,569,38436801.40160342,2050595.21,0,0.401,2297325.97,500.322222,128324.4,136250.24,313.66249999999997,230.575,38436.80140160342,66.84661113322335,2751482.200755104,4785.186436095833,2794230.2271999996,4859.530829913043,NA,NA,NA,NA,NA,NA,NA,67424,193638.93826264,0,1797.3607179130431,0.55,7,0,48,15,0,63,0.029,5.142,8705,5005301
2535,SMILOW PREP,600,.,NA,4745291.9245,7908.819874166667,3655052.35,1090239.5745,1091361.9744188136,1090239.5745,Inf,3182569,5304.281666666667,6091.753916666667,4037924.35,6729.873916666666,0,0,0,0,0,0,136,157,141,143,0,0,0,0,577,38977213.37210049,2015009.09,0,0.401,1881336.95,504.305556,130428.08,193326.27,320.88000000000005,240.6,38977.21337210049,64.96202228683414,2946562.3755811863,4910.937292635311,2947684.7755,4912.8079591666665,NA,NA,NA,NA,NA,NA,NA,86780,202057.71121568,0,1817.0659575,0.53,2,135,32,20,0,52,0.029,5.054,8717,5229944
6500,SMITH COUNTY,2443,2804020,775.4163666803111,19535481.8762,7996.513252640198,15060923.06,4474558.8162,4576746.552,4474558.8162,3.840105742801472,13389319,5480.687269750307,6164.929619320508,16572440.06,6783.6430863692185,0,201,210,161,189,167,187,204,194,214,195,189,149,142,2443,163455234,6370545.35,636.180398047518,0.239,5750282.46,2303.78212,570798.14,1338710.92,554.0724,583.877,163455.234,66.90758657388457,11995693.508,4910.230662300451,12097881.2438,4952.059453049529,19521959,7990,6370545,2607,Rural,102600,43105,1660431,723516.8301424,293265,1831.583633319689,0.23,0,539,128,157,25,310,0.042,3.824,8469,20689847
6312,SOUTH DELTA,604,2803960,1963.804300662252,5724500.3224,9477.649540397351,4414306.12,1310194.2023999998,2225227.816,1310194.2023999998,0.7611831874712158,3745880,6201.788079470199,7308.453841059602,4852571.119999999,8034.058145695363,20,38,42,37,34,41,54,65,40,45,44,55,34,33,604,79472422,2496558.9,793.5014986426513,0.499,3274558.38,543.522222,137206.6,463844.52,393.4456,301.396,79472.422,131.57685761589406,2627343.303999999,4349.90613245033,3542376.9175999993,5864.862446357615,6309813,10446,2496558,4133,Rural,65100,28660,263819,180659.9220398,169803,2169.195699337748,0.65,0,138,54,23,2,79,0.074,0.638,9663,5836334
5412,SOUTH PANOLA,4313,2804050,1745.8030503130071,31711101.134000003,7352.446356132623,26060221.69,5650879.444,5650879.444,7745245.566300001,11.152024290459767,22396135,5192.704613957802,6042.24940644563,28686094.69,6651.076904706701,162,372,373,315,316,269,307,334,296,360,301,308,294,271,4313,201817123,13181107.33,386.745929498167,0.327,12557599.67,3535.91111,956005.07,2257017.62,1408.6258,1410.351,201817.123,46.79274820310688,23035215.246,5340.879955019707,20940849.1237,4855.286140435892,36028306,8353,13181107,3056,Town,87500,40911,2421020,1245325.91081956,576931,1310.1969496869929,0.33,58,1164,462,289,13,764,0,10.609,8538,36825170
5712,SOUTH PIKE,1557,2804080,1614.3143699421964,12139282.326,7796.584666666667,9358969.8,2780312.526,3103385.852,2780312.526,6.508362141886874,8151934,5235.6673089274245,6010.899036608863,10297453.8,6613.650481695568,32,102,116,105,135,101,107,128,122,126,112,133,95,99,1557,110835209,5294228.08,239.23069522812415,0.332,5536574.28,1417,352716.78,840693.02,694.8891,516.924,110835.209,71.18510533076429,7194067.947999999,4620.467532434168,7517141.273999998,4827.964851637764,13459788,8644,5294228,3400,Rural,81300,33446,989675,470358.4380626,301940,1785.6856300578036,0.45,13,574,147,86,13,246,0.019,6.087,8981,13982775
5321,STARKVILLE OKTIBBEHA,4894,2800189,4637.811058500204,36852511.7897,7530.141354658766,28419225.11,8433286.6797,13201235.824,8433286.6797,10.681477055165503,24650767,5036.936452799346,5806.95241315897,31234395.11,6382.181264814058,128,408,418,362,345,295,321,374,363,357,379,402,293,362,4894,471472708,31135336.19,458.17633410851994,0.235,15583249.46,4364.64804,1106067.48,2818917.63,1696.7498,1150.09,471472.708,96.33688353085412,18033159.286,3684.7485259501423,22801108.430299997,4658.992323314262,55629576,11366,31135336,6361,Town,162900,40453,2923798,1433001.17863928,633622,1723.1889414997956,0.35,113,1472,436,284,10,730,0,10.37,8456,41384978
6600,STONE COUNTY,2518,2804170,1395.0657617156476,19466801.792,7731.0571056393965,15752917.38,3713884.411999999,3713884.411999999,4685887.9026,5.653046900359136,13232967,5255.348292295473,6256.122867355044,17355140.38,6892.430651310564,0,205,233,202,180,186,181,209,186,193,201,190,153,169,2518,132638729,7227078.97,445.4235113174158,0.231,10053634.51,2200.52222,580147.82,1232146.56,719.3926,581.658,132638.729,52.676222795869734,13641255.967999998,5417.496413026211,12669252.4774,5031.474375456712,21167701,8406,7227078,2870,Town,112800,45483,1228939,704807.74965788,293713,1474.9342382843524,0.29,24,951,209,116,6,331,0.024,5.637,8440,21252933
6711,SUNFLOWER CONS,2929,2800187,2403.360503755548,23502139.4345,8023.94654643223,18122622.35,5379517.0845,6061626.143999999,5379517.0845,4.198302405793465,15747713,5376.481051553431,6187.307050187778,19924137.35,6802.36850460908,89,190,216,199,160,178,200,211,207,239,250,283,239,207,2929,216486648,12419498.79,697.6629401345922,0.605,12902524.02,2679.71508,656815.22,1791176.13,1664.2578,1772.0449999999998,216486.648,73.91145373847729,13862511.205999998,4732.8477999317165,14544620.265499998,4965.7290083646285,28094129,9591,12419498,4240,Town,78400,30838,1931441,894237.301444,315043,1836.639496244452,0.57,18,1069,179,238,12,429,0.042,3.843,9552,27976714
6900,TATE COUNTY,2014,2804230,1258.2656742800398,16316011.252,8101.296550148957,12916914.32,3399096.932,3399096.932,3839367.686400001,5.586396339477319,11083581,5503.267626613704,6413.562224428997,14219880.32,7060.516544190666,0,160,169,152,135,135,157,161,171,164,170,162,164,98,2014,121396319,5934089.81,360.5186380650601,0.198,7219167.87,1776.33056,465146.72,1114914.6,608.228,398.772,121396.319,60.27622591857001,10820783.388,5372.782218470706,10380512.6336,5154.177077259186,17270942,8575,5934089,2946,Rural,105500,48404,1200972,595183.79765752,362274,1687.7343257199602,0.3,79,699,238,125,13,376,0.023,5.717,8797,17717682
7100,TISHOMINGO,2897,2804260,1643.5310688298237,23500942.1736,8112.165058198136,18119854.68,5381087.493600001,5488730.352,5381087.493600001,6.828696770321049,16077407,5549.674490852606,6254.69612702796,19929953.68,6879.514559889541,0,259,252,228,180,200,243,207,218,217,272,252,205,5,2897,196026084,10142771.65,424.23907481014106,0.192,12096886,2574.30972,668268.58,1702273.1,512.769,556.224,196026.084,67.66519986192613,14441223.328,4984.888963755609,14548866.1864,5022.045628719365,25892084,8937,10142771,3501,Rural,88100,37681,1791674,845710.76378772,617761,1857.4689311701763,0.18,64,1000,357,177,9,543,0.015,6.541,8443,24460213
7200,TUNICA COUNTY,1671,2804290,6842.618467504488,13232257.5808,7918.765757510472,10205439.04,3026818.5408,5357212.643999999,3026818.5408,3.6800676727817376,8664842,5185.423099940155,6107.384225014961,11210439.04,6708.820490724117,55,136,138,130,148,90,158,121,105,122,124,112,99,100,1671,191329023,14461914.11,454.0677369492238,0.418,6049221.15,1462.53893,370948.67,1090184.37,990.0675,698.478,191329.023,114.4997145421903,5853226.396,3502.8284835427885,8183620.4992,4897.438958228606,23206220,13887,14461914,8654,Rural,107100,39370,1099381,487314.12962356,281292,1811.3815324955117,0.59,18,385,69,94,7,170,0.048,3.199,9270,15490624
4120,TUPELO,7132,2804320,3920.6763705412222,53377455.515300006,7484.219786217051,41158031.39,12219424.1253,17528233.996,12219424.1253,98.6740991765866,35179805,4932.670358945597,5770.896156758273,45257126.39,6345.643072069546,277,573,590,532,493,447,517,545,499,566,546,534,462,435,7132,626008357,40188126.97,72.27833909318608,0.214,17584101.65,6037.34831,1578927.68,3913684.71,2096.0948,1526.248,626008.357,87.77458735277621,27728892.394,3887.954626191812,33037702.2647,4632.319442610768,75853545,10635,40188126,5634,Town,149500,51258,4478089,2090451.31658992,599098,1713.3236294587775,0.29,413,1588,650,421,43,1114,0,73.494,8393,59858406
5131,UNION CITY,927,2804380,984.1791154261058,7764838.59,8376.309158576052,7064192.63,700645.96,700645.96,2103381.7101000003,13.04866411396549,5986271,6457.681769147788,7620.488274002158,7790302.63,8403.778457389428,20,72,84,53,58,68,68,73,66,67,74,69,77,65,927,25023070,1613482.72,71.04175507191323,0.27399999999999997,3247612.47,811.234637,212004.06,534444.57,220.2552,253.99799999999996,25023.07,26.993603020496224,7089656.67,7647.957572815534,5686920.9199,6134.758273894283,7931226,8555,1613482,1740,Rural,80900,39848,821488,272451.93553884,135974,755.8208845738942,0.24,1,259,155,80,4,239,0,13.196,8766,8126044
7300,UNION COUNTY,2980,2804350,1604.177691275168,22305357.81,7485.019399328859,19430187.33,2875170.48,2875170.48,5782837.6791,8.796820180023982,17216159,5777.234563758389,6520.197090604026,21417917.33,7187.220580536912,79,281,272,221,227,207,215,195,205,252,213,235,188,147,2980,102684660,7657298.54,338.75877180791434,0.18899999999999997,6419076.1,2696.8,675280.84,1460062.49,514.348,563.2199999999999,102684.66,34.45793959731544,18542746.85,6222.39827181208,15635079.6509,5246.671023791946,24952142,8373,7657298,2569,Rural,98100,46559,1924952,865588.77022128,97769,964.8223087248322,0.17,31,715,349,141,12,502,0,8.473,8080,24078852
7500,VICKSBURG WARREN,6862,2804470,3986.3180629116873,54209752.94230001,7899.993142276306,41798577.49,12411175.4523,17506014.26,12411175.4523,11.66108155388985,34724195,5060.360682016904,6091.3112051879925,45967316.49,6698.821989215972,287,507,580,531,445,440,436,524,491,508,574,535,479,416,6862,625214795,39766946.61,588.4531351820453,0.33399999999999996,19995701.65,5866.89831,1524232.04,4002969.45,3086.5276,2291.908,625214.795,91.11261949868845,28461302.23,4147.668643252696,33556141.0377,4890.140052127659,76038322,11081,39766946,5795,Rural,128400,45113,4286225,2033155.14918732,632074,1808.681937088313,0.45,70,2244,625,330,21,976,0,10.883,8655,59389787
0618,W. BOLIVAR CONS,938,2800185,2149.1344581023454,9802712.1683,10450.652631449891,7556328.29,2246383.8783,2755138.6799999997,2246383.8783,1.6671143711038507,6648896,7088.37526652452,8055.787089552239,8319940.29,8869.87237739872,0,62,63,63,78,52,74,84,63,75,103,67,59,74,938,98397810,4263046.94,562.6488597653439,0.508,4751804.68,826.616667,218315.09,693971.2,553.7952,476.504,98397.81,104.90171641791044,5564801.61,5932.624317697228,6073556.4117,6475.006835501066,10907088,11628,4263046,4544,Rural,60800,23709,660280,271866.57752148,178822,2394.8655418976546,0.59,0,251,94,46,2,142,0.066,1.416,9606,9010609
6812,W. TALLAHATCHIE,513,2804650,2208.0174157894735,5714240.9757,11138.87129766082,4403534.91,1310706.0657000002,2144998.688,1310706.0657000002,1.8463576891241769,3925194,7651.450292397661,8583.888713450293,4854466.91,9462.898460038989,5,26,37,46,39,25,39,39,36,49,54,50,29,37,513,76607096,2443868.48,277.8443218352466,0.462,2606776.83,489.938889,126688.2,353378.71,228.0798,237.006,76607.096,149.3315711500975,2709468.222,5281.614467836257,3543760.8443,6907.91587582846,6367336,12411,2443868,4763,Rural,69000,24367,497033,161950.84155528,15745,2554.9825842105265,0.44,0,137,66,24,3,93,0.062,1.793,9244,4742386
7400,WALTHALL COUNTY,1684,2804440,1485.54170783848,14297684.234,8490.311302850358,11149516.47,3148167.764,3148167.764,3314329.7769000004,4.169630479732833,9421614,5594.782660332541,6620.853010688837,12275295.47,7289.367856294537,17,133,140,116,128,129,116,155,125,140,119,136,111,89,1684,112434563,5651277.33,403.8727192218485,0.332,5317377.92,1552.78977,391284.23,963049.24,560.6035999999999,559.0880000000001,112434.563,66.76636757719714,9127127.706,5419.909564133017,8960965.6931,5321.238535095012,15446460,9172,5651277,3355,Rural,95800,30961,1189013,493745.01242896,397528,1869.45829216152,0.33,18,673,164,100,9,273,0.038,4.201,8858,14916423
8113,WATER VALLEY,1041,2804500,1218.9991431316043,8319751.472,7992.076341978866,6889416.58,1430334.892,1430334.892,2049491.0466,7.953188529623865,5998354,5762.1075888568685,6618.075485110471,7590707.58,7291.745994236311,20,78,109,83,73,74,79,73,67,78,74,82,62,64,1041,51083389,2699399.25,130.89089943266222,0.324,3223381.18,947.589888,237949.43,549669.15,318.85830000000004,337.284,51083.389,49.07145917387128,6160372.688,5917.745137367916,5541216.5334,5322.9745757925075,8801197,8454,2699399,2593,Town,87000,42193,604291,312500.62741464,179329,1374.0008568683957,0.31,9,311,107,49,2,158,0,7.961,8307,8647502
7700,WAYNE COUNTY,2900,2804530,1098.2746165517242,25084324.172,8649.76695586207,20474120.56,4610203.612,4610203.612,6090449.0112,3.577575108548793,17353589,5983.9962068965515,7060.041572413793,22557218.56,7778.351227586207,0,263,241,232,215,208,199,243,215,203,252,235,181,162,2900,164650129,7796670.5,810.6049242880482,0.317,16482650.55,2654.66192,665229.93,1684261.63,1261.5,919.3,164650.129,56.775906551724134,17947014.948,6188.6258441379305,16466769.5488,5678.196396137931,25921299,8938,7796670,2688,Town,85800,37706,2674018,833432.5661086,551503,1589.7253834482758,0.44,76,921,433,174,21,628,0.046,3.423,9439,27372390
7800,WEBSTER COUNTY,1739,2804560,1058.2754870615297,13644530.028,7846.193230592295,11469520.1,2175009.9280000003,2175009.9280000003,3408442.227,4.129660876600413,10287189,5915.577343300748,6595.468717653824,12623860.1,7259.264002300172,40,132,149,117,113,121,125,123,112,132,147,139,142,92,1739,77678926,4015421.15,421.0999527475888,0.239,4977047.02,1492.00559,391284.23,1034552.87,385.8841,415.621,77678.926,44.668732604945376,10448850.171999998,6008.539489361701,9215417.873,5299.262721679126,14059104,8084,4015421,2309,Rural,84000,45730,1355347,513915.6978712,353648,1250.7245129384703,0.22,10,613,291,84,9,384,0.039,4.067,8802,15306488
3112,WEST JASPER,1411,2804590,1892.489506378455,11627792.256499998,8240.816624025512,8963103.95,2664688.3065,3243860.676,2664688.3065,4.079538322179841,7552672,5352.708717221829,6352.306130403968,9869215.95,6994.483309709425,40,118,104,97,96,111,96,102,98,121,117,91,96,102,1411,115852167,5335260.850000001,345.87247099226977,0.241,3560080.1,1234.84358,317187.99,762010.96,448.9802,340.05100000000004,115852.167,82.10642593905033,6625355.273999999,4695.503383416017,7204527.643499999,5105.97281608788,13219165,9368,5335260,3781,Rural,83900,39537,1301474,385583.56042916,102635,1888.510493621545,0.32,0,365,225,72,9,306,0.04,3.98,8944,12620594
1321,WEST POINT CONS,2609,2800191,1904.607379494059,20734836.8169,7947.426913338444,15985432.47,4749404.3469,6134930.704,4749404.3469,6.36316804994253,13996944,5364.8692985818325,6127.0342928325035,17590386.47,6742.194890762744,62,189,206,189,159,151,184,172,180,241,218,242,183,166,2609,219104668,9719600.08,410.015888237238,0.314,12580623.9,2301.40556,592302.41,1428737.06,1087.4312,819.226,219104.668,83.98032502874665,11455455.766,4390.745789957838,12840982.123099998,4921.802270256802,23683993,9077,9719600,3725,Town,89900,31833,2071057,798645.83108916,381618,1820.392620505941,0.42,16,784,269,199,14,482,0.02,5.961,9040,23584878
7613,WESTERN LINE,1632,2804680,3717.447980698529,12650869.5455,7751.758299938726,9756432.65,2894436.8955,5024405.3719999995,2894436.8955,4.582993156425828,8168065,5004.941789215686,5978.206280637255,10720136.65,6568.711182598039,67,113,125,89,105,120,124,124,142,129,126,143,114,86,1632,179443049,8961731.27,356.09915710036967,0.28600000000000003,7532207.86,1428.52514,370714.92,1000714.73,725.9136,466.75200000000007,179443.049,109.95284865196078,5695731.278000001,3490.0314203431376,7825699.7545,4795.159163296568,17346734,10629,8961731,5491,Town,88300,37851,1028892,486436.98764036,38899,1773.5520193014706,0.44,21,571,198,48,4,250,0.041,3.875,8966,14631729
7900,WILKINSON COUNTY,891,2804710,1113.3809545454546,7551682.4195,8475.513377665544,5824372.85,1727309.5695,1917044.864,1727309.5695,1.3141336214878194,5232876,5873.037037037037,6536.894332210998,6397442.85,7180.070538720538,16,59,58,71,55,45,76,74,51,95,85,73,47,49,891,68465888,2720037.8,678.0132441868725,0.362,3755479.77,870.443243,202888.12,635310.73,416.7207,322.54200000000003,68465.888,76.84162514029181,4480397.986,5028.505034792368,4670133.280499999,5241.451493265992,7706211,8648,2720037,3052,Rural,70300,27313,726936,297007.43585424,233847,1938.6190454545456,0.47,5,267,92,39,0,131,0.068,1.165,9249,8240901
4911,WINONA-MONTG CONS,1144,2800196,1302.232874125874,9545634.842,8344.08640034965,7523309.25,2022325.592,2022325.592,2235580.3575,2.8113312805530732,6549279,5724.8942307692305,6576.319274475524,8279927.25,7237.698645104895,16,100,92,79,85,80,84,71,75,105,89,101,56,75,1144,72225914,3512742.77,406.9246509343933,0.313,6588468.59,1034.85556,261791.12,678335.13,496.0384,358.072,72225.914,63.13454020979022,6257601.658,5469.9315192307695,6044346.8925,5283.520010926573,10095925,8825,3512742,3070,Town,84800,39840,928138,343779.68954412,270631,1767.767125874126,0.43,14,280,134,92,7,233,0.054,2.65,9441,10800732
8220,YAZOO CITY,2029,2804770,644.3560985707245,15391855.186,7585.93158501725,13749087.71,1642767.476,1642767.476,4092374.2617,201.22958124722948,12508965,6165.088713652045,6776.287683587974,15156941.71,7470.153627402661,20,120,148,134,193,100,171,210,108,167,173,170,165,105,2029,58670267,2952057.44,10.083010596276017,0.439,7187346.48,1909.6,463043.04,1036587.67,1297.1397,890.731,58670.267,28.915853622474124,13514174.234,6660.509725973386,11064567.448299998,5453.212148003942,15201514,7492,2952057,1454,Town,70900,24688,1386466,620909.1189648,251512,809.6439014292755,0.64,0,717,169,98,9,276,0,180.516,9146,18556369
8200,YAZOO COUNTY,1320,2804800,3801.004926590909,10965946.966899998,8307.535580984848,8453993.469999999,2511953.4968999997,6535404.3440000005,2511953.4968999997,1.4471631241482514,6995746,5299.807575757576,6404.540507575756,9303531.47,7048.129901515151,55,97,79,73,97,73,90,96,92,102,112,126,91,111,1320,233407298,7529716.78,912.1293777969258,0.285,5294693.25,1151.67975,291943.85,770391.62,531.696,376.2,233407.298,176.82371060606062,2768127.1259999983,2097.0660045454533,6791577.973099999,5145.13482810606,14921374,11304,7529716,5704,Rural,109300,42070,1024058,400492.28901504,47938,1902.9950734090908,0.4,10,436,143,77,15,235,0.068,1.236,9354,12347662
