geoid,dist_id,district,maep_expected_local_total,maep_expected_local_pp,maep_rev_fy24,local_share_expected_total,local_funding_28_mill,local_funding_27_pct,total_enroll,st_per_sq_mile,maep_rev_fy23,maep_fy23_pp,maep_fy24_pp,maep_rev_full_funding_fy24,maep_full_pp_fy24,gr_prek_enroll,gr_k_enroll,gr_1_enroll,gr_2_enroll,gr_3_enroll,gr_4_enroll,gr_5_enroll,gr_6_enroll,gr_7_enroll,gr_8_enroll,gr_9_enroll,gr_10_enroll,gr_11_enroll,gr_12_enroll,direct_cert_pct,vocational_enroll,ell_enroll,autism,deaf_blind,developmentally_delayed,emotional_disability,hearing_impaired,intellectual_disability,language_speech_impaired,multiple_disabilities,other_health_impairment,orthopedic_impairment,specific_learning_disability,traumatic_brain_injury,visually_impaired,sped_enroll,assessed_value,local_revenue,shortName,sq_miles,stpov_rate,federal_revenue,total_ada,sped_tier_1_enroll,sped_tier_2_enroll,sped_tier_3_enroll,econ_dis_enroll,stpov_enroll,mill_1_value,mill_1_value_pp,local_share_mills,local_share_pp_mills,local_share_pct,local_share_pp_pct,rev_total_local_state,rev_pp_local_state,local_revenue_total,local_revenue_pp,urbanicity,mpv,mhi,sped_funding,at_risk_funding,cte_funding,ada_add_fy24,teacher_add_fy24,local_share_expected_pp,maep_expected_local_add_total,maep_expected_local_add_pp
2800360,4820,ABERDEEN,7311114.640000001,7325.76617234469,5619475,1691639.6400000001,3032312.136,1691639.6400000001,998,4.6400706363317905,5461563,5472.508016032064,5630.736472945891,6265332,6277.887775551102,0,76,64,71,87,49,70,79,68,74,103,81,77,78,0.4201,317,0,13,0,11,14,0,16,32,5,28,5,31,0,0,151,108296862,6114256.61,ABERDEEN,215.08293261435546,0.309,4672500.27,910.472222,74,76,5,419.2598,308.382,108296.862,108.51388977955911,3233019.864,3239.498861723447,4573692.359999999,4582.858076152304,11733731,11757,6114256,6126,Town,77200,39991,743263,304899.92361736,56314,232105.88,682414.14,1695.0296993987977,8225634.66,8242.118897795592
2800390,0200,ALCORN COUNTY,22737026.044,7132.065885821832,17920968,4816058.044,4816058.044,5394777.930000001,3188,8.627912006495674,17423282,5465.270388958595,5621.382685069008,19980659,6267.458908406525,135,210,243,246,219,233,194,233,232,240,256,235,237,200,0.1905,1369,29,43,0,41,5,5,43,128,15,59,5,220,5,0,563,172002073,9459645.49,ALCORN COUN,369.498436887147,0.188,7744573.91,2814.40782,389,160,20,607.314,599.344,172002.073,53.95297145545797,15164600.956,4756.775707653702,14585881.07,4575.2450031367625,27380613,8588,9459645,2967,Rural,94100,44520,2366894,915285.1288694399,703630,711043.38,1787412.62,1510.683200752823,25235482.044,7915.772284818067
.,2545,AMBITION PREP,3417109.549212186,8650.910251170091,2669990,747119.549212186,747119.549212186,803751.39,395,Inf,2151984,5448.060759493671,6759.46835443038,2976857,7536.346835443038,0,79,79,83,87,67,0,0,0,0,0,0,0,0,0.5627,0,0,5,0,5,0,0,5,11,0,5,0,5,0,0,28,26682841.04329236,1342962.18,AMBITION PR,0,0.401,1608020.68,277.804469,21,15,0,222.26649999999998,158.395,26682.84104329236,67.55149631213256,2229737.450787814,5644.9049387033265,2173105.61,5501.5331898734175,NA,NA,NA,NA,NA,NA,NA,41826,134704.84246284,0,89289.47,118269.48,1891.4418967397114,3624668.4992121863,9176.375947372624
2800420,0300,AMITE COUNTY,6967980.6,8168.793200468933,5355735,1612245.6,3221128.96,1612245.6,853,1.1684933064056744,5418370,6352.133645955451,6278.704572098476,5971280,7000.3282532239155,0,71,63,61,73,63,61,59,59,68,65,73,47,62,0.549,274,0,5,0,34,5,5,20,69,5,23,0,56,5,0,219,115040320,5652860.82,AMITE COUNT,729.9999027156239,0.29,7452499.36,780.137143,159,58,10,468.297,247.36999999999998,115040.32,134.86555685814773,2750151.04,3224.09266119578,4359034.4,5110.239624853459,11008595,12905,5652860,6627,Rural,83600,33981,1068117,259003.91686784,194411,201251.92,542503.75,1890.0886283704574,7711736.27,9040.722473622509
2800450,4821,AMORY,10750661.136,7082.121960474308,8266379,2484282.136,2484282.136,2488441.5,1518,19.73466969355038,8630797,5685.637022397892,5445.572463768116,9216450,6071.442687747036,0,119,121,111,103,131,123,87,123,117,122,117,108,99,0.2361,560,12,16,0,23,5,0,17,78,5,34,0,68,5,5,252,88724362,4662402.55,AMORY,76.92046654807238,0.20800000000000002,5228334.37,1410.86508,169,72,15,358.3998,315.744,88724.362,58.44819631093544,6732167.864,4434.893191040844,6728008.5,4432.153162055336,12928781,8516,4662402,3071,Town,108000,42610,1104393,449311.50568,236621,355521.69,829830.47,1636.5494967061923,11936013.296,7862.986361001317
2800510,0400,ATTALA COUNTY,7459623.46,7429.903844621514,5733622,1726001.4600000002,2935606.8279999997,1726001.4600000002,1004,1.7252578138630295,5643432,5620.948207171315,5710.778884462152,6392598,6367.129482071713,48,82,84,67,56,69,56,66,82,84,82,68,72,72,0.3617,336,0,12,0,5,5,5,11,45,5,27,0,67,0,0,180,104843101,5820060.4,ATTALA COUN,581.9420100187466,0.293,3534710.96,852.659218,117,60,5,363.14680000000004,294.17199999999997,104843.101,104.42539940239044,3456991.1720000003,3443.218298804781,4666596.54,4648.00452191235,11553682,11507,5820060,5796,Rural,60600,34921,871786,292914.40494692,336354,221821.22,724921.79,1719.1249601593627,8406366.469999999,8372.874970119521
2800540,5920,BALDWYN,5434640.63,7188.678082010581,4177178,1257462.6300000001,2409164.94,1257462.6300000001,756,11.483745047638775,4166149,5510.7791005291,5525.367724867725,4657269,6160.408730158731,0,67,58,56,64,58,56,58,68,67,51,56,39,44,0.2834,306,5,5,0,13,5,0,5,38,0,13,5,20,0,0,111,86041605,4448889.35,BALDWYN,65.83218252093158,0.24600000000000002,2408297.18,688.707339,71,33,0,214.25039999999998,185.97600000000003,86041.605,113.81164682539682,2248104.06,2973.682619047619,3399806.37,4497.098373015873,8626067,11410,4448889,5884,Rural,101400,43036,473072,219832.36697524,264705,176942.75,456930.63,1663.3103571428574,6068514.01,8027.134933862433
2800570,2320,BAY ST. LOUIS,12112798.14,7244.496495215311,9310149,2802649.14,7071755.796,2802649.14,1672,89.03631856390174,8998844,5382.0837320574165,5568.270933014354,10380182,6208.242822966507,58,113,142,109,125,114,117,115,142,131,112,153,133,90,0.2935,642,34,27,0,51,5,5,15,76,5,38,5,64,5,0,294,252562707,10323680.67,BAY ST. LOU,18.778853696651872,0.24600000000000002,8233825.93,1530.40499,191,95,10,490.73199999999997,411.31200000000007,252562.707,151.05425059808613,3308426.204,1978.7238062200956,7577532.859999999,4532.0172607655495,19633829,11742,10323680,6174,Suburb,168900,41778,1252592,507484.8150658,119480,373286.09,999761.12,1676.225562200957,13485845.35,8065.696979665072
2800600,0500,BENTON COUNTY,7300347.812,7596.615829344433,5822038,1478309.8120000002,1478309.8120000002,1752617.52,961,2.3637321434465077,5252649,5465.81581685744,6058.312174817898,6491176,6754.605619146722,16,93,62,68,74,58,66,73,70,87,76,71,69,60,0.3462,310,21,17,0,14,5,0,5,42,5,45,0,66,0,0,199,52796779,2191816.51,BENTON COUN,406.5604483419963,0.293,5808895.95,806.11359,122,72,5,332.6982,281.573,52796.779,54.93941623309053,5012866.188,5216.301964620187,4738558.48,4930.862101977108,8013854,8339,2191816,2280,Rural,78000,36258,761898,268066.22562284,188397,220886.26,575744.2,1538.303654526535,8096978.272,8425.57572528616
2800630,2420,BILOXI,38855866.13,6685.455287336546,29865428,8990438.13,17883311.824,8990438.13,5812,302.4831359357475,29253636,5033.316586373021,5138.580178940124,33297919,5729.167068134893,120,459,485,441,447,419,361,430,405,464,493,409,403,405,0.3302,1122,533,121,0,99,32,11,22,183,5,165,5,161,5,5,810,638689708,36754607.75,BILOXI,19.214294317665917,0.26,29870477.84,5304.15,443,356,15,1919.1224,1511.1200000000001,638689.708,109.89155333792154,15414607.175999999,2652.20357467309,24307480.869999997,4182.291959738472,66620035,11462,36754607,6323,City,159100,47342,3290688,1747548.769029,432143,1316669.08,3226824.85,1546.8751083964214,43399360.06,7467.198909153476
2800820,5921,BOONEVILLE,8885387.212,6726.258298258895,7466023,1419364.2119999998,1419364.2119999998,2247508.89,1321,191.98868213975783,7346069,5560.990915972748,5651.7963663891,8324107,6301.367903103709,39,100,98,99,93,90,113,98,99,102,86,115,84,82,0.1809,460,0,12,0,15,5,5,15,71,5,53,0,50,5,5,226,50691579,4253175.59,BOONEVILLE,6.880613926181233,0.22,2787017.86,1164.18436,136,90,15,238.96890000000002,290.62,50691.579,38.37364042392127,6904742.788000001,5226.905971233914,6076598.109999999,4599.998569265707,11719198,8871,4253175,3219,Town,96200,32016,795434,373889.82572456,116419,298956.11,710956.76,1074.4619318697955,9895300.081999999,7490.764634367902
2800840,4320,BROOKHAVEN,17511668.19,6771.720104408353,13459833,4051835.1900000004,6022839.676,4051835.1900000004,2586,17.19387533487206,13659606,5282.136890951276,5204.885150812065,15006797,5803.092420726992,77,196,201,212,196,158,199,159,169,228,220,189,194,150,0.3909,558,29,26,0,38,5,5,18,134,5,61,0,104,5,0,399,215101417,12128797.01,BROOKHAVEN,150.4023932728626,0.28,7496815.42,2368.99435,276,115,10,1010.8674000000001,724.08,215101.417,83.17920224284609,8983957.324000001,3474.074757927301,10954961.809999999,4236.257467130703,25588630,9895,12128797,4690,Town,101900,39841,1607701,776720.86168052,280855,578745.37,1416898.65,1566.834953596288,19507312.21,7543.430862335654
2800870,0700,CALHOUN COUNTY,14885814.243999999,7156.641463461538,12030592,2855222.244,2855222.244,3621588.5700000003,2080,3.546505165434119,12223903,5876.876442307693,5783.9384615384615,13413291,6448.6975961538465,86,150,158,134,149,139,155,151,164,138,169,166,150,130,0.2712,798,134,19,0,47,5,5,14,131,5,33,5,118,5,0,382,101972223,4965747.48,CALHOUN COU,586.492871989203,0.324,7455794.86,1911.48889,296,81,10,564.096,673.9200000000001,101972.223,49.02510721153846,10558068.756000001,5075.9945942307695,9791702.43,4707.549245192307,16996339,8171,4965747,2387,Rural,70500,37263,1368363,637279.4525084,489806,464211.75,1347776.47,1372.703001923077,16697802.464,8027.789646153846
2800900,4520,CANTON,20652694.37,6523.276806696147,15874091,4778603.37,8080929.3040000005,4778603.37,3166,16.883714589148912,15486257,4891.426721415035,5013.926405559065,17698531,5590.18667087808,94,231,245,237,260,182,252,240,253,259,252,258,167,168,0.4863,978,308,38,0,13,13,5,27,57,11,76,5,92,5,0,335,288604618,16544485.96,CANTON,187.51797676293188,0.312,11363603.64,2751.11876,162,164,16,1539.6258,987.792,288604.618,91.15749147188882,9617601.695999999,3037.7769096651923,12919927.629999999,4080.836269740998,32418576,10239,16544485,5225,Rural,153400,41939,1661921,897744.97433396,393681,718289.38,1698647.97,1509.3504011370815,23069631.72,7286.680897030954
2800930,0800,CARROLL COUNTY,5722524.98,7108.726683229815,4398452,1324072.98,2510623.22,1324072.98,805,1.281231936307605,4615780,5733.888198757764,5463.91552795031,4903974,6091.893167701864,20,54,53,50,69,56,54,53,61,79,83,63,47,46,0.4275,178,33,5,0,5,5,5,5,37,5,18,0,52,0,0,137,89665115,2896775.33,CARROLL COU,628.3015410308437,0.221,3245091.3,738.583333,94,38,5,344.1375,177.905,89665.115,111.38523602484473,2393350.78,2973.106559006211,3579901.02,4447.08201242236,7295227,9062,2896775,3598,Rural,99000,46052,662293,248772.6821638,99740,180916.36,454766.41,1644.811155279503,6358207.750000001,7898.394720496895
2800200,0911,CHICKASAW COUNTY CONSOL,15339052.404,6928.207951219511,13120068,2218984.404,2218984.404,3949555.41,2214,5.496836147575836,12877302,5816.306233062331,5925.956639566396,14627983,6607.038392050587,59,194,183,174,154,146,134,150,152,171,195,168,150,126,0.3313,838,46,23,0,28,12,5,25,109,5,72,5,77,0,5,362,79249443,4476040.07,CHICKASAW C,402.7771504479714,0.264,5634791.05,1955.66111,214,142,10,733.4982,584.496,79249.443,35.79468970189702,12408998.596,5604.787080397471,10678427.59,4823.138026196929,17596108,7947,4476040,2021,NA,NA,NA,1520243,646341.7612634,378375,492494.54,1240723.92,1002.2513116531165,17072270.864,7711.052784101174
2800990,1000,CHOCTAW COUNTY,9162993.86,7449.58850406504,7042868,2120125.8600000003,7774436.208,2120125.8600000003,1230,2.941601509118056,6945544,5646.783739837399,5725.908943089431,7852318,6383.99837398374,65,91,105,89,96,83,92,103,88,95,99,86,65,62,0.2318,372,5,14,0,16,5,0,5,79,0,82,0,81,0,0,280,277658436,11067317.21,CHOCTAW COU,418.1395733539638,0.29600000000000004,4353851.68,1098.55556,176,106,0,285.11400000000003,364.08000000000004,277658.436,225.7385658536585,77881.79200000037,63.31853008130111,5732192.14,4660.31881300813,18110185,14723,11067317,8997,Rural,81400,36777,1236373,356057.88722324,239967,269270.86,961634.11,1723.67956097561,10393898.829999998,8450.324252032518
2801020,1100,CLAIBORNE COUNTY,8616846.84,7253.238080808081,6623088,1993758.84,2184837.452,1993758.84,1188,2.437681092409674,6431257,5413.5159932659935,5574.989898989899,7384292,6215.7340067340065,39,75,91,87,90,61,83,80,97,93,96,109,73,81,0.5606,588,0,5,0,5,5,5,15,30,11,59,0,44,0,5,179,78029909,5292737.7,CLAIBORNE C,487.34840816509313,0.39799999999999996,3868931.62,1017.72881,79,89,16,665.9928,472.82399999999996,78029.909,65.68174158249158,5199454.548,4376.6452424242425,5390533.16,4537.485824915825,11915825,10030,5292737,4455,Rural,67500,29338,835413,360442.7020964,371360,267400.93,609582.31,1678.2481818181818,9493830.08,7991.439461279461
2801050,1420,CLARKSDALE,14078591.311999999,6647.115822474032,12061369,2017222.312,2017222.312,3630853.35,2118,112.71631676836104,11613241,5483.116619452314,5694.6973559962225,13447605,6349.199716713881,75,173,167,153,179,121,110,183,110,167,190,164,149,133,0.5653,575,27,17,5,30,15,0,41,52,5,24,5,32,5,5,220,72043654,5040967.68,CLARKSDALE,18.79053592881872,0.516,14527676.69,1745.65093,114,102,20,1197.3054,1092.888,72043.654,34.014945231350325,11430382.688000001,5396.781250236072,9816751.65,4634.915793201133,17102336,8074,5040967,2380,Town,65400,30223,1470046,616231.62508296,213402,471224.01,1126703.84,952.4184664778093,15676519.161999999,7401.567120868744
.,1425,CLARKSDALE COLLEGIATE,4244987.836370161,8307.21690092008,3758302,486685.83637016045,486685.83637016045,1131367.77,511,Inf,3152814,6169.890410958904,7354.79843444227,4190251,8200.099804305284,0,69,73,78,76,5,70,75,0,0,0,0,0,0,0.5208,0,0,5,0,5,5,0,5,21,0,5,0,15,0,0,58,17381637.013220016,396211,CLARKSDALE C,0,0.516,1251932,416.883333,41,20,0,266.1288,263.676,17381.637013220017,34.014945231350325,3703565.1636298397,7247.681337827475,3058883.23,5986.072857142857,NA,NA,NA,NA,NA,NA,NA,68371,187836.37553092,0,118507.23,113604.7,952.4184664778091,4477099.766370161,8761.447683698945
2800750,0614,CLEVELAND,19451813.48,6902.701731724627,14951069,4500744.48,6140151.164000001,4500744.48,2818,26.20708102528859,14704672,5218.123491838183,5305.560326472676,16669424,5915.338537970191,68,218,217,203,204,184,247,207,203,219,235,227,206,129,0.4468,869,62,34,0,45,5,5,41,153,15,67,5,77,5,5,450,219291113,12328721.85,CLEVELAND,107.5281904642781,0.405,9162184.58,2530.39444,275,157,25,1259.0824,1141.29,219291.113,77.81799609652236,10529272.836,3736.434647267565,12168679.52,4318.19713271824,27279790,9680,12328721,4374,Town,129500,35789,2073160,841033.26990588,366002,637882.11,1699925.19,1597.141405251952,21789620.78,7732.299779985806
2801090,2521,CLINTON,35716945.3,6854.144175781999,27452788,8264157.300000001,8273302.408,8264157.300000001,5211,38.89745095683939,27710753,5317.741892151219,5268.2379581654195,30607990,5873.726731913261,46,342,324,369,358,383,376,444,405,452,465,468,395,348,0.1769,1262,237,49,0,66,21,5,31,252,5,74,5,114,0,5,630,295475086,19754262.53,CLINTON,133.9676475402495,0.155,9536034.84,4786.26257,432,185,10,921.8259,807.705,295475.086,56.70218499328344,22334687.592,4286.065552101324,22343832.7,4287.82051429668,47207050,9059,19754262,3790,Rural,167600,62362,2332623,1518946.77230744,423413,1193720.75,2470788.5,1585.9062176165805,39381454.55,7557.369900211092
2801110,1400,COAHOMA COUNTY,7457518.38,7548.095526315789,5732004,1725514.3800000001,4089162.9239999996,1725514.3800000001,988,1.8493732558731437,6170910,6245.86032388664,5801.6234817813765,6390794,6468.414979757085,0,49,61,58,78,50,80,87,72,122,82,79,87,63,0.5342,365,0,5,0,5,5,5,15,36,5,24,5,66,5,5,162,146041533,5658673.3,COAHOMA COU,534.2350425271701,0.44,5966637.66,962.591506,107,59,15,527.7896000000001,434.72,146041.533,147.81531680161942,2301631.0760000004,2329.5861093117414,4665279.62,4721.9429352226725,11390677,11529,5658673,5727,Rural,71700,27333,992769,308992.95452468,107670,226729.81,643050.39,1746.472044534413,8327298.579999999,8428.439858299595
2801140,8111,COFFEEVILLE,3141324.0300000003,7533.151151079137,2414487,726837.03,1406185.228,726837.03,417,1.2403494183040804,2336671,5603.52757793765,5790.136690647482,2691989,6455.6091127098325,0,31,26,27,29,24,33,32,20,28,37,36,44,32,0.5037,131,0,5,0,5,5,0,5,15,5,5,5,21,0,0,67,50220901,1989737.93,COFFEEVILLE,336.1955863777166,0.35100000000000003,2464604.96,368.960894,41,25,5,210.0429,146.36700000000002,50220.901,120.43381534772182,1285803.772,3083.4622829736213,1965151.97,4712.594652278178,4404224,10561,1989737,4771,Rural,74000,38197,307919,117224.65579764,57880,96067.99,277663.89,1743.0144604316547,3515055.9100000006,8429.390671462832
2801170,4620,COLUMBIA,12052505.288,7322.299688942892,9629524,2422981.288,2422981.288,2898791.2800000003,1646,24.845600519653804,9044947,5495.107533414338,5850.25759416768,10736264,6522.6391251518835,5,138,121,140,137,103,98,132,120,120,109,155,106,99,0.3224,498,5,38,0,32,20,0,11,113,5,83,0,65,0,0,363,86535046,6203323.22,COLUMBIA,66.2491533942982,0.298,6256365.45,1419.66006,210,152,5,530.6704000000001,490.508,86535.046,52.5729319562576,8313282.711999999,5050.597030376671,7837472.72,4761.526561360874,15832847,9618,6203323,3768,Town,94100,31430,1456267,459835.41939272,79052,367442.53,816243.04,1472.0420947752127,13236190.858,8041.4282247873625
2801200,4420,COLUMBUS,21202624.73,6861.6908511326865,16296779,4905845.73,6158857.2360000005,4905845.73,3090,46.88638155601814,16151073,5226.884466019417,5274.038511326861,18169799,5880.193851132686,95,255,260,250,248,212,191,221,186,250,265,248,193,172,0.5473,1104,45,69,0,61,33,5,31,91,5,109,5,98,5,5,506,219959187,13334111.09,COLUMBUS,65.90399807901962,0.32899999999999996,13193710.86,2717.00049,250,252,15,1691.157,1016.6099999999999,219959.187,71.18420291262136,12010941.763999999,3887.0361695792876,13263953.27,4292.541511326861,29630890,9589,13334111,4315,Town,127200,40362,2375056,939256.16621032,337991,694447.69,1675292.24,1587.6523398058255,23572364.66,7628.596977346278
2801220,1500,COPIAH COUNTY,15952347.732,7234.624821768708,12268733,3683614.732,3683614.732,3693276.54,2205,4.93409564785735,12820619,5814.339682539682,5564.051247165533,13678802,6203.538321995465,0,163,174,145,151,130,165,171,162,186,197,202,164,163,0.3936,556,103,24,0,24,5,5,21,86,12,58,5,108,0,5,350,131557669,4941811.16,COPIAH COUN,446.89040451770114,0.247,6866971.38,2136.74843,218,118,17,867.888,544.635,131557.669,59.66334195011338,9995187.268,4532.96474739229,9985525.46,4528.58297505669,17210544,7805,4941811,2241,Rural,99400,46493,1483727,671774.403562,137076,509557.71,1106346.32,1670.5735746031746,17568251.762000002,7967.461116553289
2801260,0220,CORINTH,15622119.228,6273.943465060241,12491659,3130460.228,3130460.228,3760384.2300000004,2490,81.66326476738158,12920052,5188.775903614458,5016.730522088354,13927349,5593.3128514056225,119,187,193,200,188,182,204,187,174,154,193,176,132,141,0.3242,965,231,35,0,32,5,0,18,98,5,33,5,89,5,5,318,111802151,6702195.74,CORINTH,30.4910660514588,0.27,5945567.09,2147.51111,219,96,15,807.2579999999999,672.3000000000001,111802.151,44.900462248995986,10796888.772,4336.0999084337345,10166964.77,4083.1183815261043,19193854,7708,6702195,2691,Town,123400,38646,1309748,731117.53393968,149433,548826.38,1041315.15,1257.2129429718875,17212260.758,6912.554521285141
2801290,1600,COVINGTON COUNTY,18931108,7256.078190877731,14550844,4380264,8160987.716,4380264,2609,6.305562967360604,14578892,5587.923342276735,5577.172863165964,16223200,6218.167880413952,0,241,209,188,195,178,177,208,192,226,229,216,179,103,0.3836,559,61,34,0,65,5,5,36,167,5,51,0,248,0,0,618,291463847,10299071.680000002,COVINGTON C,413.7616281852912,0.28600000000000003,11599438.1,2312.99991,480,131,5,1000.8124,746.1740000000001,291463.847,111.7147746262936,8062212.284,3090.154190877731,11842936,4539.262552702185,24849915,9524,10299071,3947,Rural,77100,38178,2930320,761519.45408596,323221,600717.12,1580427.38,1678.9053277117669,21112252.5,8092.086048294365
2801320,1700,DESOTO COUNTY,234332268.12,6694.633834814159,180112662,54219606.120000005,58630668.768,54219606.120000005,35003,73.49241433175584,181119369,5174.395594663315,5145.635002714053,200813356,5737.032711481873,5,2388,2584,2490,2574,2485,2564,2684,2736,2877,3092,2794,2597,2437,0.1765,7346,1567,749,5,794,292,66,161,598,110,1131,24,1347,13,5,5297,2093952456,121174285.74,DESOTO COUN,476.28044769343376,0.127,51394776.14,30014.9157,2739,2423,133,6178.0295,4445.381,2093952.456,59.82208542124961,142182687.232,4062.014319686884,146593749.88,4188.033879381767,301286947,8607,121174285,3461,Suburb,168500,67038,25877680,10076320.6892928,1562060,8036987.35,16978282.19,1548.9988321001058,259347537.66,7409.294565037282
2801410,6811,E. TALLAHATCHIE,6141383.13,7199.745756154748,4720395,1420988.1300000001,1551309.0599999998,1420988.1300000001,853,2.320099544837993,4785661,5610.388042203986,5533.874560375147,5262919,6169.893317702227,20,59,60,50,72,40,57,79,55,79,94,70,51,60,0.4033,320,0,5,0,5,5,0,5,24,0,16,5,41,5,0,107,55403895,2587029.16,E. TALLAHAT,367.65663865494315,0.431,4882824.79,770.616667,70,36,5,344.0149,367.643,55403.895,64.95181125439625,3711609.9400000004,4351.242602579133,3841930.87,4504.022121922626,7307424,8566,2587029,3032,Town,65600,31982,647247,264558.55273288,59279,195642.11,566081.98,1665.8711957796015,6903107.220000001,8092.740000000001
2801380,3111,EAST JASPER,5637418.07,7466.7789006622525,4333037,1304381.07,2451217.468,1304381.07,755,2.2854885570485277,3672371,4864.067549668875,5739.121854304636,4831041,6398.729801324504,5,59,47,55,65,39,58,50,59,56,62,64,54,64,0.3718,212,5,5,0,5,5,5,25,5,5,20,0,48,0,0,116,87543481,5808166.72,EAST JASPER,330.34512365925144,0.297,3508970.12,682.879915,58,60,5,280.709,224.23499999999999,87543.481,115.95163046357617,2379823.532,3152.084148344371,3526659.9299999997,4671.072754966887,10141203,13432,5808166,7692,Rural,75100,31824,639301,230940.74366248,43920,171800.42,489891.43,1727.657046357616,6299109.92,8343.191947019868
2801440,1211,ENTERPRISE,6603157.07,6914.300596858639,5075324,1527833.07,1784787.256,1527833.07,955,5.296080283810711,4969352,5203.509947643979,5314.475392670157,5658641,5925.278534031414,54,75,53,69,63,71,66,64,62,69,76,72,75,69,0.125,291,0,17,0,5,5,0,5,37,5,53,0,37,0,0,164,63742402,3690708.5,ENTERPRISE,180.32203985262188,0.145,1824087.87,798.201117,79,80,5,119.375,138.475,63742.402,66.74597068062828,3873853.744,4056.3913549738218,4130807.9299999997,4325.4533298429315,8766032,9179,3690708,3864,Rural,109200,62896,680199,272743.71950468,123212,208497.93,571244.96,1599.8252041884818,7382899.96,7730.7852984293195
2801470,6220,FOREST SEPARATE,10959134.530000001,6662.0878601823715,8423419,2535715.5300000003,2666880.104,2535715.5300000003,1645,18.332709151893855,8395131,5103.423100303951,5120.619452887538,9391539,5709.142249240122,0,152,125,162,149,107,110,125,97,130,146,123,99,92,0.265,182,510,16,0,37,5,5,12,71,5,16,5,80,0,5,243,95245718,5753213.69,FOREST SEPA,89.73032770936987,0.282,4835253.22,1487.47486,188,59,10,435.925,463.88999999999993,95245.718,57.90013252279635,6724658.896,4087.9385386018234,6855823.47,4167.673841945289,14176632,8618,5753213,3497,Town,71100,31197,1013349,483513.77772492,26415,378194.67,798644.85,1541.468407294833,12135974.05,7377.491823708207
2801510,1802,FORREST AHS,4352471.11,7123.520638297873,3345400,1007071.1100000001,20963441.968000002,1007071.1100000001,611,Inf,3286429,5378.770867430442,5475.2864157119475,3729893,6104.571194762684,0,0,0,0,0,0,0,0,0,0,169,171,5,135,0.2814,480,11,5,0,0,5,0,5,0,5,32,5,48,5,5,113,748694356,2377849.11,FORREST AHS,0,0,1634607.82,525.039106,48,52,15,171.9354,0,748694.356,1225.3590114566284,-17233548.968000002,-28205.481126022918,2722821.8899999997,4456.3369721767585,5723249,9367,2377849,3891,NA,NA,NA,431797,175397.96518344,303964,137674.08,319167.24,1648.234222585925,4809312.430000001,7871.21510638298
2801490,1800,FORREST COUNTY,14936478.01,7015.724758102396,11480488,3455990.0100000002,5323374.588,3455990.0100000002,2129,6.099294674878881,11758426,5522.980742132457,5392.432127759512,12799963,6012.1949271958665,57,212,221,188,188,196,164,225,198,209,72,61,47,45,0.3396,575,101,28,0,40,14,5,5,142,5,74,5,93,0,5,418,190120521,9137099.36,FORREST COU,349.05675385199805,0.252,9825275.76,1940.25,275,131,10,723.0084,536.508,190120.521,89.30038562705496,7476588.412,3511.7841296383276,9343972.99,4388.9022968529825,20617587,9684,9137099,4291,Rural,110900,39531,1873962,631433.0326775201,233371,480573.7,1264178.15,1623.2926303428842,16681229.86,7835.241831845937
2801530,1900,FRANKLIN COUNTY,9356942.112,7726.624369942197,7404663,1952279.112,1952279.112,2229037.6500000004,1211,2.1475970546666097,7162297,5914.365813377374,6114.50289017341,8255695,6817.254335260116,41,83,88,84,77,79,74,79,100,103,101,122,100,63,0.2573,301,0,14,0,27,18,5,5,55,5,40,5,108,0,5,275,69724254,3442611.43,FRANKLIN CO,563.8860406185433,0.314,5208620.27,1086.38889,190,87,10,311.59029999999996,380.254,69724.254,57.5757671345995,6303415.888,5205.13285549133,6026657.35,4976.595664739884,10847274,8957,3442611,2842,Rural,76600,40219,1232123,348749.86243464,275179,271608.29,732875.52,1612.121479768786,10361425.921999998,8556.09076961189
2801560,2000,GEORGE COUNTY,27816538.08,6678.640595438174,22454696,5361842.08,5361842.08,6759573.390000001,4165,8.701916152125772,22230598,5337.478511404562,5391.283553421368,25035457,6010.914045618248,123,314,334,328,303,299,292,318,334,312,297,255,273,254,0.2409,1368,55,54,0,72,13,12,32,125,5,99,5,278,5,5,697,191494360,9944452.61,GEORGE COUN,478.63021513744894,0.201,14084643.9,3607.17978,475,215,15,1003.3485000000001,837.1650000000001,191494.36,45.977037214885954,19673614.92,4723.557003601441,18275883.61,4387.96725330132,32399148,7778,9944452,2387,Rural,110800,47292,2616531,1193583.48423916,534023,932630.86,2055456.02,1287.3570420168066,30804624.959999997,7396.068417767106
2801590,2100,GREENE COUNTY,12276084.24,7485.4172195121955,9435654,2840430.24,3571711.892,2840430.24,1640,2.3013007668174144,9199826,5609.65,5753.44756097561,10520112,6414.7024390243905,0,149,149,134,106,124,147,121,129,131,157,103,83,90,0.2595,763,5,22,0,15,5,5,5,59,5,30,0,77,5,0,230,127561139,6635647.57,GREENE COUN,712.6404438947105,0.23399999999999999,6685145.14,1503.28556,151,67,10,425.58000000000004,383.76,127561.139,77.78118231707317,6948400.108,4236.829334146341,7679681.76,4682.732780487805,16071301,9799,6635647,4046,Rural,77700,49677,1159160,484975.38268264,433484,382168.28,956220.73,1731.9696585365855,13614473.25,8301.508079268293
2801620,7620,GREENVILLE,24656075.76,6961.060350084698,19253569,5402506.760000001,5402506.760000001,5795933.130000001,3542,94.38547615181574,18699214,5279.281197063806,5435.790231507623,21466419,6060.536137775268,110,250,289,315,303,271,287,261,285,247,294,198,198,163,0.6286,984,13,17,0,59,5,5,32,68,5,14,5,168,5,5,388,192946670,11675470.27,GREENVILLE,37.52696012575936,0.42700000000000005,16480297.61,3148.30556,295,78,15,2226.5012,1512.4340000000002,192946.67,54.473932806324115,16063912.239999998,4535.266019198192,15670485.87,4424.191380575946,30929039,8732,11675470,3296,Town,73000,26150,1973598,1072265.7975342,421923,793554.33,1936298.59,1525.2701185770752,27385928.68,7731.769813664596
2800198,4211,GREENWOOD-LEFLORE CONS,26806614.11,6651.765287841191,20604122,6202492.11,8108869.272,6202492.11,4030,6.784593962589694,20329784,5044.6114143920595,5112.685359801489,22972193,5700.296029776675,106,291,355,301,330,215,324,316,212,265,359,335,290,272,0.5879,1232,127,48,0,42,14,5,38,143,5,61,5,132,5,5,495,289602474,12187376.13,GREENWOOD-L,593.9928052027067,0.473,16341008.19,3518.66111,317,171,15,2369.237,1906.1899999999998,289602.474,71.86165607940447,14863323.728,3688.16965955335,16769700.89,4161.216101736973,32791498,8136,12187376,3024,NA,NA,NA,2360351,1162888.8850842,371679,912529.04,2114143.52,1539.0799280397023,29833286.669999998,7402.800662531017
2801680,2220,GRENADA,27536664.59,7126.465991200828,21165254,6371410.590000001,6652979.312,6371410.590000001,3864,9.15500837734796,22643366,5860.084368530021,5477.550207039338,23597817,6107.09549689441,152,346,334,279,271,252,266,250,281,288,280,258,245,253,0.2991,1144,5,156,0,72,21,5,39,89,23,184,5,75,5,5,675,237606404,9572418.34,GRENADA,422.0640594453864,0.344,15370924.91,3285.71111,236,410,33,1155.7223999999999,1329.216,237606.404,61.492340579710145,16944837.688,4385.3099606625265,17226406.41,4458.179712732919,30737672,7954,9572418,2477,Town,105000,40122,3357478,1112608.06346152,380913,859235.85,1956298.86,1648.9157841614908,30352199.3,7855.124042443064
2801710,2421,GULFPORT,42077057.77,6883.209188614429,32341303,9735754.770000001,12165904.828000002,9735754.770000001,6113,271.24536213882203,32914005,5384.263863896614,5290.577948634059,36058351,5898.634222149517,81,484,523,498,449,482,456,466,460,485,549,416,360,401,0.4456,1636,320,122,0,112,73,5,37,149,17,150,5,316,5,5,992,434496601,31515294.04,GULFPORT,22.53679086638686,0.32799999999999996,22103133.67,5786.39444,577,392,27,2723.9528,2005.0639999999999,434496.601,71.07747439882219,23892446.172,3908.4649389824963,26322596.229999997,4306.002982169147,63856597,10446,31515294,5155,City,135900,36464,4718089,1856002.90003748,560025,1394972.68,3099817.25,1592.6312399803699,46571847.7,7618.492998527729
2801740,2300,HANCOCK COUNTY,28983853,7138.8800492610835,22277593,6706260,12012236.936,6706260,4060,10.288330364717133,22007459,5420.556403940886,5487.091871921182,24838000,6117.7339901477835,5,296,342,338,316,302,289,295,319,344,337,314,293,241,0.2348,1309,0,91,0,75,44,5,29,150,12,67,5,257,0,5,736,429008462,19348284.81,HANCOCK COU,394.62185369974026,0.21100000000000002,10670942.95,3713.07263,482,241,17,953.288,856.6600000000001,429008.462,105.66710886699508,12825763.064,3159.054941871921,18131740,4465.945812807881,41625877,10252,19348284,4765,Rural,135900,53182,3003329,1208492.21282504,628698,931929.63,2259750.45,1651.7881773399015,32175533.08,7925.008147783251
2801770,2400,HARRISON COUNTY,96615855.78,6730.467138975967,74260959,22354896.78,30333828.196,22354896.78,14355,31.394760263462175,73342961,5109.227516544758,5173.177220480668,82795914,5767.740438871473,0,1047,1232,1180,1070,1093,1091,1141,1155,1253,1296,1087,832,784,0.3484,3413,624,256,5,294,104,24,77,579,40,486,22,332,5,5,2228,1083351007,56565734.38,HARRISON CO,457.24190532222747,0.226,30180940.03,13107.5533,1205,969,55,5001.282,3244.23,1083351.007,75.46854803204458,52462085.804000005,3654.6210939742255,60441017.22,4210.4505203761755,130826693,9113,56565734,3940,Rural,147400,51499,9073970,4185580.12706168,966721,3296698.16,7221819.76,1557.2899184952978,107134373.7,7463.209592476489
2801800,1820,HATTIESBURG,24377844.45,6647.898677392964,18737319,5640525.45,10077916.015999999,5640525.45,3667,151.6861202731426,18204749,4964.4802290700845,5109.713389691846,20890835,5696.982547041178,96,357,347,305,275,269,209,275,237,269,259,256,235,182,0.5398,1463,202,65,0,62,14,5,37,110,19,92,5,79,5,5,483,359925572,23641465.01,HATTIESBURG,24.174921168771405,0.33899999999999997,16408732.55,3235.37222,251,218,29,1979.4465999999998,1243.1129999999998,359925.572,98.15259667302972,10812918.984000001,2948.7098401963462,15250309.55,4158.79725934006,42378784,11556,23641465,6447,City,106900,33639,2403680,1061450.09985564,680291,828148.16,2079969.83,1538.1852877011181,27285962.439999998,7440.949670029997
2801830,1520,HAZLEHURST,8830033.95,6454.703179824561,6786948,2043085.9500000002,3159608.676,2043085.9500000002,1368,4.141842971712477,6715514,4909.001461988304,4961.2192982456145,7566985,5531.421783625731,39,101,98,89,125,83,97,123,66,131,105,116,90,84,0.5122,524,137,5,0,5,5,5,14,5,5,24,5,37,5,0,107,112843167,5442692.68,HAZLEHURST,330.28775097052744,0.317,4178602.9,1174.90906,47,58,10,700.6895999999999,433.656,112843.167,82.4876951754386,4407376.324,3221.7663187134503,5523899.05,4037.9379020467836,12229640,8939,5442692,3978,Town,89900,37137,661335,413062.27066,132461,309941.99,726902.32,1493.4838815789476,9866878.26,7212.630307017544
2801860,2500,HINDS COUNTY,33476825.19,6738.491382850242,25730985,7745840.19,12272488.311999999,7745840.19,4968,7.8649570458118365,25479863,5128.796900161031,5179.344806763285,28688297,5774.6169484702095,86,329,320,326,362,309,380,399,367,391,452,434,352,399,0.3017,1212,74,50,0,56,19,5,42,112,16,101,5,225,5,0,631,438303154,28401203.2,HINDS COUNT,631.6626996259956,0.204,10854508.62,4539.08777,393,222,21,1498.8456,1013.472,438303.154,88.22527254428341,16415808.688000001,3304.309317230274,20942456.81,4215.470372383253,54132188,10896,28401203,5716,Rural,149700,60334,2923802,1502575.543721,0,1141362.53,2780140.03,1559.1465760869567,37398327.75,7527.84375
2801890,7611,HOLLANDALE,4220933.064,7702.4325985401465,3280251,940682.064,940682.064,987459.1200000001,548,2.8730051809394253,3244025,5919.753649635037,5985.859489051095,3657256,6673.824817518248,40,33,29,32,45,49,36,30,46,47,47,35,37,32,0.7313,20,0,5,0,5,5,0,5,23,0,11,0,23,0,5,83,33595788,1852461.6,HOLLANDALE,190.74104134431565,0.366,4336243.53,486.931409,51,26,5,400.75239999999997,200.56799999999998,33595.788,61.306182481751826,2716573.9359999998,4957.251708029196,2669796.88,4871.892116788321,5132712,9366,1852461,3380,Rural,67300,32604,335956,153181.21180896,0,123415.81,327941.59,1716.5731094890511,4672290.464,8526.077489051095
2801950,4720,HOLLY SPRINGS,7304756.41,7126.591619512195,5614588,1690168.4100000001,2606961.5039999997,1690168.4100000001,1025,5.711054768038826,5870114,5726.940487804878,5477.646829268293,6259883,6107.202926829268,17,75,87,90,88,68,73,85,63,71,96,86,72,43,0.43,342,22,15,0,23,5,5,5,65,5,25,0,40,0,5,191,93105768,5233731.99,HOLLY SPRIN,179.47647879972698,0.32899999999999996,4063947.91,930.405556,128,55,10,440.75,337.22499999999997,93105.768,90.83489560975609,3652921.4960000003,3563.825849756098,4569714.59,4458.258136585366,10848319,10583,5233731,5106,Town,88900,36744,977384,314546.69534688,162627,236079.49,637854.36,1648.9447902439026,8178690.260000001,7979.210009756098
2800195,2611,HOLMES CONSOL,17320682.856,6808.444518867924,13771855,3548827.856,3548827.856,4145763.87,2544,3.362543650442076,13537544,5321.361635220126,5413.465015723271,15354681,6035.645047169812,101,188,176,170,203,134,161,223,174,202,213,220,188,182,0.5658,878,5,5,0,29,32,5,24,90,5,32,0,91,0,5,312,126743852,6609648.9,HOLMES CONS,756.5701042023762,0.433,20286509.1,2157.23261,210,98,10,1439.3952,1101.552,126743.852,49.820696540880505,11805853.144,4640.665544025157,11208917.129999999,4406.020884433962,20381503,8011,6609648,2598,Rural,60400,21504,1299812,731409.31790552,344157,569395.68,1331077.92,1394.9795031446542,19221156.456,7555.486028301887
2802040,2700,HUMPHREYS COUNTY,9611035.44,7962.746843413422,7387242,2223793.44,2416598.5760000004,2223793.44,1207,2.883267672983574,7296613,6045.246893123446,6120.333057166528,8236272,6823.754763877382,0,78,63,66,105,56,79,108,106,114,121,123,95,68,0.6359,641,0,5,0,5,5,5,21,67,5,22,0,62,5,5,210,86307092,3266347.3,HUMPHREYS C,418.6222497861288,0.433,4763728.07,1194.56182,134,58,15,767.5313,522.631,86307.092,71.50546147473074,5819673.424,4821.601842584921,6012478.5600000005,4981.340977630489,10653589,8826,3266347,2706,Town,69100,28962,906418,367458.94291916,234793,277451.84,608771.26,1842.413786246893,10497258.54,8696.983048881524
2802100,2900,ITAWAMBA COUNTY,24947841.548,7391.953051259259,20321707,4626134.5479999995,4626134.5479999995,6117476.4,3375,6.33538802246196,19941628,5908.630518518518,6021.246518518518,22657320,6713.28,0,283,271,256,248,258,227,249,285,268,234,269,230,217,0.1791,972,22,42,0,30,34,5,22,127,5,288,5,157,5,5,727,165219091,7590614.85,ITAWAMBA CO,532.7219087503436,0.159,7372394.53,3113.61667,314,396,15,604.4625,536.625,165219.091,48.953804740740736,18031185.452,5342.573467259259,16539843.6,4900.6944,27912321,8270,7590614,2249,Rural,87600,44567,2705112,991291.2717994,431103,774387.48,1986813.66,1370.7065327407406,27709042.688,8210.08672237037
2802160,3000,JACKSON COUNTY,58948082.61,6618.9178767123285,45308724,13639358.610000001,16684565.715999998,13639358.610000001,8906,17.340467993401976,44651755,5013.671120592859,5087.438131596677,50516143,5672.147204132046,0,622,676,645,613,664,642,690,709,713,791,697,686,589,0.1588,1959,190,123,0,102,48,14,37,212,36,224,5,457,5,5,1263,595877347,39052547.89,JACKSON COU,513.5962883694212,0.152,19167342.79,8023.70787,771,451,46,1414.2728,1353.712,595877.347,66.90740478329215,33831577.284,3798.7398701998654,36876784.39,4140.667459016394,84361271,9472,39052547,4384,Rural,146700,56700,4881551,2579227.0511712,675496,2053657.83,4357233.76,1531.4797451156526,65358974.199999996,7338.757489333034
2802190,2520,JACKSON PUBLIC,124713603.39,6665.612153393907,95857473,28856130.39,35388877.888000004,28856130.39,18710,179.73901008717698,97624406,5217.766221272047,5123.328327097809,106874557,5712.162319615179,800,1273,1357,1325,1473,1134,1365,1361,1046,1280,1775,1560,1339,1336,0.5392,5053,415,191,5,249,84,18,347,373,29,383,5,485,5,5,2181,1263888496,96927943.61,JACKSON PUB,104.09537690746866,0.401,67919104.22,16679.1833,1107,1028,44,10088.432,7502.71,1263888.496,67.55149631213256,71485679.11199999,3820.720422875467,78018426.61,4169.878493319081,192785416,10303,96927943,5180,City,89100,38399,10955513,5655999.46667,1437620,4155700.27,11759441.05,1542.2838262960984,140628744.71,7516.234351149119
2802250,3300,JEFF DAVIS COUNTY,9257900.23,7496.275489878542,7115815,2142085.23,2990386.364,2142085.23,1235,3.02406815418243,6801130,5506.987854251012,5761.793522267207,7933649,6424.007287449393,0,91,106,80,112,83,95,91,89,92,107,92,99,85,0.3773,508,5,18,0,14,5,5,5,58,5,30,5,71,5,0,209,106799513,5841123.54,JEFF DAVIS,408.39026669816826,0.37200000000000005,7500445.03,1128.20879,143,68,10,465.9655,459.4200000000001,106799.513,86.47733846153847,4943262.636,4002.6418105263156,5791563.77,4689.525319838056,12956938,10491,5841123,4729,Rural,94600,32116,911544,373889.82572456,250985,288437.71,823222.01,1734.481967611336,10369559.950000001,8396.404817813765
2802220,3200,JEFFERSON COUNTY,7594325.172,7144.238167450611,6075832,1518493.172,1518493.172,1829017.53,1063,2.044774724268764,5866334,5518.658513640639,5715.740357478833,6774139,6372.661335841956,38,83,81,72,73,69,82,79,74,79,100,90,56,66,0.5077,392,0,16,0,15,5,0,5,16,5,23,0,53,0,0,140,54231899,3264024.33,JEFFERSON C,519.8616685660282,0.429,7157999.7,935.093407,84,49,5,539.6851,456.027,54231.899,51.0177789275635,5255645.828,4944.163525870178,4945121.47,4652.042775164628,9339856,8786,3264024,3070,Rural,63400,25019,660344,303146.53469380003,176238,235845.75,568908.77,1428.497809971778,8399079.692,7901.297922859831
2802280,3400,JONES COUNTY,59440752.468,6973.340270764899,48754945,10685807.468,10685807.468,14676780.15,8524,12.532828035582142,49078756,5757.714218676678,5719.726067573909,54358445,6377.105232285312,213,624,688,620,597,641,573,626,628,652,679,672,560,556,0.2359,1977,587,123,0,105,73,14,64,290,88,343,5,470,5,5,1585,381635981,24411833.97,JONES COUNT,680.1338034639415,0.20600000000000002,18990452.13,7660.86304,865,622,98,2010.8116,1755.9440000000002,381635.981,44.77193582824965,43672637.532,5123.491029094322,39681664.85,4655.286819568278,73166778,8583,24411833,2863,Rural,102600,46981,6678155,2496790.02543584,718492,1923229.75,4166069.41,1253.61420319099,65530051.628000006,7687.711359455655
2802310,3500,KEMPER COUNTY,6795683.5600000005,7687.42484162896,5223304,1572379.56,9677971.520000001,1572379.56,884,1.1539308915126445,5063006,5727.382352941177,5908.714932126697,5823628,6587.814479638009,22,64,69,47,57,58,48,64,52,68,79,107,72,52,0.491,319,0,13,0,5,5,5,5,36,5,27,0,26,0,0,123,345641840,7984702.55,KEMPER COUN,766.0770731609392,0.38,4120973.57,806.191011,67,55,5,434.044,335.92,345641.84,390.997556561086,-3854343.5200000014,-4360.117104072399,4251248.4399999995,4809.104570135746,13208006,14941,7984702,9032,Rural,73600,31103,662251,267481.76264832,212390,200784.44,742557.09,1778.7099095022625,7739025.090000001,8754.55326923077
2802340,0420,KOSCIUSKO,14615525.923999999,6884.373963259538,11562251,3053274.9239999996,3053274.9239999996,3480603.2100000004,2123,13.88364053689658,11686571,5504.743758831842,5446.185115402732,12891123,6072.125765426284,126,150,149,149,130,139,160,187,141,172,185,147,110,161,0.3232,573,26,34,0,28,19,5,18,85,5,76,5,109,5,0,380,109045533,5823437.56,KOSCIUSKO,152.91378326585195,0.301,9306818.41,1876.07778,222,157,10,686.1536,639.023,109045.533,51.36388742345737,9837848.076000001,4633.936917569477,9410519.79,4432.651808761187,17385688,8189,5823437,2743,Town,97600,32570,1771548,642541.40936476,37629,459536.91,1279002.82,1438.1888478568062,16354065.654,7703.281042863871
2802370,3600,LAFAYETTE COUNTY,19521781.68,6797.27774373259,15004848,4516933.680000001,4986644.432,4516933.680000001,2872,5.265027287859731,14682761,5112.381963788301,5224.529247910864,16729384,5824.994428969359,88,209,223,193,212,172,210,218,207,238,233,241,176,211,0.1609,872,39,46,0,34,41,5,5,158,13,84,5,152,5,5,554,178094444,12444490.33,LAFAYETTE C,545.4862516329878,0.157,4294321.9,2487.40988,344,186,23,462.10479999999995,450.904,178094.444,62.01060027855153,11742739.568,4088.6976211699166,12212450.32,4252.245933147632,27449338,9557,12444490,4333,Town,149100,53438,1883710,811507.5966999601,343697,642089.47,1633197.08,1572.7484958217271,21797068.229999997,7589.508436629525
2802400,3700,LAMAR COUNTY,69392592.63,6752.879781043207,53336592,16056000.63,18456790.856,16056000.63,10276,18.4821098768896,57470339,5592.676041261191,5190.404048267808,59466669,5786.947158427403,256,785,759,698,727,684,761,721,775,815,923,849,712,639,0.186,3020,334,207,0,81,54,5,46,379,33,424,16,676,5,5,1926,659171102,38313782.71,LAMAR COUNT,555.9971274085605,0.16699999999999998,22842073.31,9204.80556,1136,752,43,1911.336,1716.0919999999999,659171.102,64.14666231996885,41009878.144,3990.840613468276,43410668.37,4224.471425652005,91650374,8918,38313782,3728,Rural,177100,60830,7523075,3018306.42710432,905221,2338823.16,5947122.84,1562.4757327753991,77678538.63,7559.219407356948
2802430,3800,LAUDERDALE COUNTY,41850914.352,7081.37298680203,32497008,9353906.352,9353906.352,9782627.040000001,5910,9.094489642445751,32009830,5416.21489001692,5498.6477157360405,36231952,6130.617935702199,79,451,471,407,404,394,421,428,447,428,496,506,427,439,0.2524,1942,96,111,0,84,43,5,32,185,32,183,5,198,5,5,893,334068084,17790339.4,LAUDERDALE,649.8440519869175,0.185,12958370.16,5234.47296,467,379,42,1491.684,1093.35,334068.084,56.52590253807106,26878045.648000002,4547.89266463621,26449324.96,4475.351093062606,50287347,8508,17790339,3010,Rural,114600,52855,3790720,1716854.16987404,890464,1350561.68,3226031.14,1582.7252710659898,46427507.172,7855.754174619289
2802460,3420,LAUREL,17382501.89,6409.477098082596,13360553,4021948.89,6061171.2,4021948.89,2712,185.55971238482408,15119073,5574.879424778761,4926.457595870206,14896107,5492.6648230088495,111,227,227,224,220,168,212,203,187,189,202,182,175,148,0.4761,419,194,39,0,29,32,5,27,87,20,84,5,101,5,5,424,216470400,14655250.7,LAUREL,14.615241450556374,0.336,8772059.28,2311.04469,217,192,30,1291.1832000000002,911.2320000000001,216470.4,79.81946902654867,8834935.8,3257.719690265487,10874158.11,4009.64532079646,28015803,10330,14655250,5403,Town,84700,31481,1752686,818523.83752272,182120,603054.54,1369722.14,1483.0195022123894,19355278.57,7136.902127581121
2802490,3900,LAWRENCE COUNTY,12535055.8,7390.952712264151,9634705,2900350.8000000003,3469638.06,2900350.8000000003,1696,3.9392133131142626,9340471,5507.353183962264,5680.840212264151,10742040,6333.75,0,146,128,121,137,110,133,124,106,140,146,158,119,102,0.3284,581,17,27,5,34,5,5,16,96,5,34,0,66,5,5,294,123915645,7374467.95,LAWRENCE CO,430.5428178651175,0.257,4744510.8,1567.43825,196,87,20,556.9664,435.872,123915.645,73.06346992924529,7272401.9399999995,4287.972841981132,7841689.199999999,4623.6375,17009172,10028,7374467,4348,Rural,94800,41914,1246734,517424.265804,300491,394790.36,1079159.01,1710.1125000000002,14009005.17,8260.026633254716
2802520,4000,LEAKE COUNTY,18517969.044,7313.573872037915,14786799,3731170.044,3731170.044,4451293.98,2532,4.344414921585149,14271744,5636.549763033176,5839.968009478673,16486274,6511.166666666667,0,200,214,182,170,164,183,153,179,221,230,214,146,178,0.3133,703,273,41,0,84,19,5,24,53,13,104,5,102,0,0,445,133256073,5407327.41,LEAKE COUNT,582.8172597925218,0.289,10802074.2,2305.08907,239,198,13,793.2756,731.7479999999999,133256.073,52.62878080568721,12755103.956,5037.560804107425,12034980.02,4753.151666666667,20194126,7975,5407327,2135,Town,83300,37096,2171897,753334.28731416,330948,585523.89,1380629.13,1473.6058625592418,20484122.064,8090.095601895734
2802550,4100,LEE COUNTY,44463018.424,7054.2627993019205,34181820,10281198.424,10281198.424,10289808.540000001,6303,20.458006274803886,33279992,5280.024115500555,5423.103284150405,38110402,6046.39092495637,0,501,507,496,465,426,464,476,487,499,522,530,428,433,0.246,1605,125,84,0,87,36,5,39,227,11,141,5,341,5,5,984,367185658,23825813.85,LEE COUNTY,308.0945384087982,0.196,12212271.08,5627.86111,655,310,21,1550.538,1235.3880000000001,367185.658,58.25569696969697,27829203.575999998,4415.231409804855,27820593.46,4413.86537521815,58007633,9203,23825813,3780,Rural,121200,49723,3681223,1827354.36881476,540267,1458784.26,3866068.97,1631.1595151515153,49787871.654,7899.0753060447405
.,4225,LEFLORE LEGACY,2275149.455223821,9440.4541710532,1790227,484922.4552238213,484922.4552238213,538914.87,241,Inf,1703264,7067.485477178423,7428.327800829876,1995981,8282.078838174273,0,0,0,0,0,0,0,89,5,87,0,0,0,0,0.5622,5,0,0,0,0,5,0,5,5,5,5,0,11,0,0,22,17318659.115136474,772039.69,LEFLORE LEG,0,0.473,1012642.76,180.584932,16,15,5,135.49020000000002,113.993,17318.659115136474,71.86165607940445,1511058.5447761787,6269.952467950949,1457066.13,6045.917551867219,NA,NA,NA,NA,NA,NA,NA,46028,98796.61876488,0,55396.87,56793.29,2012.1263702233248,2387339.6152238213,9905.973507152785
2802610,7612,LELAND,4912078.85,7017.255499999999,3775526,1136552.85,1821726.508,1136552.85,700,3.6728497041148813,3691126,5273.0371428571425,5393.608571428572,4209455,6013.507142857143,42,43,40,50,54,44,57,55,53,66,54,43,45,29,0.5896,248,0,5,0,5,5,0,15,36,5,5,0,27,0,0,90,65061661,3894638.12,LELAND,190.5877061116207,0.305,5355699.91,631.15,68,30,5,412.72,213.5,65061.661,92.94523,2387728.492,3411.040702857143,3072902.15,4389.860214285714,7670164,10957,3894638,5563,Town,72000,38088,403540,196738.47161756,139560,152867.31,437800.07,1623.6469285714288,5502746.2299999995,7861.066042857142
2802640,4300,LINCOLN COUNTY,19940104.652,7134.205599999999,16621900,3318204.652,3318204.652,5003717.49,2795,6.414606713935994,16291711,5828.876923076923,5947.0125223613595,18532287,6630.514132379249,0,218,247,188,207,207,218,221,227,219,240,237,176,171,0.2343,1000,12,22,0,19,12,5,27,122,5,58,0,167,5,5,437,118507309,6118841.939999999,LINCOLN COU,435.7242968501481,0.204,4856062.13,2580.22472,308,124,15,654.8685,570.18,118507.309,42.39975277280858,15214082.348000001,5443.321054740609,13528569.51,4840.275316636851,22740741,8136,6118841,2189,Rural,95000,50288,1605913,815307.9485986,325768,649101.73,1383288.63,1187.1930776386403,21972495.012,7861.357786046511
2802670,2422,LONG BEACH,21188282.544,7233.964678729942,16936883,4251399.544,4251399.544,5098537.17,2929,180.4985717233992,17060468,5824.6732673267325,5782.479685899624,18883471,6447.071013997952,37,194,226,211,178,214,242,216,199,245,269,237,208,205,0.2292,657,48,60,0,74,30,5,16,95,14,105,5,109,0,5,511,151835698,10147927.49,LONG BEACH,16.227275219044266,0.171,10563525.94,2663.46667,278,221,19,671.3267999999999,500.85900000000004,151835.698,51.838749743939914,14632071.456,4995.5860211676345,13784933.83,4706.361840218505,27084810,9247,10147927,3464,Suburb,151300,53491,2371597,852141.64659312,222298,668969.81,1432179.55,1451.4849928303174,23289431.904,7951.325334243769
2802700,8020,LOUISVILLE,18087918.67,7169.2107292905275,13902751,4185167.6700000004,4553163.888,4185167.6700000004,2523,4.155359423044693,13490290,5346.9242964724535,5510.404676971859,15500621,6143.726119698771,39,173,208,176,155,145,184,163,214,234,212,206,189,185,0.3781,958,5,22,0,30,5,5,11,57,5,33,5,110,0,5,288,162612996,8706891.66,LOUISVILLE,607.1676943294018,0.3,8989137.49,2317.5366,197,81,10,953.9463,756.9,162612.996,64.45223781212843,10947457.112,4339.063460959175,11315453.33,4484.920067380103,22609642,8961,8706891,3451,Town,84900,34724,1458545,767365.87391684,483678,574304.27,1500172.7,1658.8060523186684,20162395.64,7991.437035275466
2802730,4400,LOWNDES COUNTY,36251293.08,6890.570819235886,27863499,8387794.080000001,14721070.056,8387794.080000001,5261,11.971104316286183,27400597,5208.248812012926,5296.236266869417,31065904,5904.942786542482,133,366,424,356,356,354,401,355,421,403,482,401,341,389,0.2349,1571,29,77,0,74,42,5,25,181,20,161,5,282,5,5,874,525752502,32506676.7,LOWNDES COU,439.47491066823557,0.182,11894740.24,4739.23333,537,315,30,1235.8089,957.502,525752.502,99.9339482988025,16344833.944,3106.7922341760122,22678109.919999998,4310.608234176012,60370175,11475,32506676,6178,Rural,139400,61457,3521717,1550810.29741144,514790,1197694.37,2670741.77,1594.3345523664705,40119729.22,7625.875160615852
2802790,4500,MADISON COUNTY,87124681.66,6619.410550068378,66965845,20158836.66,43065030.428,20158836.66,13162,24.987582801714243,65947698,5010.461783923416,5087.8168211518005,74662358,5672.569366357697,85,888,1009,942,929,917,1001,943,978,1038,1151,1128,992,916,0.128,4890,599,213,0,91,76,17,75,325,65,404,5,396,5,5,1680,1538036801,81414049.97,MADISON COU,526.7416262087198,0.10099999999999999,18540132.69,11965.6851,812,790,75,1684.736,1329.3619999999999,1538036.801,116.8543383224434,31597327.571999997,2400.647893329281,54503521.34,4140.975637441119,148379894,11273,81414049,6185,Suburb,228300,83293,6936614,3809644.23340488,1200043,3033504.59,7529248.15,1531.5937289165781,97687434.4,7421.9293724358
2802820,4600,MARION COUNTY,14546991.18,7640.2264600840335,11710691,2836300.1799999997,2836300.1799999997,3525288.2100000004,1904,3.9993761316539764,11385341,5979.695903361345,6150.57300420168,13056623,6857.47006302521,40,144,147,119,138,116,128,166,148,175,177,154,120,114,0.3229,757,5,15,0,11,12,5,14,145,5,45,5,83,0,0,334,101296435,5635882.7,MARION COUN,476.0742519140315,0.27399999999999997,9011834.97,1727.22803,239,96,5,614.8016,521.6959999999999,101296.435,53.20190913865546,10220322.82,5367.816607142858,9531334.79,5005.953146008403,17346573,9110,5635882,2960,Rural,86200,32855,1346342,567705.08742668,483338,436162.7,1082127.69,1489.6534558823528,16065281.569999998,8437.64788340336
2802850,4700,MARSHALL COUNTY,18928641.490000002,6816.2194778538,14548948,4379693.49,9647182.243999999,4379693.49,2777,5.273335491402194,13925285,5014.506661865323,5239.088224702917,16221087,5841.226863521786,0,213,223,189,234,185,239,216,175,217,272,208,197,160,0.2866,1009,232,34,0,30,18,5,32,56,14,35,5,116,5,5,346,344542223,10457297.79,MARSHALL CO,526.6116681799792,0.278,9336823.97,2487.44911,202,129,24,795.8882000000001,772.0060000000001,344542.223,124.06993986316168,6573904.756000001,2367.2685473532592,11841393.51,4264.095610370904,25006245,9004,10457297,3765,Rural,113500,46662,1722545,806245.6398436,195664,640687.01,1496618.88,1577.1312531508822,21065947.380000003,7585.865099027728
2802880,5720,MCCOMB,14868695.52,6947.9885607476635,11428389,3440306.52,3973191.9639999997,3440306.52,2140,48.53163931791994,11284482,5273.1224299065425,5340.368691588785,12741876,5954.147663551402,61,153,181,162,165,138,135,161,128,201,177,169,132,126,0.5119,714,42,18,0,23,5,5,28,63,5,62,5,58,0,0,271,141899713,8534905.3,MCCOMB,44.09494569061098,0.37200000000000005,9335373.91,1879.98276,144,123,5,1095.4660000000001,796.0800000000002,141899.713,66.30827710280373,8768684.036,4097.515904672898,9301569.48,4346.527794392524,19963294,9328,8534905,3988,Town,96100,28571,1699242,655404.0700184,396130,478937.5,1251661.01,1607.6198691588786,16599294.03,7756.679453271027
2802910,3820,MERIDIAN,29646927.560000002,6425.428599913308,22787246,6859681.5600000005,10295364.352,6859681.5600000005,4614,85.86799935428624,23010848,4987.179887299523,4938.718248807976,25406228,5506.334633723451,169,342,368,370,423,250,318,382,259,324,353,366,304,256,0.6029,1157,74,72,0,40,51,5,55,63,43,189,5,110,0,5,636,367691584,22438180.79,MERIDIAN,53.73363808050205,0.363,17171470.7,4011.7486,213,377,48,2781.7806,1674.882,367691.584,79.6904169917642,15110863.648,3275.002957954053,18546546.439999998,4019.6242826181183,45225426,9801,22438180,4863,Town,83300,32422,3002434,1390905.5237884,469928,1024257.75,2772313.87,1486.7103511053317,33443499.180000003,7248.265968790638
.,2525,MIDTOWN PUBLIC CHARTER,2629796.498674078,9259.846826317176,2092627,537169.498674078,537169.498674078,629946.99,284,Inf,1796056,6324.140845070423,7368.404929577465,2333137,8215.271126760563,0,0,0,0,0,23,33,97,63,68,0,0,0,0,0.5771,5,0,5,0,0,5,0,5,5,0,5,0,5,0,0,32,19184624.952645645,1066233.8,MIDTOWN PUB,0,0.401,775995.33,211.281081,10,20,0,163.89639999999997,113.884,19184.624952645645,67.55149631213256,1795967.501325922,6323.829230020852,1703190.01,5997.147922535211,NA,NA,NA,NA,NA,NA,NA,80150,107764.05297884,0,65214.04,120124.23,1891.4418967397114,2815134.768674078,9912.446368570698
2802940,4800,MONROE COUNTY,15955582.38,7529.769882019821,12263793,3691789.3800000004,3723179.852,3691789.3800000004,2119,5.3506959268187595,12254150,5782.987258140633,5787.537989617745,13673294,6452.710712600283,0,159,169,162,143,169,130,141,174,161,186,179,143,163,0.1451,845,5,24,0,28,13,5,24,97,5,60,5,138,5,5,403,132970709,5580181.42,MONROE COUN,396.0232517379931,0.154,4217787.34,1931.62778,263,131,15,307.4669,326.326,132970.709,62.75163237376121,9950114.148,4695.665006134969,9981504.62,4710.478820198206,17843974,8420,5580181,2633,Rural,102700,46754,1801989,624709.47086344,515714,490390.86,1320409.08,1742.2318924020767,17766382.32,8384.32388862671
2803000,3020,MOSS POINT,13549501.33,8635.756105799872,10414429,3135072.33,4780407.772,3135072.33,1569,15.13929963563353,10544373,6720.441682600383,6637.622052262587,11611379,7400.496494582537,21,128,127,118,107,109,114,129,121,128,110,134,103,94,0.532,640,70,26,0,16,11,5,24,48,5,46,0,64,0,0,240,170728849,9817268.919999998,MOSS POINT,103.63755508920823,0.297,10835532.81,1360.7095,128,112,5,834.7080000000001,465.993,170728.849,108.81379796048438,6830971.228,4353.710151688974,8476306.67,5402.362441045252,20231697,12894,9817268,6257,Suburb,94200,41902,1283115,461588.80831628,330910,362300.21,1055633.2,1998.134053537285,14967434.74,9539.474021669854
2800186,0617,N. BOLIVAR CONS,6831753.38,8758.65817948718,5815099,1016654.38,1016654.38,1750528.53,780,3.782567737887613,5777924,7407.594871794872,7455.255128205128,6483439,8312.101282051282,0,52,49,55,63,58,72,73,77,60,71,61,5,47,0.6003,343,5,5,0,11,5,0,15,20,5,11,0,41,0,0,107,36309085,2269876.21,N. BOLIVAR,206.2091293666015,0.605,5382890.59,752.995912,72,36,5,468.234,471.9,36309.085,46.55010897435897,5466784.62,7008.698230769231,4732910.47,6067.833935897435,8084975,10365,2269876,2910,Rural,66600,24072,452787,246433.93522288,232073,181851.33,527345.58,1303.4030512820514,7540950.29,9667.884987179486
2803270,7011,N. TIPPAH,9046175.884,7034.351387247278,7713499,1332676.884,1332676.884,2322007.02,1286,6.591795771029581,7718495,6001.940124416797,5998.055209953343,8600026,6687.4230171073095,40,94,113,103,103,77,72,110,92,89,101,97,94,83,0.1774,389,0,27,0,19,5,5,5,67,5,23,0,155,0,0,306,47595603,3285728.73,N. TIPPAH,195.09099563610084,0.257,4015698.98,1149.93333,241,65,5,228.1364,330.502,47595.603,37.01057776049767,7267349.116,5651.126839813375,6278018.98,4881.818802488337,10999227,8553,3285728,2554,Rural,81900,36925,895049,378274.64059772,59502,292645.07,695852.01,1036.2961772939348,10034672.964,7803.011636080871
2803030,0130,"NATCHEZ-ADAMS",20137211.41,7085.577554539057,15477880,4659331.41,8975601.04,4659331.41,2842,6.147788994401961,14958555,5263.390218156228,5446.122448979592,17256783,6072.055946516538,5,211,254,207,246,181,189,214,188,192,213,206,200,210,0.4718,884,13,39,0,61,25,5,56,140,5,58,5,116,5,5,503,320557180,14761348.69,"NATCHEZ-ADA",462.2800168626252,0.355,11681465.56,2595.44725,317,188,15,1340.8556,1008.91,320557.18,112.79281491907108,8281181.960000001,2913.857128782548,12597451.59,4432.600840957072,30239228,10640,14761348,5194,Town,92100,29936,2264097,827001.6833031999,271731,654711.54,1653340.91,1639.4551055594652,22445263.86,7897.700161857846
2803060,5000,NESHOBA COUNTY,23612158.240000002,7772.2706517445695,20113521,3498637.24,3498637.24,6054805.890000001,3038,5.748375346656347,19744138,6499.057932850559,6620.645490454246,22425207,7381.569124423963,40,239,250,220,187,216,208,204,241,249,262,249,222,204,0.2827,1280,5,42,0,110,5,5,13,114,11,72,5,169,5,5,547,124951330,5845157.82,NESHOBA COU,528.4971521157036,0.281,15123730.02,2718.44134,393,142,21,858.8426000000001,853.6780000000001,124951.33,41.12947004608295,18926569.759999998,6229.94396313364,16370401.11,5388.545460829493,25958678,8544,5845157,1924,Town,83300,40115,2625575,903592.28920768,304320,692577.75,1433615.21,1151.6251612903227,25738351.200000003,8472.136668861094
2803090,4111,NETTLETON,7882972.868,7089.004377697842,6627928,1255044.868,1255044.868,1995215.7600000002,1112,11.342668168121282,6901220,6206.13309352518,5960.36690647482,7389688,6645.402877697842,0,80,90,66,80,83,85,84,92,105,100,77,80,78,0.2651,411,11,12,0,12,12,5,5,71,5,24,0,44,0,0,190,44823031,2491966.27,NETTLETON,98.03689780199078,0.222,2793832.13,1060.01667,127,58,5,294.7912,246.864,44823.031,40.30848111510792,6134643.132,5516.76540647482,5394472.24,4851.144100719424,9119894,8201,2491966,2240,Rural,89200,39620,736190,339687.55367964,96437,258518.73,647574.06,1128.6374712230215,8789065.658,7903.836023381295
2803120,7320,NEW ALBANY,15003579.972,7097.246912015136,11997472,3006107.972,3006107.972,3611618.2800000003,2114,27.529134906579138,12210763,5776.141438032167,5675.24692526017,13376364,6327.513718070009,39,194,183,156,163,159,144,146,154,171,164,150,140,120,0.2201,759,190,34,0,39,16,5,22,107,5,41,5,109,0,0,378,107360999,8088117.23,NEW ALBANY,76.79137056699805,0.225,4842368.61,1924.71508,255,123,5,465.29139999999995,475.65000000000003,107360.999,50.785713812677386,10370256.028,4905.513731315043,9764745.719999999,4619.085014191106,20085589,9501,8088117,3825,Rural,106800,45216,1685398,617693.23004068,414684,482677.38,1141325.4,1421.9999867549668,16627582.752,7865.4601475875115
2803150,5100,NEWTON COUNTY,12237084.38,7249.457571090048,10174574,2062510.3800000001,2062510.3800000001,3062868.39,1688,4.169815704645208,10087533,5976.0266587677725,6027.591232227488,11343957,6720.353672985782,20,143,148,110,103,107,116,118,126,147,145,132,114,129,0.1954,515,0,12,0,11,5,5,22,62,5,78,5,39,5,0,239,73661085,4501917.6,NEWTON COUN,404.81405404069886,0.235,5342700.56,1518.53889,112,127,10,329.8352,396.67999999999995,73661.085,43.638083530805694,9281446.62,5498.487334123222,8281088.609999999,4905.85818127962,14676491,8694,4501917,2667,Rural,88600,36958,1271315,497838.04333628,194110,386375.64,924635.03,1221.8663388625594,13548095.05,8026.122659952607
2803180,5130,NEWTON MUNICIPAL,6035829.28,7396.849607843137,4639264,1396565.28,2037048.356,1396565.28,816,5.953516099013701,4758267,5831.20955882353,5685.3725490196075,5172464,6338.803921568628,21,52,61,53,68,49,85,54,61,64,70,58,41,79,0.4175,247,0,5,0,5,5,5,5,32,5,35,5,32,5,5,131,72751727,3547304.45,NEWTON MUNI,137.06186166779392,0.34700000000000003,5411990.16,781.055556,69,60,15,340.68,283.15200000000004,72751.727,89.15652818627451,3135415.6440000003,3842.4211323529416,3775898.7199999997,4627.326862745098,8186568,10032,3547304,4347,Town,83400,32047,649367,245849.47224836,167684,185357.46,545151.74,1711.4770588235294,6766338.48,8292.081470588237
2803210,5411,NORTH PANOLA,8332233.3,6835.302132895816,6404328,1927905.3,2455136.796,1927905.3,1219,4.086010916015262,6466593,5304.834290401969,5253.755537325676,7140390,5857.579983593109,19,79,86,77,129,71,98,98,83,98,126,87,81,80,0.4959,468,5,14,0,5,16,5,17,21,5,24,0,64,0,0,170,87683457,4670309.41,NORTH PANOL,298.33498369328555,0.409,3902052.18,1058.11111,90,76,5,604.5021,498.57099999999997,87683.457,71.93064561115668,4685253.204,3843.521906480722,5212484.7,4276.03338802297,11074637,9085,4670309,3831,Rural,70900,34544,897728,366289.12192728,287541,277685.58,766625.7,1581.5465955701395,9376544.579999998,7691.997194421656
2803240,5711,NORTH PIKE,16069715.22,7158.002325167038,13701157,2368558.22,2368558.22,4124481.39,2245,17.84537011819581,13545933,6033.823162583519,6102.965256124721,15275857,6804.390645879733,0,142,162,166,145,181,195,189,166,185,193,196,146,148,0.3206,628,0,29,0,30,5,5,5,137,5,65,5,115,5,0,400,84591365,5573192.04,NORTH PIKE,125.80293852862786,0.265,10739904.63,2039.74444,282,114,10,719.747,594.9250000000001,84591.365,37.67989532293987,12907298.78,5749.353576837416,11151375.61,4967.2051714922045,19274349,8585,5573192,2482,Town,115600,41738,1752940,648680.50820432,289277,517504.94,1108270.85,1055.0370690423163,17695491.01,7882.178623608019
2803300,5200,NOXUBEE COUNTY,10197687.564,7299.704770221903,7948478,2249209.5640000002,2249209.5640000002,2392743.24,1397,2.0098901424649593,7611610,5448.5397279885465,5689.676449534717,8862012,6343.602004294918,59,115,103,86,113,88,103,92,96,112,120,111,90,88,0.5584,436,27,20,5,12,5,5,18,16,5,33,5,55,0,5,169,80328913,4230854.86,NOXUBEE COU,695.062864623386,0.39,6357876.46,1222.77222,83,86,15,780.0848,544.83,80328.913,57.50101145311382,6612802.436,4733.57368360773,6469268.76,4630.82946313529,12179332,8718,4230854,3028,Rural,59700,33784,1008651,406631.3878546,178319,314383.08,607567.39,1610.028320687187,11119638.034,7959.65499928418
2803360,3021,OCEAN SPRINGS,40995503.81,6994.626140590343,31509998,9485505.81,9555952.056,9485505.81,5861,171.81972295410745,32652796,5571.198771540693,5376.215321617471,35131503,5994.114144343968,0,363,436,402,411,429,420,470,484,466,499,498,459,417,0.1196,1864,106,131,0,73,36,11,29,238,46,166,5,238,5,5,975,341284002,22054499.37,OCEAN SPRIN,34.11133424749763,0.111,10502145.76,5350.99441,549,378,56,700.9756,650.571,341284.002,58.229653983961775,25575550.944,4363.683832793038,25645997.189999998,4375.703325371097,53564497,9139,22054499,3762,Suburb,169400,69055,3772239,1726500.94160356,666214,1360846.33,2971475.76,1618.4108189728715,45327825.9,7733.8041119262925
2803390,0921,OKOLONA,4211748.216,8242.168720156556,3425341,786407.216,786407.216,1031135.9400000001,511,4.376051144357698,3344631,6545.26614481409,6703.211350293542,3819022,7473.624266144814,0,37,32,35,40,32,53,42,40,41,43,5,44,39,0.426,226,0,5,0,0,5,0,5,19,5,26,0,34,0,0,88,28085972,1788241.29,OKOLONA,116.77194418965203,0.315,2487390.65,485.8915,53,41,5,217.686,160.965,28085.972,54.96276320939335,3032614.784,5934.6668962818,2787886.06,5455.745714285715,5213582,10202,1788241,3499,Rural,73300,34412,423757,152304.06982576,245521,118974.71,388343.31,1538.9573698630138,4719066.236,9234.963279843443
2803450,3620,OXFORD,29561284.45,6202.535553923625,22721419,6839865.45,17257134.832,6839865.45,4766,55.338644048835015,22805461,4785.031682752832,4767.398027696181,25332835,5315.324171212757,213,339,403,398,329,355,337,334,333,361,339,357,318,297,0.1731,1349,376,73,0,92,12,5,28,214,14,68,5,156,5,5,671,616326244,38762587.56,OXFORD,86.12426419039325,0.153,9080889.16,4136.77778,462,191,24,824.9946,729.198,616326.244,129.31729836340745,8075700.168000001,1694.4398170373481,18492969.55,3880.186644985313,61484006,12900,38762587,8133,Rural,241700,48668,2226845,1382428.57305076,478640,1053475.51,2272725.58,1435.1375262274444,32887485.54,6900.4375870751155
2803480,3022,PASCAGOULA,44441656.86,6769.483146991623,34158783,10282873.860000001,28618271.808000002,10282873.860000001,6565,91.97136281334883,33383043,5085.002741812643,5203.165727341965,38084718,5801.175628332064,97,464,522,446,483,449,459,482,502,466,572,559,456,468,0.3562,1814,608,77,0,62,54,5,55,204,45,186,5,193,5,5,894,1022081136,52236402.87,PASCAGOULA,71.38091465843918,0.259,23446694.79,5947.53333,459,382,55,2338.453,1700.335,1022081.136,155.68638781416604,9466446.191999998,1441.9567695354149,27801844.14,4234.858208682407,86395185,13159,52236402,7956,City,120700,44005,4298928,1924408.33917016,972749,1500390.35,4377684.92,1566.3174196496575,50319732.13,7664.848763137853
2803510,2423,PASS CHRISTIAN,12873287.57,6622.061507201646,9894677,2978610.5700000003,6409989.712,2978610.5700000003,1944,33.32405716240986,9716282,4998.0874485596705,5089.854423868313,11031891,5674.841049382716,53,124,126,152,126,130,125,126,145,171,157,172,148,154,0.2733,661,21,38,0,21,18,5,14,52,11,78,5,64,0,5,304,228928204,12821808.87,PASS CHRIST,58.33623410635808,0.185,5104203.89,1797.82778,137,158,16,531.2952,359.64,228928.204,117.76142181069959,4621901.288,2377.5212386831276,8053280.43,4142.633966049382,22716485,11685,12821808,6595,Suburb,170700,54279,1145622,578229.0011394001,59475,431487.86,1079808.76,1532.2070833333335,14384584.19,7399.47746399177
2803520,6120,PEARL,29028414.490000002,6885.29755455408,22311844,6716570.49,6761811.672,6716570.49,4216,164.80810330995826,21413125,5079.014468690702,5292.1831119544595,24876187,5900.423861480076,5,343,315,302,284,300,285,316,326,359,375,349,254,284,0.2454,1193,185,134,0,46,19,5,43,216,5,56,0,175,5,0,707,241493274,15918153.37,PEARL,25.5812664263897,0.20199999999999999,8569410.22,3639.4581,437,257,10,1034.6064000000001,851.632,241493.274,57.28018833017078,18114375.328,4296.578588235295,18159616.509999998,4307.309418880455,38229997,9067,15918153,3775,Suburb,120700,49944,2972443,1190074.91630636,205305,949460.29,2067694.71,1593.1144425996206,32045569.490000002,7600.941529886149
2803540,5500,PEARL RIVER COUNTY,22343690.484,6803.803436053594,18465052,3878638.484,3878638.484,5558564.5200000005,3284,24.66838722208647,18704227,5695.562423873325,5622.732034104751,20587276,6268.963459196102,0,256,262,228,247,207,265,261,236,263,275,273,232,218,0.2133,921,43,65,0,70,14,5,5,146,13,96,5,95,5,0,515,138522803,8511724.03,PEARL RIVER,133.12584930804556,0.154,5974656.55,2896.71186,311,190,18,700.4771999999999,505.736,138522.803,42.18112149817296,16708637.515999999,5087.892057247259,15028711.48,4576.3433252131545,26976776,8214,8511724,2591,Rural,156400,63540,2106212,974628.25924712,279225,759427.99,1552602.28,1181.071401948843,24655720.754,7507.832141900122
2803570,5600,PERRY COUNTY,7261123.84,7782.555026795284,5581051,1680072.84,2967449.156,1680072.84,933,1.7813553107133002,5497981,5892.798499464095,5981.833869239014,6222492,6669.337620578778,0,80,83,57,66,72,73,71,67,77,70,91,61,5,0.3792,452,0,22,0,5,5,5,0,59,5,33,5,56,0,0,186,105980327,4166449.57,PERRY COUNT,523.7585081363711,0.27699999999999997,4325843.59,876.65,120,70,5,353.79359999999997,258.441,105980.327,113.59091854233655,3255042.844,3488.7919013933547,4542419.16,4868.6164630225085,9747500,10447,4166449,4465,Rural,85800,46063,736061,278590.13933556003,302157,216445.16,624258.38,1800.72115755627,8101827.38,8683.630632368702
2803530,1821,PETAL,31473818.72,7166.170018214936,25101187,6372631.72,6372631.72,7556251.050000001,4392,46.874878406649714,24877657,5664.3117030965395,5715.206511839709,27986115,6372.066256830601,57,343,364,314,306,322,321,303,355,383,385,322,293,264,0.1966,1169,135,131,0,41,53,5,14,232,21,162,5,229,5,5,898,227593990,13747527.52,PETAL,93.69624304725549,0.16,8976629.82,3949.07303,502,370,31,863.4671999999999,702.72,227593.99,51.8201252276867,21613483.28,4921.102750455374,20429863.95,4651.6083674863385,38848714,8845,13747527,3130,Suburb,150300,55825,3319103,1246494.8367686,532536,1004389.68,2087050.02,1450.9635063752276,34565258.42,7870.049731329691
2803600,5020,PHILADELPHIA,5923781.61,7145.695548854042,4553142,1370639.61,1720536.524,1370639.61,829,130.92389752429267,4337170,5231.809408926418,5492.330518697226,5076443,6123.574185765983,42,75,50,73,51,57,52,56,58,77,71,62,46,59,0.5054,61,11,20,0,20,5,5,5,22,5,50,0,67,5,0,195,61447733,3480176.95,PHILADELPHI,6.33192270987946,0.324,2932252.84,715.505196,109,85,10,418.97659999999996,268.596,61447.733,74.12271773220748,3355906.476,4048.1380892641732,3705803.3899999997,4470.209155609167,8033318,9690,3480176,4198,Town,90100,31753,797542,241464.6573752,0,183721.27,508866.33,1653.3650301568155,6616369.21,7981.145006031363
2803630,5520,PICAYUNE,22335731.02,6509.976980472165,17167708,5168023.0200000005,5302805.032,5168023.0200000005,3431,18.140619276500654,16298497,4750.363450888954,5003.703876420868,19140826,5578.789274264063,264,249,271,232,254,219,210,241,230,270,278,268,217,157,0.3619,1093,116,46,0,56,16,5,34,146,13,76,5,102,5,5,500,189385894,11216053.57,PICAYUNE,189.13356527163958,0.257,14487290.68,2755.9,304,182,23,1241.6788999999999,881.767,189385.894,55.1984535120956,13838020.968,4033.2325759253863,13972802.98,4072.516170212766,28383761,8272,11216053,3269,Town,118900,40645,2053953,969073.62338208,418962,727405.32,1537937.17,1506.2731040512972,24601073.509999998,7170.234191197901
2803690,5820,PONTOTOC CITY,16115660.8,7000.721459600348,13678069,2437591.8000000003,2437591.8000000003,4117531.3200000003,2302,22.966341525852023,13302772,5778.788879235447,5941.819721980886,15250116,6624.724587315378,35,199,200,168,169,137,178,170,152,213,198,170,146,127,0.233,681,249,38,0,38,5,5,16,178,5,109,5,130,5,5,527,87056850,5004069.66,PONTOTOC CI,100.2336396246985,0.207,6264580.39,2056.68333,346,178,15,536.366,476.51399999999995,87056.85,37.81791920069505,12812524.2,5565.822849695916,11132584.68,4836.048948740226,18682138,8115,5004069,2173,Town,117400,45621,1753237,671774.403562,107904,531061.98,1361549.15,1058.9017376194615,18008271.93,7822.880942658558
2803660,5800,PONTOTOC COUNTY,24486970.268,7064.90775187536,21157138,3329832.268,3329832.268,6368967.630000001,3466,8.719246463019335,20904769,6031.381708020774,6104.194460473168,23588769,6805.761396422389,0,301,295,279,258,251,272,249,266,264,271,255,213,231,0.1934,1030,216,50,0,22,19,5,26,184,16,49,5,174,5,5,552,118922581,7625327.65,PONTOTOC CO,397.5114150861816,0.212,9778673.22,3107.49162,380,154,26,670.3244,734.792,118922.581,34.31118897864974,20258936.732,5845.048105020196,17219801.369999997,4968.205819388343,28782465,8304,7625327,2200,Rural,100600,44126,2551894,1014969.6301316,522068,803371.5,1802644.88,960.7132914021928,27092986.648,7816.787838430467
2803720,5530,POPLARVILLE,13637803.77,7143.951686746987,10482300,3155503.77,3196906.888,3155503.77,1909,3.9038781084742085,10154245,5319.143530644316,5490.990047145102,11687051,6122.080146673651,17,155,163,128,140,144,140,156,134,154,153,161,123,113,0.2341,398,13,27,0,20,25,5,5,59,5,70,0,75,0,5,295,114175246,6485300.35,POPLARVILLE,489.000923429475,0.2,5764252.08,1642.64045,154,132,10,446.8969,381.8,114175.246,59.80892928234678,8490144.112,4447.430126767941,8531547.23,4469.118507071766,16967600,8888,6485300,3397,Rural,124400,46111,1222569,534963.52529664,242338,437097.67,903606.72,1652.9616396018857,14978508.16,7846.258858040859
2803750,5900,PRENTISS COUNTY,16888153.392,7413.587968393328,14392968,2495185.392,2495185.392,4332738.33,2278,6.109987156360961,14130501,6203.029411764706,6318.247585601404,16047179,7044.415715539947,88,172,187,160,146,147,192,177,178,172,198,172,118,157,0.2092,809,5,38,0,30,17,0,17,211,5,101,5,162,0,5,581,89113764,5215941.45,PRENTISS CO,372.83220761412383,0.191,8944435.26,2029.40546,403,178,10,476.5576,435.098,89113.764,39.11929938542581,13551993.608,5949.075332748024,11714440.67,5142.423472344161,19608909,8607,5215941,2289,Rural,90000,41292,2125564,668851.19364656,501635,510258.94,1412112.52,1095.3403827919228,18810524.852,8257.473596136962
2803810,6000,QUITMAN COUNTY,6587929.84,7732.312018779343,5063620,1524309.84,2182224.3800000004,1524309.84,852,2.1039318896834636,4876550,5723.650234741784,5943.215962441314,5645592,6626.281690140845,28,75,62,74,63,52,74,62,62,64,53,65,46,47,0.4485,392,0,14,0,5,5,0,5,35,5,25,5,40,0,0,143,77936585,3629841.24,QUITMAN COU,404.95607494603036,0.439,6196847.93,790.722222,80,54,5,382.122,374.028,77936.585,91.47486502347418,3463367.6199999996,4064.9854694835676,4121282.16,4837.185633802817,8693461,10203,3629841,4260,Town,50900,25283,647440,262512.48480064,196657,195174.63,594290.37,1789.0960563380283,7377394.84,8658.914131455398
2803780,1212,QUITMAN SEP,11397837.030000001,7154.951054613936,8760615,2637222.0300000003,3415760.46,2637222.0300000003,1593,3.1164488480019727,8369295,5253.79472693032,5499.444444444444,9767489,6131.505963590709,60,124,158,117,95,104,101,105,100,115,147,128,106,94,0.4262,456,5,16,0,13,5,5,31,30,5,99,5,98,5,5,306,121991445,7013617.08,QUITMAN SEP,511.15871868755653,0.349,4387493.74,1352.98889,141,161,15,678.9366,555.957,121991.445,76.57968926553673,6351728.54,3987.274664155681,7130266.97,4475.999353421218,15774232,9902,7013617,4402,Rural,76500,37364,1180662,466266.30219812,202630,356924.14,908362.7,1655.5066101694918,12663123.870000001,7949.230301318268
2803830,6100,RANKIN COUNTY,124355565.72,6642.925519230769,95582277,28773288.720000003,46621147.18799999,28773288.720000003,18720,24.966375597661873,94048208,5023.942735042735,5105.890865384616,106567736,5692.720940170941,320,1259,1385,1323,1359,1300,1396,1428,1448,1515,1623,1471,1369,1266,0.1383,6512,403,249,5,273,99,28,123,812,56,279,5,835,5,5,2769,1665040971,92575401.94,RANKIN COUN,749.8084744728885,0.121,31538902.57,17365.8096,1920,783,71,2588.976,2265.12,1665040.971,88.94449631410257,59946588.81200001,3202.275043376069,77794447.28,4155.686286324786,188157678,10051,92575401,4945,Rural,169700,70439,9818362,5436752.45771212,1682297,4271168.85,10032364.79,1537.034653846154,138659099.35999998,7407.00317094017
.,2515,REIMAGINE PREP,4314126.134924212,8393.241507634653,3341925,972201.1349242119,972201.1349242119,1006025.1300000001,514,Inf,3192864,6211.79766536965,6501.799610894942,3726019,7249.06420233463,0,0,0,0,0,0,79,152,136,147,0,0,0,0,0.5837,147,5,5,0,0,5,0,12,0,0,11,0,14,0,0,41,34721469.10443614,1808680.38,REIMAGINE P,0,0.401,2311750.04,481.480447,14,33,0,300.0218,206.114,34721.46910443614,67.55149631213257,2753817.865075788,5357.6223055949185,2719993.87,5291.81686770428,NA,NA,NA,NA,NA,NA,NA,97075,202057.71121568,0,117806,219727.83,1891.4418967397119,4651659.964924212,9049.922110747493
2803870,5620,RICHTON,4197543.496,7031.061132328308,3443637,753906.496,753906.496,1036643.67,597,4.836576805151973,3391068,5680.180904522613,5768.236180904522,3839421,6431.19095477387,0,52,36,39,42,35,45,44,45,54,59,50,49,40,0.2211,210,0,5,0,5,5,5,5,23,0,15,0,36,0,0,99,26925232,1383928.29,RICHTON,123.43440909778778,0.28,2450604.37,535.511111,64,35,0,131.9967,167.16000000000003,26925.232,45.10089112227806,3085514.5039999997,5168.366003350084,2802777.33,4694.769396984925,4827565,8086,1383928,2318,Rural,89800,31393,344990,166920.11940296,0,137206.6,73232.61,1262.8249514237857,4407982.706,7383.555621440536
2804110,7012,S. TIPPAH,17981572.648000002,7236.045331187123,15350520,2631052.648,2631052.648,4620991.95,2485,9.460592294713305,15945273,6416.608853118712,6177.271629778672,17114785,6887.237424547284,58,205,181,173,160,180,169,175,204,199,200,169,206,160,0.1761,660,143,58,0,49,22,5,29,82,5,83,5,248,0,5,583,93966166,5824874.33,S. TIPPAH,262.6685436374474,0.28300000000000003,7482767.52,2281.03438,379,202,10,437.6085,703.2550000000001,93966.166,37.813346478873235,14483732.352,5828.463723138833,12493793.05,5027.683319919517,21175394,8521,5824874,2344,Town,88800,41241,2653744,740471.62666052,350476,561682.19,1459615.58,1058.7737014084507,20002870.418000005,8049.444836217306
2803900,6200,SCOTT COUNTY,27589314.768,6916.348650789671,24135040,3454274.768,3454274.768,7265410.29,3989,7.679758571859533,23516599,5895.361995487591,6050.398596139384,26908927,6745.782652293808,99,304,340,301,256,240,282,314,308,318,311,291,254,254,0.2263,875,382,56,0,40,11,5,120,157,5,89,0,223,5,5,723,123366956,6490353.79,SCOTT COUNT,519.4173700481481,0.271,15308976.04,3555.0271,420,281,15,902.7107,1081.019,123366.956,30.926787666081726,23454652.232,5879.83259764352,19643516.71,4924.42133617448,30625393,7677,6490353,1627,Rural,71400,36305,2813807,1132778.74890376,437383,908789.17,1977643.63,865.9500546502883,30475747.568,7639.946745550264
2803930,6920,SENATOBIA,11611854.11,6969.900426170468,8925113,2686741.1100000003,2798534.872,2686741.1100000003,1666,37.70151820945039,8826781,5298.18787515006,5357.210684273709,9950893,5972.924969987996,61,124,140,145,113,113,129,141,129,120,116,121,109,91,0.2839,388,24,18,0,41,13,5,5,105,5,56,5,101,0,5,359,99947674,6807959.98,SENATOBIA,44.189201897508596,0.20199999999999999,6195274.78,1466.96648,247,102,10,472.9774,336.532,99947.674,59.99260144057623,7152358.1280000005,4293.132129651861,7264151.89,4360.235228091236,15733072,9443,6807959,4086,Town,141400,56982,1326033,482636.63574172,65615,374688.54,959383.46,1612.689741896759,12945926.11,7770.663931572629
2803990,6400,SIMPSON COUNTY,23076181.740000002,7671.602972074469,17736834,5339347.74,7191170.112,5339347.74,3008,5.106230491739975,17149063,5701.151263297872,5896.553856382979,19775362,6574.255984042553,0,229,249,205,225,215,217,238,226,278,247,255,211,211,0.3251,1205,50,46,0,41,23,5,31,141,12,132,5,149,5,5,592,256827504,11132884.07,SIMPSON COU,589.0842579209557,0.292,10928964.51,2737.25007,331,242,22,977.9008,878.3359999999999,256827.504,85.38148404255318,12584191.888,4183.574430851064,14436014.26,4799.206868351063,28869718,9597,11132884,3701,Rural,87900,43850,2455121,919669.9437426,573531,695616.4,1648007.65,1775.0491156914895,25419805.79,8450.733307845745
.,2505,SMILOW COLLEGIATE,4157882.26,7307.350193321617,3195835,962047.26,1076230.4392448957,962047.26,569,Inf,3040009,5342.722319859403,5616.581722319859,3563138,6262.105448154657,0,99,117,122,119,112,0,0,0,0,0,0,0,0,0.5455,0,5,5,0,5,5,0,0,5,0,5,0,27,0,0,59,38436801.40160342,2050595.21,SMILOW COLL,0,0.401,2297325.97,500.322222,37,15,0,310.3895,228.169,38436.80140160342,67.55149631213256,2486907.5607551043,4370.663551414946,2601090.74,4571.3369771529005,NA,NA,NA,NA,NA,NA,NA,67424,193638.93826264,0,128324.4,136250.24,1690.7684710017575,4422456.9,7772.331985940246
.,2535,SMILOW PREP,4334123.9,7511.479896013865,3331298,1002825.9,1091361.9744188136,1002825.9,577,Inf,3182569,5515.717504332755,5773.48006932409,3714170,6437.036395147314,0,0,0,0,0,0,136,157,141,143,0,0,0,0,0.5348,150,5,0,0,0,5,0,5,5,0,5,0,11,0,5,20,38977213.37210049,2015009.09,SMILOW PREP,0,0.401,1881336.95,504.305556,16,15,5,308.5796,231.377,38977.21337210049,67.55149631213256,2622808.0255811866,4545.594498407602,2711344.1,4699.036568457539,NA,NA,NA,NA,NA,NA,NA,86780,202057.71121568,0,130428.08,193326.27,1737.9998266897746,4657878.25,8072.579289428077
2804020,6500,SMITH COUNTY,17110405.37,7003.849926320098,13151414,3958991.37,4576746.552,3958991.37,2443,3.8401057428014718,13389319,5480.687269750307,5383.304952926729,14662931,6002.01841997544,0,201,210,161,189,167,187,204,194,214,195,189,149,142,0.2268,622,5,34,0,5,31,5,20,38,17,63,0,93,0,5,309,163455234,6370545.35,SMITH COUNT,636.180398047518,0.239,5750282.46,2303.78212,136,153,22,554.0724,583.877,163455.234,66.90758657388457,10086184.447999999,4128.6059959066715,10703939.629999999,4381.473446582071,19521959,7990,6370545,2607,Rural,102600,43105,1660431,723516.8301424,293265,570798.14,1338710.92,1620.5449733933688,19019914.43,7785.4745927138765
2803960,6312,SOUTH DELTA,4961165.4,8213.85,3813255,1147910.4000000001,2225227.816,1147910.4000000001,604,0.7611831874712158,3745880,6201.788079470199,6313.336092715232,4251520,7038.940397350993,20,38,42,37,34,41,54,65,40,45,44,55,34,33,0.6514,147,0,5,0,5,5,0,14,28,5,5,0,28,0,0,87,79472422,2496558.9,SOUTH DELTA,793.5014986426513,0.499,3274558.38,543.522222,61,29,5,393.4456,301.396,79472.422,131.57685761589406,2026292.184,3354.78838410596,3103609.5999999996,5138.426490066225,6309813,10446,2496558,4133,Rural,65100,28660,263819,180659.9220398,169803,137206.6,463844.52,1900.5139072847685,5562216.52,9208.96774834437
2804050,5412,SOUTH PANOLA,28498078.444,6607.483988870855,22847199,5650879.444,5650879.444,6877729.44,4313,11.152024290459769,22396135,5192.704613957802,5297.287039183862,25473072,5906.114537444934,162,372,373,315,316,269,307,334,296,360,301,308,294,271,0.3266,1311,51,60,0,74,12,5,61,226,5,125,5,153,5,5,731,201817123,13181107.33,SOUTH PANOL,386.745929498167,0.327,12557599.67,3535.91111,453,268,15,1408.6258,1410.351,201817.123,46.79274820310688,19822192.556,4595.917587757942,18595342.56,4311.463612334802,36028306,8353,13181107,3056,Town,87500,40911,2421020,1245325.91081956,576931,956005.07,2257017.62,1310.1969496869929,31711101.134,7352.446356132622
2804080,5712,SOUTH PIKE,10623651.88,6823.154707771356,8165560,2458091.8800000004,3103385.852,2458091.8800000004,1557,6.508362141886874,8151934,5235.6673089274245,5244.41875401413,9104044,5847.170199100835,32,102,116,105,135,101,107,128,122,126,112,133,95,99,0.4463,602,0,25,0,20,5,5,25,76,5,27,0,46,5,0,231,110835209,5294228.08,SOUTH PIKE,239.23069522812415,0.332,5536574.28,1417,142,87,10,694.8891,516.924,110835.209,71.18510533076429,6000658.148,3853.9872498394348,6645952.119999999,4268.434245343609,13459788,8644,5294228,3400,Rural,81300,33446,989675,470358.4380626,301940,352716.78,840693.02,1578.7359537572256,11817061.68,7589.6349903660885
2800189,5321,STARKVILLE OKTIBBEHA,31867780.7,6511.602104617899,24494240,7373540.7,13201235.824,7373540.7,4894,10.681477055165505,24650767,5036.936452799346,5004.953003677973,27309410,5580.181855333061,128,408,418,362,345,295,321,374,363,357,379,402,293,362,0.3467,1677,103,60,0,107,26,5,37,166,5,149,5,177,0,5,739,471472708,31135336.19,STARKVILLE,458.17633410851994,0.235,15583249.46,4364.64804,450,282,10,1696.7498,1150.09,471472.708,96.33688353085411,14108174.176,2882.749116469146,19935869.3,4073.5327543931344,55629576,11366,31135336,6361,Town,162900,40453,2923798,1433001.17863928,633622,1106067.48,2818917.63,1506.6491009399265,35792765.81,7313.6015140988975
2804170,6600,STONE COUNTY,17654507.412,7011.321450357426,13940623,3713884.4119999995,3713884.4119999995,4196568.42,2518,5.653046900359136,13232967,5255.348292295473,5536.387212073074,15542846,6172.694996028594,0,205,233,202,180,186,181,209,186,193,201,190,153,169,0.2857,900,20,32,0,24,15,5,17,60,5,55,5,113,5,5,327,132638729,7227078.97,STONE COUNT,445.4235113174158,0.231,10053634.51,2200.52222,197,129,15,719.3926,581.658,132638.729,52.676222795869734,11828961.588,4697.760757744241,11346277.58,4506.067347100874,21167701,8406,7227078,2870,Town,112800,45483,1228939,704807.74965788,293713,580147.82,1232146.56,1474.9342382843524,19466801.792,7731.0571056393965
2800187,6711,SUNFLOWER CONS,20393190.42,6962.509532263572,15674631,4718559.42,6061626.143999999,4718559.42,2929,4.198302405793465,15747713,5376.481051553431,5351.529873677023,17476146,5966.591328098327,89,190,216,199,160,178,200,211,207,239,250,283,239,207,0.5682,1090,0,40,0,34,26,5,23,81,5,131,5,68,5,5,420,216486648,12419498.79,SUNFLOWER C,697.6629401345922,0.605,12902524.02,2679.71508,183,230,15,1664.2578,1772.0449999999998,216486.648,73.91145373847729,11414519.856,3897.070623420963,12757586.58,4355.611669511779,28094129,9591,12419498,4240,Town,78400,30838,1931441,894237.301444,315043,656815.22,1791176.13,1610.9796585865483,22841181.77,7798.286708774325
2804230,6900,TATE COUNTY,14735949.932,7316.757662363456,11336853,3399096.932,3399096.932,3412751.1300000004,2014,5.586396339477319,11083581,5503.267626613704,5629.023336643496,12639819,6275.9776564051635,0,160,169,152,135,135,157,161,171,164,170,162,164,98,0.302,734,74,34,0,24,13,5,5,111,5,73,5,81,0,5,357,121396319,5934089.81,TATE COUNTY,360.5186380650601,0.198,7219167.87,1776.33056,216,135,10,608.228,398.772,121396.319,60.27622591857001,9240722.068,4588.2433306852035,9227067.87,4581.463689175769,17270942,8575,5934089,2946,Rural,105500,48404,1200972,595183.79765752,362274,465146.72,1114914.6,1687.7343257199602,16316011.252,8101.296550148957
2804260,7100,TISHOMINGO,20490354.240000002,7072.95624439075,15749313,4741041.24,5488730.352,4741041.24,2897,6.828696770321049,16077407,5549.674490852606,5436.42147048671,17559412,6061.239903348292,0,259,252,228,180,200,243,207,218,217,272,252,205,5,0.177,1019,80,45,0,47,5,5,24,102,5,92,5,198,5,5,527,196026084,10142771.65,TISHOMINGO,424.23907481014106,0.192,12096886,2574.30972,347,176,15,512.769,556.224,196026.084,67.66519986192613,12070681.648,4166.6143072143595,12818370.76,4424.705129444253,25892084,8937,10142771,3501,Rural,88100,37681,1791674,845710.76378772,617761,668268.58,1702273.1,1636.5347739040387,22860895.92,7891.230900931999
2804290,7200,TUNICA COUNTY,11376618.620000001,6808.269670855776,8744306,2632312.62,5357212.643999999,2632312.62,1671,3.6800676727817376,8664842,5185.423099940155,5232.977857570318,9749306,5834.414123279474,55,136,138,130,148,90,158,121,105,122,124,112,99,100,0.5925,526,25,28,0,14,5,5,23,34,5,28,5,31,0,5,177,191329023,14461914.11,TUNICA COUN,454.06773694922373,0.418,6049221.15,1462.53893,79,94,10,990.0675,698.478,191329.023,114.4997145421903,4392093.356000001,2628.422116098145,7116993.38,4259.122309994015,23206220,13887,14461914,8654,Rural,107100,39370,1099381,487314.12962356,281292,370948.67,1090184.37,1575.291813285458,12837751.66,7682.676038300419
2804320,4120,TUPELO,46401837.78,6506.146632080763,35665419,10736418.780000001,17528233.996,10736418.780000001,7132,98.67409917658661,35179805,4932.670358945597,5000.759814918676,39764514,5575.506730229949,277,573,590,532,493,447,517,545,499,566,546,534,462,435,0.2939,1361,390,106,0,100,41,5,33,328,39,213,5,220,5,5,1101,626008357,40188126.97,TUPELO,72.27833909318608,0.214,17584101.65,6037.34831,648,403,49,2096.0948,1526.248,626008.357,87.77458735277621,22236280.004,3117.8182843522154,29028095.22,4070.119913067863,75853545,10635,40188126,5634,Town,149500,51258,4478089,2090451.31658992,599098,1578927.68,3913684.71,1505.3868171620866,51894450.17,7276.282973920359
2804380,5131,UNION CITY,7018389.96,7571.078705501618,6317744,700645.96,700645.96,1901840.58,927,13.04866411396549,5986271,6457.681769147788,6815.2578209277235,7043854,7598.548004314995,20,72,84,53,58,68,68,73,66,67,74,69,77,65,0.2376,311,0,17,0,5,0,0,5,57,5,48,5,93,5,0,237,25023070,1613482.72,UNION CITY,71.04175507191323,0.27399999999999997,3247612.47,811.234637,155,75,10,220.2552,253.99799999999996,25023.07,26.993603020496224,6343208.04,6842.7271197411,5142013.42,5546.940043149946,7931226,8555,1613482,1740,Rural,80900,39848,821488,272451.93553884,135974,212004.06,534444.57,755.8208845738942,7764838.59,8376.309158576052
2804350,7300,UNION COUNTY,20170014.48,6768.461234899329,17294844,2875170.48,2875170.48,5206294.98,2980,8.796820180023982,17216159,5777.234563758389,5803.638926174496,19282574,6470.662416107382,79,281,272,221,227,207,215,195,205,252,213,235,188,147,0.1726,806,27,30,0,51,17,5,14,93,11,76,0,195,5,5,499,102684660,7657298.54,UNION COUNT,338.75877180791434,0.18899999999999997,6419076.1,2696.8,339,142,21,514.348,563.2199999999999,102684.66,34.45793959731544,16407403.52,5505.84010738255,14076279.02,4723.583563758389,24952142,8373,7657298,2569,Rural,98100,46559,1924952,865588.77022128,97769,675280.84,1460062.49,964.8223087248322,22305357.81,7485.0193993288585
2804470,7500,VICKSBURG WARREN,47190207.05,6877.0339624016315,36271376,10918831.05,17506014.26,10918831.05,6862,11.66108155388985,34724195,5060.360682016904,5285.831535995337,40440115,5893.3423200233165,287,507,580,531,445,440,436,524,491,508,574,535,479,416,0.4498,2621,76,92,0,117,20,5,36,92,13,105,5,419,5,5,909,625214795,39766946.61,VICKSBURG W,588.4531351820453,0.33399999999999996,19995701.65,5866.89831,628,263,23,3086.5276,2291.908,625214.795,91.11261949868843,22934100.74,3342.1889740600404,29521283.95,4302.139893617021,76038322,11081,39766946,5795,Rural,128400,45113,4286225,2033155.14918732,632074,1524232.04,4002969.45,1591.2024264062957,52717408.54,7682.513631594287
2800185,0618,W. BOLIVAR CONS,8644108.58,9215.467569296376,6644042,2000066.58,2755138.6799999997,2000066.58,938,1.6671143711038507,6648896,7088.37526652452,7083.200426439233,7407654,7897.285714285715,0,62,63,63,78,52,74,84,63,75,103,67,59,74,0.5904,276,5,14,0,16,5,5,5,64,5,16,0,29,0,5,163,98397810,4263046.94,W. BOLIVAR,562.6488597653439,0.508,4751804.68,826.616667,109,45,10,553.7952,476.504,98397.81,104.90171641791045,4652515.32,4960.037654584222,5407587.42,5765.018571428572,10907088,11628,4263046,4544,Rural,60800,23709,660280,271866.57752148,178822,218315.09,693971.2,2132.267142857143,9556394.87,10188.05423240938
2804650,6812,W. TALLAHATCHIE,5104556,9950.40155945419,3923468,1181088,2144998.688,1181088,513,1.8463576891241769,3925194,7651.450292397661,7648.0857699805065,4374400,8527.095516569201,5,26,37,46,39,25,39,39,36,49,54,50,29,37,0.4446,149,0,5,0,5,0,5,5,18,5,14,0,30,0,5,79,76607096,2443868.48,W. TALLAHAT,277.8443218352466,0.462,2606776.83,489.938889,53,29,10,228.0798,237.006,76607.096,149.3315711500975,2229401.312,4345.8115243664715,3193312,6224.779727095516,6367336,12411,2443868,4763,Rural,69000,24367,497033,161950.84155528,15745,126688.2,353378.71,2302.315789473684,5584622.91,10886.204502923976
2804440,7400,WALTHALL COUNTY,12743842.74,7567.60257719715,9795183,2948659.74,3148167.764,2948659.74,1684,4.169630479732833,9421614,5594.782660332541,5816.616983372922,10920962,6485.131828978622,17,133,140,116,128,129,116,155,125,140,119,136,111,89,0.3329,630,21,18,0,32,5,0,21,72,5,47,5,54,0,5,263,112434563,5651277.33,WALTHALL CO,403.8727192218485,0.332,5317377.92,1552.78977,158,96,10,560.6035999999999,559.0880000000001,112434.563,66.76636757719714,7772794.236,4615.673536817102,7972302.26,4734.146235154394,15446460,9172,5651277,3355,Rural,95800,30961,1189013,493745.01242896,397528,391284.23,963049.24,1750.985593824228,14098176.21,8371.838604513065
2804500,8113,WATER VALLEY,7532132.892,7235.47828242075,6101798,1430334.892,1430334.892,1836834.03,1041,7.953188529623865,5998354,5762.1075888568685,5861.477425552353,6803089,6535.147934678194,20,78,109,83,73,74,79,73,67,78,74,82,62,64,0.3063,361,12,16,0,18,5,0,5,43,5,25,5,41,0,0,164,51083389,2699399.25,WATER VALLE,130.89089943266222,0.324,3223381.18,947.589888,102,56,5,318.85830000000004,337.284,51083.389,49.07145917387128,5372754.108,5161.147077809798,4966254.97,4770.657992315081,8801197,8454,2699399,2593,Town,87000,42193,604291,312500.62741464,179329,237949.43,549669.15,1374.0008568683957,8319751.472,7992.076341978866
2804530,7700,WAYNE COUNTY,22734832.612,7839.597452413793,18124629,4610203.612,4610203.612,5456086.29,2900,3.5775751085487926,17353589,5983.9962068965515,6249.872068965517,20207727,6968.181724137931,0,263,241,232,215,208,199,243,215,203,252,235,181,162,0.435,955,62,22,0,54,29,5,5,237,18,97,0,163,0,5,638,164650129,7796670.5,WAYNE COUNT,810.6049242880482,0.317,16482650.55,2654.66192,454,158,23,1261.5,919.3000000000001,164650.129,56.775906551724134,15597523.388,5378.456340689655,14751640.71,5086.77265862069,25921299,8938,7796670,2688,Town,85800,37706,2674018,833432.5661086,551503,665229.93,1684261.63,1589.7253834482758,25084324.172,8649.76695586207
2804560,7800,WEBSTER COUNTY,12218692.928,7026.275404255319,10043683,2175009.9280000003,2175009.9280000003,3023466.2100000004,1739,4.129660876600413,10287189,5915.577343300748,5775.550891316849,11198023,6439.346175963197,40,132,149,117,113,121,125,123,112,132,147,139,142,92,0.2219,669,11,20,0,58,5,5,17,118,5,33,5,68,0,5,336,77678926,4015421.15,WEBSTER COU,421.09995274758876,0.239,4977047.02,1492.00559,244,85,10,385.8841,415.621,77678.926,44.668732604945376,9023013.072,5188.621663024727,8174556.789999999,4700.722708453133,14059104,8084,4015421,2309,Rural,84000,45730,1355347,513915.6978712,353648,391284.23,1034552.87,1250.7245129384705,13644530.027999999,7846.193230592294
2804590,3112,WEST JASPER,10257209.59,7269.461084337349,7883905,2373304.5900000003,3243860.676,2373304.5900000003,1411,4.079538322179841,7552672,5352.708717221829,5587.459248759745,8790017,6229.636428065202,40,118,104,97,96,111,96,102,98,121,117,91,96,102,0.3182,383,15,15,0,24,5,0,17,57,5,39,0,141,5,5,304,115852167,5335260.850000001,WEST JASPER,345.87247099226977,0.24100000000000002,3560080.1,1234.84358,222,76,15,448.98019999999997,340.05100000000004,115852.167,82.10642593905033,5546156.324,3930.656501771793,6416712.41,4547.634592487598,13219165,9368,5335260,3781,Rural,83900,39537,1301474,385583.56042916,102635,317187.99,762010.96,1682.0018355776047,11336408.54,8034.307965981573
2800191,1321,WEST POINT CONS,18168116.69,6963.632307397471,13964393,4203723.69,6134930.704,4203723.69,2609,6.36316804994253,13996944,5364.8692985818325,5352.392870831736,15569347,5967.5534687619775,62,189,206,189,159,151,184,172,180,241,218,242,183,166,0.4168,866,12,40,0,28,34,5,18,89,12,83,5,120,5,0,427,219104668,9719600.08,WEST POINT,410.015888237238,0.314,12580623.9,2301.40556,237,185,17,1087.4312,819.226,219104.668,83.98032502874665,9434416.296,3616.1043679570716,11365623.309999999,4356.314032196243,23683993,9077,9719600,3725,Town,89900,31833,2071057,798645.83108916,381618,592302.41,1428737.06,1611.2394365657342,20189156.16,7738.273729398237
2804680,7613,WESTERN LINE,10909153.89,6684.530569852942,8385003,2524150.89,5024405.3719999995,2524150.89,1632,4.582993156425828,8168065,5004.941789215686,5137.869485294118,9348707,5728.374387254902,67,113,125,89,105,120,124,124,142,129,126,143,114,86,0.4448,560,0,11,0,24,5,5,5,71,5,19,5,91,5,5,234,179443049,8961731.27,WESTERN LIN,356.09915710036967,0.28600000000000003,7532207.86,1428.52514,186,50,15,725.9136,466.75200000000007,179443.049,109.95284865196078,4324301.6280000005,2649.694625,6824556.109999999,4181.713302696078,17346734,10629,8961731,5491,Town,88300,37851,1028892,486436.98764036,38899,370714.92,1000714.73,1546.6610845588236,12280583.540000001,7524.867365196079
2804710,7900,WILKINSON COUNTY,6487169.88,7280.774276094276,4986174,1500995.8800000001,1917044.864,1500995.8800000001,891,1.3141336214878194,5232876,5873.037037037037,5596.154882154882,5559244,6239.331088664422,16,59,58,71,55,45,76,74,51,95,85,73,47,49,0.4677,338,5,5,0,14,0,5,27,37,0,12,0,44,0,0,138,68465888,2720037.8,WILKINSON C,678.0132441868725,0.36200000000000004,3755479.77,870.443243,95,49,0,416.7207,322.54200000000003,68465.888,76.84162514029181,3642199.136,4087.765584736251,4058248.12,4554.711694725028,7706211,8648,2720037,3052,Rural,70300,27313,726936,297007.43585424,233847,202888.12,635310.73,1684.619393939394,7325368.73,8221.513726150393
2800196,4911,WINONA-MONTG CONS,8564929.27,7486.826284965035,6583183,1981746.27,2022325.5920000002,1981746.27,1144,2.8113312805530732,6549279,5724.8942307692305,5754.5305944055945,7339801,6415.909965034965,16,100,92,79,85,80,84,71,75,105,89,101,56,75,0.4336,317,0,21,0,17,5,5,16,62,5,29,5,52,5,5,212,72225914,3512742.77,WINONA-MONT,406.92465093439324,0.313,6588468.59,1034.85556,131,81,15,496.03839999999997,358.072,72225.914,63.13454020979022,5317475.408,4648.142839160839,5358054.73,4683.614274475525,10095925,8825,3512742,3070,Town,84800,39840,928138,343779.68954412,270631,261791.12,678335.13,1732.2956905594406,9505055.52,8308.614965034965
2804770,8220,YAZOO CITY,13892224.476,6846.833157220305,12249457,1642767.476,1642767.476,3687473.97,2029,201.22958124722948,12508965,6165.088713652045,6037.1892557910305,13657311,6731.0551996057175,20,120,148,134,193,100,171,210,108,167,173,170,165,105,0.6393,650,0,22,0,20,5,0,28,40,5,33,0,111,5,0,273,58670267,2952057.44,YAZOO CITY,10.083010596276015,0.439,7187346.48,1909.6,171,88,10,1297.1397,890.731,58670.267,28.915853622474124,12014543.524,5921.411298176442,9969837.03,4913.670295712173,15201514,7492,2952057,1454,Town,70900,24688,1386466,620909.1189648,251512,463043.04,1036587.67,809.6439014292755,15391855.185999999,7585.93158501725
2804800,8200,YAZOO COUNTY,9616780.92,7285.440090909091,7391658,2225122.92,6535404.3440000005,2225122.92,1320,1.4471631241482514,6995746,5299.807575757576,5599.740909090909,8241196,6243.330303030303,55,97,79,73,97,73,90,96,92,102,112,126,91,111,0.4028,276,13,15,0,11,18,0,15,58,14,32,5,55,0,0,219,233407298,7529716.78,YAZOO COUNT,912.1293777969258,0.285,5294693.25,1151.67975,124,85,14,531.696,376.2,233407.298,176.82371060606062,1705791.6559999995,1292.2664060606057,6016073.08,4557.631121212121,14921374,11304,7529716,5704,Rural,109300,42070,1024058,400492.28901504003,47938,291943.85,770391.62,1685.6991818181818,10679116.389999999,8090.2396893939385
