sep=; 
ID;GEOID;Name;Short Name;Total Enrollment (FY23);Average Daily Attendance (FY23);Revenue: MAEP (FY24);Revenue: MAEP PP (FY24);Revenue: Local (FY22);Revenue: Local PP (FY22);Revenue: Total (MAEP + Local);Revenue: Total PP (MAEP + Local);Revenue: Federal (FY22);Revenue: Federal PP (FY22);Projected Revenue: State Formula;Projected Revenue: State Formula PP;Projected Revenue: Total (State + Local);Projected Revenue: Total PP (State + Local);Change in Revenue: Total (State + Local);Change in Revenue: Total PP (State + Local);Assessed Value (FY22);Assessed Value PP (FY22);Direct Certification % (FY24);Census Poverty % (FY21);ELL % (FY23);Vocational % (FY23);SPED Tier 1 %;SPED Tier 2 %;SPED Tier 3 %;Students per Square Mile;Calculations: Weighted Enrollment;Calculations: Formula Amount;Calculations: Formula Amount PP;Calculations: Mills Rule Expectation;Calculations: Maximum % Expectation;Calculations: Sparsity Multiplier %
4820;2800360;ABERDEEN;ABERDEEN;998;929;6533995;6547;6114256;6126;12648251;12673;4672500;4681;2525299;2530;8639556;8656;-4008695;-4016;108296862;108513;0.42;0.31;0;0.32;0.074;0.076;0.005;4.6;1153;3459314;3466;3032312;934015;0
200;2800390;ALCORN COUNTY;ALCORN COUN;3188;2762;20419424;6405;9459645;2967;29879069;9372;7744573;2429;7646535;2398;17106180;5365;-12772888;-4006;172002073;53952;0.19;0.19;0.01;0.43;0.122;0.05;0.006;8.6;3491;10474705;3285;4816058;2828170;0
2545;.;AMBITION PREP;AMBITION PR;480;480;2877548;5994;1342962;2797;4220511;8792;1608020;3350;1222072;2545;2565034;5343;-1655476;-3448;26682841;55589;0.56;0.4;0;0;0.044;0.031;0;NaN;558;1674072;3487;747119;451999;0
300;2800420;AMITE COUNTY;AMITE COUNT;853;725;6099490;7150;5652860;6627;11752351;13777;7452499;8736;2252281;2640;7905142;9267;-3847208;-4510;115040320;134865;0.55;0.29;0;0.32;0.186;0.068;0.012;1.2;1028;3085317;3617;3221128;833035;0
4821;2800450;AMORY;AMORY;1518;1359;9451731;6226;4662402;3071;14114133;9297;5228334;3444;3689251;2430;8351654;5501;-5762479;-3796;88724362;58448;0.24;0.21;0.01;0.37;0.111;0.047;0.01;19.7;1684;5053769;3329;2484282;1364517;0
400;2800510;ATTALA COUNTY;ATTALA COUN;1004;851;6680365;6653;5820060;5796;12500425;12450;3534710;3520;2503184;2493;8323245;8290;-4177180;-4160;104843101;104425;0.36;0.29;0;0.33;0.117;0.06;0.005;1.7;1143;3429020;3415;2935606;925835;0
5920;2800540;BALDWYN;BALDWYN;756;681;4811051;6363;4448889;5884;9259940;12248;2408297;3185;1826772;2416;6275661;8301;-2984279;-3947;86041605;113811;0.28;0.25;0.01;0.4;0.094;0.044;0;11.5;834;2502427;3310;2409164;675655;0
2320;2800570;BAY ST. LOUIS;BAY ST. LOU;1672;1547;10683196;6389;10323680;6174;21006876;12563;8233825;4924;4114009;2460;14437689;8634;-6569187;-3928;252562707;151054;0.29;0.25;0.02;0.38;0.114;0.057;0.006;89;1878;5635629;3370;7071755;1521619;0
500;2800600;BENTON COUNTY;BENTON COUN;961;833;6618668;6887;2191816;2280;8810484;9168;5808895;6044;2408079;2505;4599895;4786;-4210589;-4381;52796779;54939;0.35;0.29;0.02;0.32;0.127;0.075;0.005;2.4;1099;3298738;3432;1478309;890659;0
2420;2800630;BILOXI;BILOXI;5812;5349;34408921;5920;36754607;6323;71163529;12244;29870477;5139;14417515;2480;51172123;8804;-19991406;-3439;638689708;109891;0.33;0.26;0.09;0.19;0.076;0.061;0.003;302.5;6583;19750021;3398;17883311;5332505;0
5921;2800820;BOONEVILLE;BOONEVILLE;1321;1170;8475935;6416;4253175;3219;12729111;9635;2787017;2109;3196189;2419;7449365;5639;-5279746;-3996;50691579;38373;0.18;0.22;0;0.35;0.103;0.068;0.011;192;1459;4378341;3314;1419364;1182152;0
4320;2800840;BROOKHAVEN;BROOKHAVEN;2586;2289;15455477;5976;12128797;4690;27584274;10666;7496815;2899;6445491;2492;18574288;7182;-9009985;-3484;215101417;83179;0.39;0.28;0.01;0.22;0.107;0.044;0.004;17.2;2943;8829440;3414;6022839;2383948;0
700;2800870;CALHOUN COUNTY;CALHOUN COU;2080;1804;13842580;6655;4965747;2387;18808327;9042;7455794;3584;5084794;2444;10050542;4831;-8757785;-4210;101972223;49025;0.27;0.32;0.06;0.38;0.142;0.039;0.005;3.5;2321;6965472;3348;2855222;1880677;0
4520;2800900;CANTON;CANTON;3166;2750;18291028;5777;16544485;5225;34835514;11003;11363603;3589;8110306;2561;24654792;7787;-10180721;-3215;288604618;91157;0.49;0.31;0.1;0.31;0.051;0.052;0.005;16.9;3703;11110009;3509;8080929;2999702;0
800;2800930;CARROLL COUNTY;CARROLL COU;805;681;5034134;6253;2896775;3598;7930910;9852;3245091;4031;2037706;2531;4934481;6129;-2996428;-3722;89665115;111385;0.43;0.22;0.04;0.22;0.117;0.047;0.006;1.3;930;2791378;3467;2510623;753672;0
911;2800200;CHICKASAW COUNTY CONSOL;CHICKASAW C;2214;1937;14853286;6708;4476040;2021;19329326;8730;5634791;2545;5488675;2479;9964715;4500;-9364610;-4229;79249443;35794;0.33;0.26;0.02;0.38;0.097;0.064;0.005;5.5;2506;7518733;3395;2218984;2030058;0
1000;2800990;CHOCTAW COUNTY;CHOCTAW COU;1230;1067;8273772;6726;11067317;8997;19341090;15724;4353851;3539;2995763;2435;14063080;11433;-5278009;-4291;277658436;225738;0.23;0.3;0;0.3;0.143;0.086;0;2.9;1367;4103785;3336;7774436;1108022;0
1100;2801020;CLAIBORNE COUNTY;CLAIBORNE C;1188;1014;7500071;6313;5292737;4455;12792808;10768;3868931;3256;3127184;2632;8419922;7087;-4372886;-3680;78029909;65681;0.56;0.4;0;0.49;0.066;0.075;0.013;2.4;1427;4283814;3605;2184837;1156629;0
1420;2801050;CLARKSDALE;CLARKSDALE;2118;1746;13659296;6449;5040967;2380;18700264;8829;14527676;6859;5521226;2606;10562194;4986;-8138070;-3842;72043654;34014;0.57;0.52;0.01;0.27;0.054;0.048;0.009;112.7;2512;7538449;3559;2017222;2035381;0
1425;.;CLARKSDALE COLLEGIATE;CLARKSDALE C;600;600;3990413;6650;396211;660;4386624;7311;1251932;2086;1592974;2654;1989185;3315;-2397439;-3995;17381637;28969;0.52;0.52;0;0;0.068;0.033;0;NaN;693;2079660;3466;486685;561508;0
614;2800750;CLEVELAND;CLEVELAND;2818;2447;17288876;6135;12328721;4374;29617598;10510;9162184;3251;7185084;2549;19513806;6924;-10103791;-3585;219291113;77817;0.45;0.41;0.02;0.31;0.098;0.056;0.009;26.2;3280;9842581;3492;6140151;2657497;0
2521;2801090;CLINTON;CLINTON;5211;4832;31117297;5971;19754262;3790;50871559;9762;9536034;1829;12315271;2363;32069533;6154;-18802026;-3608;295475086;56702;0.18;0.16;0.05;0.24;0.083;0.036;0.002;38.9;5623;16870234;3237;8273302;4554963;0
1400;2801110;COAHOMA COUNTY;COAHOMA COU;988;860;6601784;6681;5658673;5727;12260457;12409;5966637;6039;2587895;2619;8246568;8346;-4013888;-4062;146041533;147815;0.53;0.44;0;0.37;0.108;0.06;0.015;1.8;1181;3545062;3588;4089162;957166;0
8111;2801140;COFFEEVILLE;COFFEEVILLE;417;357;2788218;6686;1989737;4771;4777956;11457;2464604;5910;1080098;2590;3069836;7361;-1708120;-4096;50220901;120433;0.5;0.35;0;0.31;0.098;0.06;0.012;1.2;493;1479587;3548;1406185;399488;0
4620;2801170;COLUMBIA;COLUMBIA;1646;1454;10813209;6569;6203323;3768;17016532;10338;6256365;3800;4109967;2496;10313290;6265;-6703241;-4072;86535046;52572;0.32;0.3;0;0.3;0.128;0.092;0.003;24.8;1876;5630092;3420;2422981;1520125;0
4420;2801200;COLUMBUS;COLUMBUS;3090;2626;18666518;6040;13334111;4315;32000630;10356;13193710;4269;8061475;2608;21395587;6924;-10605042;-3432;219959187;71184;0.55;0.33;0.01;0.36;0.081;0.082;0.005;46.9;3681;11043117;3573;6158857;2981641;0
1500;2801220;COPIAH COUNTY;COPIAH COUN;2205;1966;13884637;6296;4941811;2241;18826448;8538;6866971;3114;5557775;2520;10499586;4761;-8326861;-3776;131557669;59663;0.39;0.25;0.05;0.25;0.099;0.054;0.008;4.9;2537;7613391;3452;3683614;2055615;0
220;2801260;CORINTH;CORINTH;2490;2042;14081800;5655;6702195;2691;20783996;8346;5945567;2387;6154260;2471;12856455;5163;-7927540;-3183;111802151;44900;0.32;0.27;0.09;0.39;0.088;0.039;0.006;81.7;2810;8430493;3385;3130460;2276233;0
1600;2801290;COVINGTON COUNTY;COVINGTON C;2609;2249;16731988;6413;10299071;3947;27031060;10360;11599438;4445;6539883;2506;16838955;6454;-10192105;-3906;291463847;111714;0.38;0.29;0.02;0.21;0.184;0.05;0.002;6.3;2986;8958744;3433;8160987;2418860;0
1700;2801320;DESOTO COUNTY;DESOTO COUN;35003;30948;205127931;5860;121174285;3461;326302217;9322;51394776;1468;83924791;2397;205099076;5859;-121203140;-3462;2093952456;59822;0.18;0.13;0.04;0.21;0.078;0.069;0.004;73.5;38321;114965467;3284;58630668;31040676;0
6811;2801410;E. TALLAHATCHIE;E. TALLAHAT;853;753;5482119;6426;2587029;3032;8069148;9459;4882824;5724;2129049;2495;4716078;5528;-3353069;-3930;55403895;64951;0.4;0.43;0;0.38;0.082;0.042;0.006;2.3;972;2916506;3419;1551309;787456;0
3111;2801380;EAST JASPER;EAST JASPER;755;678;4994728;6615;5808166;7692;10802895;14308;3508970;4647;1898187;2514;7706354;10207;-3096541;-4101;87543481;115951;0.37;0.3;0.01;0.28;0.077;0.079;0.007;2.3;866;2600256;3444;2451217;702069;0
1211;2801440;ENTERPRISE;ENTERPRISE;955;818;5855066;6130;3690708;3864;9545775;9995;1824087;1910;2271071;2378;5961779;6242;-3583995;-3752;63742402;66745;0.13;0.15;0;0.3;0.083;0.084;0.005;5.3;1037;3111056;3257;1784787;839985;0
6220;2801470;FOREST SEPARATE;FOREST SEPA;1645;1496;9600258;5836;5753213;3497;15353472;9333;4835253;2939;4096627;2490;9849841;5987;-5503630;-3345;95245718;57900;0.27;0.28;0.31;0.11;0.114;0.036;0.006;18.3;1870;5611818;3411;2666880;1515191;0
1802;2801510;FORREST AHS;FORREST AHS;611;536;3802241;6222;2377849;3891;6180090;10114;1634607;2675;1546663;2531;3924512;6423;-2255578;-3691;748694356;1225359;0.28;0;0.02;0.79;0.079;0.085;0.025;NaN;706;2118716;3467;20963441;572053;0
1800;2801490;FORREST COUNTY;FORREST COU;2129;1849;13225239;6211;9137099;4291;22362339;10503;9825275;4614;5311619;2494;14448719;6786;-7913620;-3717;190120521;89300;0.34;0.25;0.05;0.27;0.129;0.062;0.005;6.1;2425;7276191;3417;5323374;1964571;0
1900;2801530;FRANKLIN COUNTY;FRANKLIN CO;1211;1067;8409146;6943;3442611;2842;11851758;9786;5208620;4301;2986618;2466;6429229;5309;-5422528;-4477;69724254;57575;0.26;0.31;0;0.25;0.157;0.072;0.008;2.1;1363;4091257;3378;1952279;1104639;0
2000;2801560;GEORGE COUNTY;GEORGE COUN;4165;3517;25442782;6108;9944452;2387;35387235;8496;14084643;3381;10069975;2417;20014427;4805;-15372807;-3690;191494360;45977;0.24;0.2;0.01;0.33;0.114;0.052;0.004;8.7;4598;13794486;3312;5361842;3724511;0
2100;2801590;GREENE COUNTY;GREENE COUN;1640;1493;10774043;6569;6635647;4046;17409690;10615;6685145;4076;3968269;2419;10603916;6465;-6805773;-4149;127561139;77781;0.26;0.23;0;0.47;0.092;0.041;0.006;2.3;1811;5435985;3314;3571711;1467715;0
7620;2801620;GREENVILLE;GREENVILLE;3542;3165;21983421;6206;11675470;3296;33658892;9502;16480297;4652;9199829;2597;20875299;5893;-12783592;-3609;192946670;54473;0.63;0.43;0;0.28;0.083;0.022;0.004;94.4;4200;12602505;3558;5402506;3402676;0
4211;2800198;GREENWOOD-LEFLORE CONS;GREENWOOD-L;4030;3442;23630794;5863;12187376;3024;35818170;8887;16341008;4054;10463292;2596;22650668;5620;-13167501;-3267;289602474;71861;0.59;0.47;0.03;0.31;0.079;0.042;0.004;6.8;4777;14333277;3556;8108869;3869984;0
2220;2801680;GRENADA;GRENADA;3864;3383;23980788;6206;9572418;2477;33553207;8683;15370924;3977;9657572;2499;19229991;4976;-14323215;-3706;237606404;61492;0.3;0.34;0;0.3;0.061;0.106;0.009;9.2;4409;13229551;3423;6652979;3571978;0
2421;2801710;GULFPORT;GULFPORT;6113;5519;36836092;6025;31515294;5155;68351386;11181;22103133;3615;15574301;2547;47089595;7703;-21261791;-3478;434496601;71077;0.45;0.33;0.05;0.27;0.094;0.064;0.004;271.2;7111;21334659;3490;12165904;5760358;0
2300;2801740;HANCOCK COUNTY;HANCOCK COU;4060;3765;25469273;6273;19348284;4765;44817557;11038;10670942;2628;9830301;2421;29178585;7186;-15638971;-3851;429008462;105667;0.23;0.21;0;0.32;0.119;0.059;0.004;10.3;4488;13466166;3316;12012236;3635864;0
2400;2801770;HARRISON COUNTY;HARRISON CO;14355;12999;84779476;5905;56565734;3940;141345211;9846;30180940;2102;35762909;2491;92328643;6431;-49016567;-3414;1083351007;75468;0.35;0.23;0.04;0.24;0.084;0.068;0.004;31.4;16330;48990286;3412;30333828;13227377;0
1820;2801800;HATTIESBURG;HATTIESBURG;3667;3148;21645436;5902;23641465;6447;45286902;12349;16408732;4474;9540070;2601;33181535;9048;-12105366;-3301;359925572;98152;0.54;0.34;0.06;0.4;0.068;0.059;0.008;151.7;4356;13068589;3563;10077916;3528519;0
1520;2801830;HAZLEHURST;HAZLEHURST;1368;1172;7823792;5719;5442692;3978;13266484;9697;4178602;3054;3518481;2571;8961173;6550;-4305311;-3147;112843167;82487;0.51;0.32;0.1;0.38;0.034;0.042;0.007;4.1;1606;4819837;3523;3159608;1301356;0
2500;2801860;HINDS COUNTY;HINDS COUNT;4968;4388;29652487;5968;28401203;5716;58053690;11685;10854508;2184;12120667;2439;40521870;8156;-17531819;-3528;438303154;88225;0.3;0.2;0.01;0.24;0.079;0.045;0.004;7.9;5534;16603654;3342;12272488;4482986;0
7611;2801890;HOLLANDALE;HOLLANDALE;548;522;3731608;6809;1852461;3380;5584070;10189;4336243;7912;1475902;2693;3328364;6073;-2255705;-4116;33595788;61306;0.73;0.37;0;0.04;0.093;0.047;0.009;2.9;673;2021784;3689;940682;545881;0
4720;2801950;HOLLY SPRINGS;HOLLY SPRIN;1025;859;6488521;6330;5233731;5106;11722253;11436;4063947;3964;2611164;2547;7844896;7653;-3877357;-3782;93105768;90834;0.43;0.33;0.02;0.33;0.125;0.054;0.01;5.7;1192;3576937;3489;2606961;965773;0
2611;2800195;HOLMES CONSOL;HOLMES CONS;2544;2212;15672328;6160;6609648;2598;22281977;8758;20286509;7974;6553068;2575;13162717;5174;-9119259;-3584;126743852;49820;0.57;0.43;0;0.35;0.083;0.039;0.004;3.4;2992;8976806;3528;3548827;2423737;0
2700;2802040;HUMPHREYS COUNTY;HUMPHREYS C;1207;1211;8273465;6854;3266347;2706;11539812;9560;4763728;3946;3206199;2656;6472546;5362;-5067266;-4198;86307092;71505;0.64;0.43;0;0.53;0.111;0.048;0.012;2.9;1464;4392053;3638;2416598;1185854;0
2900;2802100;ITAWAMBA COUNTY;ITAWAMBA CO;3375;3098;23082908;6839;7590614;2249;30673522;9088;7372394;2184;8228904;2438;15819519;4687;-14854003;-4401;165219091;48953;0.18;0.16;0.01;0.29;0.093;0.117;0.004;6.3;3757;11272471;3339;4626134;3043567;0
3000;2802160;JACKSON COUNTY;JACKSON COU;8906;8100;51719615;5807;39052547;4384;90772163;10192;19167342;2152;21132620;2372;60185167;6757;-30586995;-3434;595877347;66907;0.16;0.15;0.02;0.22;0.087;0.051;0.005;17.3;9649;28948794;3250;16684565;7816174;0
2520;2802190;JACKSON PUBLIC;JACKSON PUB;18710;15978;111772614;5973;96927943;5180;208700557;11154;67919104;3630;48081577;2569;145009520;7750;-63691037;-3404;1263888496;67551;0.54;0.4;0.02;0.27;0.059;0.055;0.002;179.7;21955;65865174;3520;35388877;17783596;0
3300;2802250;JEFF DAVIS COUNTY;JEFF DAVIS;1235;1125;8227474;6661;5841123;4729;14068598;11391;7500445;6073;3098119;2508;8939242;7238;-5129355;-4153;106799513;86477;0.38;0.37;0;0.41;0.116;0.055;0.008;3;1414;4243999;3436;2990386;1145879;0
3200;2802220;JEFFERSON COUNTY;JEFFERSON C;1063;926;6880586;6472;3264024;3070;10144610;9543;7157999;6733;2712832;2552;5976856;5622;-4167754;-3920;54231899;51017;0.51;0.43;0;0.37;0.079;0.046;0.005;2;1238;3716208;3495;1518493;1003376;0
3400;2802280;JONES COUNTY;JONES COUNT;8524;7392;54844244;6434;24411833;2863;79256078;9297;18990452;2227;21046607;2469;45458441;5332;-33797637;-3964;381635981;44771;0.24;0.21;0.07;0.23;0.101;0.073;0.011;12.5;9610;28830968;3382;10685807;7784361;0
3500;2802310;KEMPER COUNTY;KEMPER COUN;884;795;6166645;6975;7984702;9032;14151348;16008;4120973;4661;2262556;2559;10247259;11591;-3904088;-4416;345641840;390997;0.49;0.38;0;0.36;0.076;0.062;0.006;1.2;1033;3099393;3506;9677971;836836;0
420;2802340;KOSCIUSKO;KOSCIUSKO;2123;1809;13300790;6265;5823437;2743;19124228;9008;9306818;4383;5272979;2483;11096417;5226;-8027810;-3781;109045533;51363;0.32;0.3;0.01;0.27;0.105;0.074;0.005;13.9;2407;7223260;3402;3053274;1950280;0
3600;2802370;LAFAYETTE COUNTY;LAFAYETTE C;2872;2486;17280134;6016;12444490;4333;29724624;10349;4294321;1495;6896498;2401;19340989;6734;-10383635;-3615;178094444;62010;0.16;0.16;0.01;0.3;0.12;0.065;0.008;5.3;3149;9447258;3289;4986644;2550759;0
3700;2802400;LAMAR COUNTY;LAMAR COUNT;10276;9015;61622538;5996;38313782;3728;99936320;9725;22842073;2222;24785355;2411;63099138;6140;-36837182;-3584;659171102;64146;0.19;0.17;0.03;0.29;0.111;0.073;0.004;18.5;11317;33952542;3304;18456790;9167186;0
3800;2802430;LAUDERDALE COUNTY;LAUDERDALE;5910;5323;37073600;6273;17790339;3010;54863940;9283;12958370;2192;14417582;2439;32207921;5449;-22656018;-3833;334068084;56525;0.25;0.19;0.02;0.33;0.079;0.064;0.007;9.1;6583;19750113;3341;9353906;5332530;0
3420;2802460;LAUREL;LAUREL;2712;2262;15333329;5653;14655250;5403;29988580;11057;8772059;3234;7032650;2593;21687900;7997;-8300679;-3060;216470400;79819;0.48;0.34;0.07;0.15;0.08;0.071;0.011;185.6;3211;9633767;3552;6061171;2601117;0
3900;2802490;LAWRENCE COUNTY;LAWRENCE CO;1696;1576;11108654;6549;7374467;4348;18483122;10898;4744510;2797;4226309;2491;11600777;6840;-6882345;-4057;123915645;73063;0.33;0.26;0.01;0.34;0.116;0.051;0.012;3.9;1929;5789464;3413;3469638;1563155;0
4000;2802520;LEAKE COUNTY;LEAKE COUNT;2532;2227;16752952;6616;5407327;2135;22160279;8752;10802074;4266;6335404;2502;11742732;4637;-10417547;-4114;133256073;52628;0.31;0.29;0.11;0.28;0.094;0.078;0.005;4.3;2892;8678636;3427;3731170;2343231;0
4100;2802550;LEE COUNTY;LEE COUNTY;6303;5708;39506673;6267;23825813;3780;63332487;10047;12212271;1937;15232872;2416;39058686;6196;-24273800;-3851;367185658;58255;0.25;0.2;0.02;0.25;0.104;0.049;0.003;20.5;6955;20866948;3310;10281198;5634076;0
4225;.;LEFLORE LEGACY;LEFLORE LEG;300;300;1902417;6341;772039;2573;2674456;8914;1012642;3375;785695;2618;1557735;5192;-1116721;-3722;17318659;57728;0.56;0.47;0;0.02;0.053;0.05;0.017;NaN;358;1076295;3587;484922;290599;0
7612;2802610;LELAND;LELAND;700;582;4366193;6237;3894638;5563;8260831;11801;5355699;7650;1824226;2606;5718864;8169;-2541967;-3631;65061661;92945;0.59;0.31;0;0.35;0.097;0.043;0.007;3.7;832;2498940;3569;1821726;674713;0
4300;2802640;LINCOLN COUNTY;LINCOLN COU;2795;2580;18654290;6674;6118841;2189;24773132;8863;4856062;1737;6738174;2410;12857016;4600;-11916115;-4263;118507309;42399;0.23;0.2;0;0.36;0.11;0.044;0.005;6.4;3076;9230376;3302;3318204;2492201;0
2422;2802670;LONG BEACH;LONG BEACH;2929;2654;19038032;6499;10147927;3464;29185959;9964;10563525;3606;7141538;2438;17289466;5902;-11896493;-4061;151835698;51838;0.23;0.17;0.02;0.22;0.095;0.075;0.006;180.5;3260;9782930;3340;4251399;2641391;0
8020;2802700;LOUISVILLE;LOUISVILLE;2523;2335;15977227;6332;8706891;3451;24684119;9783;8989137;3562;6223326;2466;14930218;5917;-9753901;-3865;162612996;64452;0.38;0.3;0;0.38;0.078;0.032;0.004;4.2;2841;8525104;3378;4553163;2301778;0
4400;2802730;LOWNDES COUNTY;LOWNDES COU;5261;4745;31731935;6031;32506676;6178;64238611;12210;11894740;2260;12754247;2424;45260924;8603;-18977687;-3607;525752502;99933;0.23;0.18;0.01;0.3;0.102;0.06;0.006;12;5823;17471571;3320;14721070;4717324;0
4500;2802790;MADISON COUNTY;MADISON COU;13162;11971;77528597;5890;81414049;6185;158942647;12075;18540132;1408;31138720;2365;112552770;8551;-46389876;-3524;1538036801;116854;0.13;0.1;0.05;0.37;0.062;0.06;0.006;25;14218;42655782;3240;43065030;11517061;0
4600;2802820;MARION COUNTY;MARION COUN;1904;1738;13228981;6947;5635882;2960;18864864;9908;9011834;4733;4681169;2458;10317052;5418;-8547811;-4489;101296435;53201;0.32;0.27;0;0.4;0.126;0.05;0.003;4;2137;6412561;3367;2836300;1731391;0
4700;2802850;MARSHALL COUNTY;MARSHALL CO;2777;2448;16686253;6008;10457297;3765;27143551;9774;9336823;3362;6834676;2461;17291974;6226;-9851576;-3547;344542223;124069;0.29;0.28;0.08;0.36;0.073;0.046;0.009;5.3;3120;9362571;3371;9647182;2527894;0
5720;2802880;MCCOMB;MCCOMB;2140;1910;13158987;6149;8534905;3988;21693892;10137;9335373;4362;5474707;2558;14009612;6546;-7684279;-3590;141899713;66308;0.51;0.37;0.02;0.33;0.067;0.057;0.002;48.5;2499;7499599;3504;3973191;2024891;0
3820;2802910;MERIDIAN;MERIDIAN;4614;3809;26583817;5761;22438180;4863;49021998;10624;17171470;3721;12228993;2650;34667173;7513;-14354824;-3111;367691584;79690;0.6;0.36;0.02;0.25;0.046;0.082;0.01;85.9;5584;16752045;3630;10295364;4523052;0
2525;.;MIDTOWN PUBLIC CHARTER;MIDTOWN PUB;360;360;2277965;6327;1066233;2961;3344199;9289;775995;2155;925798;2571;1992032;5533;-1352166;-3756;19184624;53290;0.58;0.4;0;0.01;0.028;0.056;0;NaN;422;1268217;3522;537169;342418;0
4800;2802940;MONROE COUNTY;MONROE COUN;2119;1938;14074592;6642;5580181;2633;19654774;9275;4217787;1990;5054874;2385;10635055;5018;-9019718;-4256;132970709;62751;0.15;0.15;0;0.4;0.124;0.062;0.007;5.4;2308;6924485;3267;3723179;1869610;0
3020;2803000;MOSS POINT;MOSS POINT;1569;1361;11832362;7541;9817268;6257;21649631;13798;10835532;6906;4068192;2592;13885461;8849;-7764170;-4948;170728849;108813;0.53;0.3;0.04;0.41;0.082;0.071;0.003;15.1;1857;5572866;3551;4780407;1504673;0
617;2800186;N. BOLIVAR CONS;N. BOLIVAR;780;714;6524295;8364;2269876;2910;8794172;11274;5382890;6901;2037923;2612;4307799;5522;-4486372;-5751;36309085;46550;0.6;0.61;0.01;0.44;0.092;0.046;0.006;3.8;930;2791675;3579;1016654;753752;0
7011;2803270;N. TIPPAH;N. TIPPAH;1286;1122;8701996;6766;3285728;2554;11987724;9321;4015698;3122;3081470;2396;6367199;4951;-5620525;-4370;47595603;37010;0.18;0.26;0;0.3;0.187;0.051;0.004;6.6;1407;4221192;3282;1332676;1139721;0
130;2803030;NATCHEZ-ADAMS;NATCHEZ-ADA;2842;2479;17785932;6258;14761348;5194;32547281;11452;11681465;4110;7275451;2559;22036800;7753;-10510481;-3698;320557180;112792;0.47;0.36;0;0.31;0.112;0.066;0.005;6.1;3322;9966371;3506;8975601;2690920;0
5000;2803060;NESHOBA COUNTY;NESHOBA COU;3038;2964;22239713;7320;5845157;1924;28084871;9244;15123730;4978;7437241;2448;13282399;4372;-14802472;-4872;124951330;41129;0.28;0.28;0;0.42;0.129;0.047;0.007;5.7;3396;10188001;3353;3498637;2750760;0
4111;2803090;NETTLETON;NETTLETON;1112;1004;7534020;6775;2491966;2240;10025987;9016;2793832;2512;2706309;2433;5198275;4674;-4827711;-4341;44823031;40308;0.27;0.22;0.01;0.37;0.114;0.052;0.004;11.3;1235;3707273;3333;1255044;1000963;0
7320;2803120;NEW ALBANY;NEW ALBANY;2114;1886;13621474;6443;8088117;3825;21709592;10269;4842368;2290;5129183;2426;13217300;6252;-8492291;-4017;107360999;50785;0.22;0.23;0.09;0.36;0.121;0.058;0.002;27.5;2342;7026278;3323;3006107;1897095;0
5100;2803150;NEWTON COUNTY;NEWTON COUN;1688;1533;11485584;6804;4501917;2667;15987502;9471;5342700;3165;4064418;2407;8566335;5074;-7421166;-4396;73661085;43638;0.2;0.24;0;0.31;0.066;0.075;0.006;4.2;1855;5567696;3298;2062510;1503278;0
5130;2803180;NEWTON MUNICIPAL;NEWTON MUNI;816;736;5369773;6580;3547304;4347;8917077;10927;5411990;6632;2099443;2572;5646747;6920;-3270329;-4007;72751727;89156;0.42;0.35;0;0.3;0.085;0.074;0.018;6;958;2875950;3524;2037048;776506;0
5411;2803210;NORTH PANOLA;NORTH PANOL;1219;1039;7448639;6110;4670309;3831;12118948;9941;3902052;3201;3117728;2557;7788038;6388;-4330910;-3552;87683457;71930;0.5;0.41;0;0.38;0.074;0.062;0.004;4.1;1423;4270861;3503;2455136;1153132;0
5711;2803240;NORTH PIKE;NORTH PIKE;2245;1987;15326932;6827;5573192;2482;20900124;9309;10739904;4783;5529666;2463;11102858;4945;-9797266;-4364;84591365;37679;0.32;0.27;0;0.28;0.126;0.051;0.004;17.8;2524;7574885;3374;2368558;2045219;0
5200;2803300;NOXUBEE COUNTY;NOXUBEE COU;1397;1212;8870428;6349;4230854;3028;13101283;9378;6357876;4551;3650524;2613;7881379;5641;-5219903;-3736;80328913;57501;0.56;0.39;0.02;0.31;0.059;0.062;0.011;2;1666;5000718;3579;2249209;1350194;0
3021;2803360;OCEAN SPRINGS;OCEAN SPRIN;5861;5264;35842320;6115;22054499;3762;57896819;9878;10502145;1791;13942085;2378;35996584;6141;-21900234;-3736;341284002;58229;0.12;0.11;0.02;0.32;0.094;0.064;0.01;171.8;6366;19098746;3258;9555952;5156661;0
921;2803390;OKOLONA;OKOLONA;511;480;3932659;7696;1788241;3499;5720900;11195;2487390;4867;1307816;2559;3096057;6058;-2624842;-5136;28085972;54962;0.43;0.32;0;0.44;0.104;0.08;0.01;4.4;597;1791529;3505;786407;483712;0
3620;2803450;OXFORD;OXFORD;4766;4069;26047620;5465;38762587;8133;64810207;13598;9080889;1905;11371090;2385;50133677;10519;-14676529;-3079;616326244;129317;0.17;0.15;0.08;0.28;0.097;0.04;0.005;55.3;5192;15576835;3268;17257134;4205745;0
3022;2803480;PASCAGOULA;PASCAGOULA;6565;5776;40036858;6098;52236402;7956;92273261;14055;23446694;3571;16478519;2510;68714922;10466;-23558338;-3588;1022081136;155686;0.36;0.26;0.09;0.28;0.07;0.058;0.008;92;7524;22573314;3438;28618271;6094794;0
2423;2803510;PASS CHRISTIAN;PASS CHRIST;1944;1764;11405973;5867;12821808;6595;24227782;12462;5104203;2625;4795100;2466;17616909;9062;-6610872;-3400;228928204;117761;0.27;0.19;0.01;0.34;0.07;0.081;0.008;33.3;2189;6568631;3378;6409989;1773530;0
6120;2803520;PEARL;PEARL;4216;3738;25328999;6007;15918153;3775;41247152;9783;8569410;2032;10239852;2428;26158005;6204;-15089146;-3579;241493274;57280;0.25;0.2;0.04;0.28;0.104;0.061;0.002;164.8;4675;14027194;3327;6761811;3787342;0
5500;2803540;PEARL RIVER COUNTY;PEARL RIVER;3284;2875;20777082;6326;8511724;2591;29288806;8918;5974656;1819;7914527;2410;16426251;5001;-12862555;-3916;138522803;42181;0.21;0.15;0.01;0.28;0.095;0.058;0.005;24.7;3613;10841817;3301;3878638;2927290;0
5600;2803570;PERRY COUNTY;PERRY COUNT;933;859;6421754;6882;4166449;4465;10588204;11348;4325843;4636;2351213;2520;6517662;6985;-4070541;-4362;105980327;113590;0.38;0.28;0;0.48;0.129;0.075;0.005;1.8;1073;3220840;3452;2967449;869626;0
1821;2803530;PETAL;PETAL;4392;3930;28192626;6419;13747527;3130;41940154;9549;8976629;2043;10704778;2437;24452306;5567;-17487848;-3981;227593990;51820;0.2;0.16;0.03;0.27;0.114;0.084;0.007;46.9;4888;14664080;3338;6372631;3959301;0
5020;2803600;PHILADELPHIA;PHILADELPHI;829;706;5245729;6327;3480176;4198;8725906;10525;2932252;3537;2187567;2638;5667744;6836;-3058162;-3688;61447733;74122;0.51;0.32;0.01;0.07;0.131;0.103;0.012;130.9;998;2996667;3614;1720536;809100;0
5520;2803630;PICAYUNE;PICAYUNE;3431;2792;19433050;5663;11216053;3269;30649104;8932;14487290;4222;8558245;2494;19774299;5763;-10874804;-3169;189385894;55198;0.36;0.26;0.03;0.32;0.089;0.053;0.007;18.1;3907;11723624;3416;5302805;3165378;0
5820;2803690;PONTOTOC CITY;PONTOTOC CI;2302;2039;15570680;6763;5004069;2173;20574749;8937;6264580;2721;5695755;2474;10699824;4648;-9874924;-4289;87056850;37817;0.23;0.21;0.11;0.3;0.15;0.077;0.007;23;2600;7802404;3389;2437591;2106649;0
5800;2803660;PONTOTOC COUNTY;PONTOTOC CO;3466;3114;23763154;6856;7625327;2200;31388482;9056;9778673;2821;8346333;2408;15971660;4608;-15416821;-4448;118922581;34311;0.19;0.21;0.06;0.3;0.11;0.044;0.008;8.7;3811;11433333;3298;3329832;3086999;0
5530;2803720;POPLARVILLE;POPLARVILLE;1909;1693;11823004;6193;6485300;3397;18308304;9590;5764252;3019;4631344;2426;11116644;5823;-7191659;-3767;114175246;59808;0.23;0.2;0.01;0.21;0.081;0.069;0.005;3.9;2114;6344307;3323;3196906;1712963;0
5900;2803750;PRENTISS COUNTY;PRENTISS CO;2278;2008;16315339;7162;5215941;2289;21531280;9451;8944435;3926;5552809;2437;10768750;4727;-10762530;-4724;89113764;39119;0.21;0.19;0;0.36;0.177;0.078;0.004;6.1;2535;7606588;3339;2495185;2053778;0
6000;2803810;QUITMAN COUNTY;QUITMAN COU;852;782;5853085;6869;3629841;4260;9482926;11130;6196847;7273;2165670;2541;5795511;6802;-3687414;-4327;77936585;91474;0.45;0.44;0;0.46;0.094;0.063;0.006;2.1;988;2966671;3482;2182224;801001;0
1212;2803780;QUITMAN SEP;QUITMAN SEP;1593;1379;10025901;6293;7013617;4402;17039518;10696;4387493;2754;4100116;2573;11113733;6976;-5925785;-3719;121991445;76579;0.43;0.35;0;0.29;0.089;0.101;0.009;3.1;1872;5616597;3525;3415760;1516481;0
6100;2803830;RANKIN COUNTY;RANKIN COUN;18720;17177;109885810;5869;92575401;4945;202461212;10815;31538902;1684;44047128;2352;136622530;7298;-65838682;-3517;1665040971;88944;0.14;0.12;0.02;0.35;0.103;0.042;0.004;25;20112;60338531;3223;46621147;16291403;0
2515;.;REIMAGINE PREP;REIMAGINE P;600;600;3679458;6132;1808680;3014;5488139;9146;2311750;3852;1545384;2575;3354064;5590;-2134074;-3556;34721469;57869;0.58;0.4;0.01;0.25;0.023;0.055;0;NaN;705;2116965;3528;972201;571580;0
5620;2803870;RICHTON;RICHTON;597;531;3654076;6120;1383928;2318;5038004;8438;2450604;4104;1430911;2396;2814839;4714;-2223164;-3723;26925232;45100;0.22;0.28;0;0.35;0.107;0.059;0;4.8;653;1960152;3283;753906;529241;0
7012;2804110;S. TIPPAH;S. TIPPAH;2485;2170;17371817;6990;5824874;2344;23196692;9334;7482767;3011;6033071;2427;11857945;4771;-11338746;-4562;93966166;37813;0.18;0.28;0.06;0.27;0.153;0.081;0.004;9.5;2754;8264481;3325;2631052;2231409;0
6200;2803900;SCOTT COUNTY;SCOTT COUNT;3989;3459;27021472;6773;6490353;1627;33511826;8401;15308976;3837;9894893;2480;16385247;4107;-17126579;-4293;123366956;30926;0.23;0.27;0.1;0.22;0.105;0.07;0.004;7.7;4449;13349168;3346;3454274;3604275;0
6920;2803930;SENATOBIA;SENATOBIA;1666;1483;10259185;6157;6807959;4086;17067144;10244;6195274;3718;4107288;2465;10915248;6551;-6151896;-3692;99947674;59992;0.28;0.2;0.01;0.23;0.148;0.061;0.006;37.7;1875;5626423;3377;2798534;1519134;0
6400;2803990;SIMPSON COUNTY;SIMPSON COU;3008;2827;20080458;6675;11132884;3701;31213342;10376;10928964;3633;7523559;2501;18656443;6202;-12556898;-4174;256827504;85381;0.33;0.29;0.02;0.4;0.11;0.08;0.007;5.1;3435;10306245;3426;7191170;2782686;0
2505;.;SMILOW COLLEGIATE;SMILOW COLL;575;575;3460409;6018;2050595;3566;5511004;9584;2297325;3995;1459614;2538;3510209;6104;-2000795;-3479;38436801;66846;0.55;0.4;0.01;0;0.064;0.026;0;NaN;666;1999471;3477;1076230;539857;0
2535;.;SMILOW PREP;SMILOW PREP;600;600;3655052;6091;2015009;3358;5670061;9450;1881336;3135;1530415;2550;3545424;5909;-2124636;-3541;38977213;64962;0.53;0.4;0.01;0.25;0.027;0.025;0.008;NaN;698;2096460;3494;1091361;566044;0
6500;2804020;SMITH COUNTY;SMITH COUNT;2443;2224;15060923;6164;6370545;2607;21431468;8772;5750282;2353;5917452;2422;12287997;5029;-9143470;-3742;163455234;66907;0.23;0.24;0;0.25;0.056;0.063;0.009;3.8;2702;8106099;3318;4576746;2188646;0
6312;2803960;SOUTH DELTA;SOUTH DELTA;604;507;4414306;7308;2496558;4133;6910865;11441;3274558;5421;1599973;2648;4096532;6782;-2814332;-4659;79472422;131576;0.65;0.5;0;0.24;0.101;0.048;0.008;0.8;730;2191744;3628;2225227;591770;0
5412;2804050;SOUTH PANOLA;SOUTH PANOL;4313;3638;26060221;6042;13181107;3056;39241329;9098;12557599;2911;10658338;2471;23839446;5527;-15401882;-3571;201817123;46792;0.33;0.33;0.01;0.3;0.105;0.062;0.003;11.2;4866;14600464;3385;5650879;3942125;0
5712;2804080;SOUTH PIKE;SOUTH PIKE;1557;1315;9358969;6010;5294228;3400;14653197;9411;5536574;3555;3947490;2535;9241719;5935;-5411478;-3475;110835209;71185;0.45;0.33;0;0.39;0.091;0.056;0.006;6.5;1802;5407521;3473;3103385;1460030;0
5321;2800189;STARKVILLE OKTIBBEHA;STARKVILLE;4894;4187;28419225;5806;31135336;6361;59554561;12168;15583249;3184;12101408;2472;43236745;8834;-16317816;-3334;471472708;96336;0.35;0.24;0.02;0.34;0.092;0.058;0.002;10.7;5525;16577272;3387;13201235;4475863;0
6600;2804170;STONE COUNTY;STONE COUNT;2518;2264;15752917;6256;7227078;2870;22979996;9126;10053634;3992;6145661;2440;13372740;5310;-9607255;-3815;132638729;52676;0.29;0.23;0.01;0.36;0.078;0.051;0.006;5.7;2806;8418714;3343;3713884;2273052;0
6711;2800187;SUNFLOWER CONS;SUNFLOWER C;2929;2507;18122622;6187;12419498;4240;30542121;10427;12902524;4405;7648595;2611;20068094;6851;-10474026;-3575;216486648;73911;0.57;0.61;0;0.37;0.062;0.079;0.005;4.2;3492;10477528;3577;6061626;2828932;0
6900;2804230;TATE COUNTY;TATE COUNTY;2014;1806;12916914;6413;5934089;2946;18851004;9359;7219167;3584;4980338;2472;10914427;5419;-7936576;-3940;121396319;60276;0.3;0.2;0.04;0.36;0.107;0.067;0.005;5.6;2274;6822381;3387;3399096;1842042;0
7100;2804260;TISHOMINGO;TISHOMINGO;2897;2650;18119854;6254;10142771;3501;28262626;9755;12096886;4175;6953857;2400;17096628;5901;-11165997;-3854;196026084;67665;0.18;0.19;0.03;0.35;0.12;0.061;0.005;6.8;3175;9525831;3288;5488730;2571974;0
7200;2804290;TUNICA COUNTY;TUNICA COUN;1671;1438;10205439;6107;14461914;8654;24667353;14762;6049221;3620;4357819;2607;18819733;11262;-5847619;-3499;191329023;114499;0.59;0.42;0.01;0.31;0.047;0.056;0.006;3.7;1989;5969615;3572;5357212;1611796;0
4120;2804320;TUPELO;TUPELO;7132;6110;41158031;5770;40188126;5634;81346158;11405;17584101;2465;17586102;2465;57774229;8100;-23571929;-3305;626008357;87774;0.29;0.21;0.05;0.19;0.091;0.057;0.007;98.7;8030;24090551;3377;17528233;6504448;0
5131;2804380;UNION CITY;UNION CITY;927;852;7064192;7620;1613482;1740;8677675;9361;3247612;3503;2440950;2633;4054433;4373;-4623242;-4987;25023070;26993;0.24;0.27;0;0.34;0.167;0.081;0.011;13;1047;3141596;3388;700645;848231;0
7300;2804350;UNION COUNTY;UNION COUNT;2980;2640;19430187;6520;7657298;2569;27087485;9089;6419076;2154;7113967;2387;14771266;4956;-12316219;-4132;102684660;34457;0.17;0.19;0.01;0.27;0.114;0.048;0.007;8.8;3248;9745161;3270;2875170;2631193;0
7500;2804470;VICKSBURG WARREN;VICKSBURG W;6862;6063;41798577;6091;39766946;5795;81565524;11886;19995701;2913;17252911;2514;57019858;8309;-24545665;-3577;625214795;91112;0.45;0.33;0.01;0.38;0.092;0.038;0.003;11.7;7878;23634125;3444;17506014;6381213;0
618;2800185;W. BOLIVAR CONS;W. BOLIVAR;938;827;7556328;8055;4263046;4544;11819375;12600;4751804;5065;2464929;2627;6727976;7172;-5091398;-5427;98397810;104901;0.59;0.51;0.01;0.29;0.116;0.048;0.011;1.7;1125;3376616;3599;2755138;911686;0
6812;2804650;W. TALLAHATCHIE;W. TALLAHAT;513;475;4403534;8583;2443868;4763;6847403;13347;2606776;5081;1323822;2580;3767690;7344;-3079712;-6003;76607096;149331;0.44;0.46;0;0.29;0.103;0.057;0.019;1.8;604;1813454;3534;2144998;489632;0
7400;2804440;WALTHALL COUNTY;WALTHALL CO;1684;1533;11149516;6620;5651277;3355;16800793;9976;5317377;3157;4169477;2475;9820754;5831;-6980039;-4144;112434563;66766;0.33;0.33;0.01;0.37;0.094;0.057;0.006;4.2;1903;5711612;3391;3148167;1542135;0
8113;2804500;WATER VALLEY;WATER VALLE;1041;943;6889416;6618;2699399;2593;9588815;9211;3223381;3096;2556210;2455;5255610;5048;-4333205;-4162;51083389;49071;0.31;0.32;0.01;0.35;0.098;0.054;0.005;8;1167;3501658;3363;1430334;945447;0
7700;2804530;WAYNE COUNTY;WAYNE COUNT;2900;2665;20474120;7060;7796670;2688;28270791;9748;16482650;5683;7400393;2551;15197063;5240;-13073727;-4508;164650129;56775;0.44;0.32;0.02;0.33;0.157;0.054;0.008;3.6;3379;10137525;3495;4610203;2737131;0
7800;2804560;WEBSTER COUNTY;WEBSTER COU;1739;1500;11469520;6595;4015421;2309;15484941;8904;4977047;2862;4201878;2416;8217299;4725;-7267641;-4179;77678926;44668;0.22;0.24;0.01;0.38;0.14;0.049;0.006;4.1;1918;5755998;3309;2175009;1554119;0
3112;2804590;WEST JASPER;WEST JASPER;1411;1232;8963103;6352;5335260;3781;14298364;10133;3560080;2523;3519111;2494;8854371;6275;-5443992;-3858;115852167;82106;0.32;0.24;0.01;0.27;0.157;0.054;0.011;4.1;1606;4820700;3416;3243860;1301589;0
1321;2800191;WEST POINT CONS;WEST POINT;2609;2235;15985432;6127;9719600;3725;25705032;9852;12580623;4822;6610083;2533;16329683;6258;-9375349;-3593;219104668;83980;0.42;0.31;0;0.33;0.091;0.071;0.007;6.4;3018;9054908;3470;6134930;2444825;0
7613;2804680;WESTERN LINE;WESTERN LIN;1632;1395;9756432;5978;8961731;5491;18718163;11469;7532207;4615;4123197;2526;13084928;8017;-5633235;-3451;179443049;109952;0.44;0.29;0;0.34;0.114;0.031;0.009;4.6;1882;5648215;3460;5024405;1525018;0
7900;2804710;WILKINSON COUNTY;WILKINSON C;891;754;5824372;6536;2720037;3052;8544410;9589;3755479;4214;2254025;2529;4974062;5582;-3570347;-4007;68465888;76841;0.47;0.36;0.01;0.38;0.107;0.055;0;1.3;1029;3087705;3465;1917044;833680;0
4911;2800196;WINONA-MONTG CONS;WINONA-MONT;1144;1000;7523309;6576;3512742;3070;11036052;9646;6588468;5759;2938387;2568;6451130;5639;-4584921;-4007;72225914;63134;0.43;0.31;0;0.28;0.115;0.071;0.013;2.8;1341;4025188;3518;2022325;1086800;0
8220;2804770;YAZOO CITY;YAZOO CITY;2029;1788;13749087;6776;2952057;1454;16701145;8231;7187346;3542;5649422;2784;8601479;4239;-8099665;-3991;58670267;28915;0.64;0.44;0;0.32;0.084;0.043;0.005;201.2;2430;7292189;3593;1642767;1968891;0
8200;2804800;YAZOO COUNTY;YAZOO COUNT;1320;1142;8453993;6404;7529716;5704;15983710;12108;5294693;4011;3346810;2535;10876527;8239;-5107182;-3869;233407298;176823;0.4;0.29;0.01;0.21;0.094;0.064;0.011;1.4;1528;4584672;3473;6535404;1237861;0
