geoid,dist_id,district,total_enroll,maep_expected_local_total,maep_expected_local_pp,maep_rev_fy24,local_share_expected_total,local_funding_28_mill,local_funding_27_pct,st_per_sq_mile,maep_rev_fy23,maep_fy23_pp,maep_fy24_pp,maep_rev_full_funding_fy24,maep_full_pp_fy24,gr_prek_enroll,gr_k_enroll,gr_1_enroll,gr_2_enroll,gr_3_enroll,gr_4_enroll,gr_5_enroll,gr_6_enroll,gr_7_enroll,gr_8_enroll,gr_9_enroll,gr_10_enroll,gr_11_enroll,gr_12_enroll,totalEnrollment,direct_cert_pct,vocational_enroll,ell_enroll,autism,deaf_blind,developmentally_delayed,emotional_disability,hearing_impaired,intellectual_disability,language_speech_impaired,multiple_disabilities,other_health_impairment,orthopedic_impairment,specific_learning_disability,traumatic_brain_injury,visually_impaired,sped_enroll,assessed_value,local_revenue,shortName,sq_miles,stpov_rate,federal_revenue,total_ada,sped_tier_1_enroll,sped_tier_2_enroll,sped_tier_3_enroll,ada_addon_fy24,teacher_addon_fy24,econ_dis_enroll,stpov_enroll,mill_1_value,mill_1_value_pp,local_share_mills,local_share_pp_mills,local_share_pct,local_share_pp_pct,rev_total_local_state,rev_pp_local_state,local_revenue_total,local_revenue_pp,urbanicity,mpv,mhi,sped_funding,at_risk_funding,cte_funding,local_share_expected_pp
2800360,4820,ABERDEEN,998,8472555.065,8489.534134,6533995.02,1938560.045,3032312.136,1938560.045,4.640070636,5461563,5472.508016,6547.089198,7179852.02,7194.240501,0,76,64,71,87,49,70,79,68,74,103,81,77,78,998,0.4201,317,0,13,0,11,14,0,16,32,5,28,5,31,0,0,151,108296862,6114256.61,ABERDEEN,215.0829326,0.309,4672500.27,910.472222,74,76,5,232105.88,682414.14,419.2598,308.382,108296.862,108.5138898,4147539.884,4155.851587,5241291.975,5251.795566,11733731,11757,6114256,6126,Town,77200,39991,743263,304899.9236,56314,1942.444935
2800390,200,ALCORN COUNTY,3188,25235482.04,7915.772285,20419424,4816058.044,4816058.044,6069361.05,8.627912006,17423282,5465.270389,6405.089084,22479115,7051.165307,135,210,243,246,219,233,194,233,232,240,256,235,237,200,3188,0.1905,1369,29,43,0,41,5,5,43,128,15,59,5,220,5,0,563,172002073,9459645.49,ALCORN COUN,369.4984369,0.188,7744573.91,2814.40782,389,160,20,711043.38,1787412.62,607.314,599.344,172002.073,53.95297146,17663056.96,5540.482107,16409753.95,5147.350674,27380613,8588,9459645,2967,Rural,94100,44520,2366894,915285.1289,703630,1510.683201
.,2545,AMBITION PREP,480,3624668.499,7551.392707,2877548.95,747119.5492,747119.5492,859792.3065,4.6,2151984,4483.3,5994.893646,3184415.95,6634.199896,0,79,79,83,87,67,0,0,0,0,0,0,0,0,395,0.5627,0,0,5,0,5,0,0,5,11,0,5,0,5,0,0,28,26682841.04,1342962.18,AMBITION PR,5.8,0.401,1608020.68,277.804469,21,15,0,89289.47,118269.48,270.096,192.48,26682.84104,55.58925217,2437296.401,5077.700835,2324623.644,4842.965924,NA,NA,NA,NA,NA,NA,NA,41826,134704.8425,0,1556.499061
2800420,300,AMITE COUNTY,853,7912550.301,9276.143377,6099490.67,1813059.631,3221128.96,1813059.631,1.168493306,5418370,6352.133646,7150.633845,6715035.67,7872.257526,0,71,63,61,73,63,61,59,59,68,65,73,47,62,853,0.549,274,0,5,0,34,5,5,20,69,5,23,0,56,5,0,219,115040320,5652860.82,AMITE COUNT,729.9999027,0.29,7452499.36,780.137143,159,58,10,201251.92,542503.75,468.297,247.37,115040.32,134.8655569,3493906.71,4096.021934,4901976.039,5746.747994,11008595,12905,5652860,6627,Rural,83600,33981,1068117,259003.9169,194411,2125.509532
2800450,4821,AMORY,1518,11936013.3,7862.986361,9451731.16,2484282.136,2484282.136,2808486.583,19.73466969,8630797,5685.637022,6226.436864,10401802.16,6852.307088,0,119,121,111,103,131,123,87,123,117,122,117,108,99,1518,0.2361,560,12,16,0,23,5,0,17,78,5,34,0,68,5,5,252,88724362,4662402.55,AMORY,76.92046655,0.208,5228334.37,1410.86508,169,72,15,355521.69,829830.47,358.3998,315.744,88724.362,58.44819631,7917520.024,5215.757592,7593315.577,5002.184174,12928781,8516,4662402,3071,Town,108000,42610,1104393,449311.5057,236621,1636.549497
2800510,400,ATTALA COUNTY,1004,8661987.083,8627.477174,6680365.01,1981622.073,2935606.828,1981622.073,1.725257814,5643432,5620.948207,6653.75001,7339341.01,7310.100608,48,82,84,67,56,69,56,66,82,84,82,68,72,72,1004,0.3617,336,0,12,0,5,5,5,11,45,5,27,0,67,0,0,180,104843101,5820060.4,ATTALA COUN,581.94201,0.293,3534710.96,852.659218,117,60,5,221821.22,724921.79,363.1468,294.172,104843.101,104.4253994,4403734.182,4386.189424,5357718.937,5336.373444,11553682,11507,5820060,5796,Rural,60600,34921,871786,292914.4049,336354,1973.727164
2800540,5920,BALDWYN,756,6239659.823,8253.518284,4811051.38,1428608.443,2409164.94,1428608.443,11.48374505,4166149,5510.779101,6363.824577,5291142.38,6998.865582,0,67,58,56,64,58,56,58,68,67,51,56,39,44,756,0.2834,306,5,5,0,13,5,0,5,38,0,13,5,20,0,0,111,86041605,4448889.35,BALDWYN,65.83218252,0.246,2408297.18,688.707339,71,33,0,176942.75,456930.63,214.2504,185.976,86041.605,113.8116468,2881977.44,3812.139471,3862533.937,5109.171875,8626067,11410,4448889,5884,Rural,101400,43036,473072,219832.367,264705,1889.693707
2800570,2320,BAY ST. LOUIS,1672,13856568.1,8287.42111,10683196.21,3173371.887,7071755.796,3173371.887,89.03631856,8998844,5382.083732,6389.471417,11753229.21,7029.443307,58,113,142,109,125,114,117,115,142,131,112,153,133,90,1672,0.2935,642,34,27,0,51,5,5,15,76,5,38,5,64,5,0,294,252562707,10323680.67,BAY ST. LOU,18.7788537,0.246,8233825.93,1530.40499,191,95,10,373286.09,999761.12,490.732,411.312,252562.707,151.0542506,4681473.414,2799.924291,8579857.323,5131.493614,19633829,11742,10323680,6174,Suburb,168900,41778,1252592,507484.8151,119480,1897.949693
2800600,500,BENTON COUNTY,961,8096978.272,8425.575725,6618668.46,1478309.812,1478309.812,1967707.744,2.363732143,5252649,5465.815817,6887.272071,7287806.46,7583.565515,16,93,62,68,74,58,66,73,70,87,76,71,69,60,961,0.3462,310,21,17,0,14,5,0,5,42,5,45,0,66,0,0,199,52796779,2191816.51,BENTON COUN,406.5604483,0.293,5808895.95,806.11359,122,72,5,220886.26,575744.2,332.6982,281.573,52796.779,54.93941623,5809496.648,6045.261861,5320098.716,5536.002826,8013854,8339,2191816,2280,Rural,78000,36258,761898,268066.2256,188397,1538.303655
2800630,2420,BILOXI,5812,44626103.42,7678.269687,34408921.93,10217181.49,17883311.82,10217181.49,302.4831359,29253636,5033.316586,5920.323801,37841412.93,6510.91069,120,459,485,441,447,419,361,430,405,464,493,409,403,405,5812,0.3302,1122,533,121,0,99,32,11,22,183,5,165,5,161,5,5,810,638689708,36754607.75,BILOXI,19.21429432,0.26,29870477.84,5304.15,443,356,15,1316669.08,3226824.85,1919.1224,1511.12,638689.708,109.8915533,19958101.11,3433.947196,27624231.44,4752.964804,66620035,11462,36754607,6323,City,159100,47342,3290688,1747548.769,432143,1757.945886
2800820,5921,BOONEVILLE,1321,9895300.082,7490.764634,8475935.87,1419364.212,1419364.212,2520185.365,191.9886821,7346069,5560.990916,6416.302702,9334019.87,7065.874239,39,100,98,99,93,90,113,98,99,102,86,115,84,82,1321,0.1809,460,0,12,0,15,5,5,15,71,5,53,0,50,5,5,226,50691579,4253175.59,BOONEVILLE,6.880613926,0.22,2787017.86,1164.18436,136,90,15,298956.11,710956.76,238.9689,290.62,50691.579,38.37364042,7914655.658,5991.412307,6813834.505,5158.088195,11719198,8871,4253175,3219,Town,96200,32016,795434,373889.8257,116419,1074.461932
2800840,4320,BROOKHAVEN,2586,20046136.1,7751.792767,15455477.02,4590659.075,6022839.676,4590659.075,17.19387533,13659606,5282.136891,5976.595909,17002441.02,6574.803179,77,196,201,212,196,158,199,159,169,228,220,189,194,150,2586,0.3909,558,29,26,0,38,5,5,18,134,5,61,0,104,5,0,399,215101417,12128797.01,BROOKHAVEN,150.4023933,0.28,7496815.42,2368.99435,276,115,10,578745.37,1416898.65,1010.8674,724.08,215101.417,83.17920224,10979601.34,4245.785516,12411781.94,4799.60632,25588630,9895,12128797,4690,Town,101900,39841,1607701,776720.8617,280855,1775.196858
2800870,700,CALHOUN COUNTY,2080,16697802.46,8027.789646,13842580.22,2855222.244,2855222.244,4110825.389,3.546505165,12223903,5876.876442,6655.086644,15225279.22,7319.845779,86,150,158,134,149,139,155,151,164,138,169,166,150,130,2080,0.2712,798,134,19,0,47,5,5,14,131,5,33,5,118,5,0,382,101972223,4965747.48,CALHOUN COU,586.492872,0.324,7455794.86,1911.48889,296,81,10,464211.75,1347776.47,564.096,673.92,101972.223,49.02510721,12370056.98,5947.142777,11114453.83,5343.487419,16996339,8171,4965747,2387,Rural,70500,37263,1368363,637279.4525,489806,1372.703002
2800900,4520,CANTON,3166,23722204.8,7492.800001,18291028.35,5431176.455,8080929.304,5431176.455,16.88371459,15486257,4891.426721,5777.330496,20115468.35,6353.590761,94,231,245,237,260,182,252,240,253,259,252,258,167,168,3166,0.4863,978,308,38,0,13,13,5,27,57,11,76,5,92,5,0,335,288604618,16544485.96,CANTON,187.5179768,0.312,11363603.64,2751.11876,162,164,16,718289.38,1698647.97,1539.6258,987.792,288604.618,91.15749147,12034539.05,3801.181,14684291.9,4638.121256,32418576,10239,16544485,5225,Rural,153400,41939,1661921,897744.9743,393681,1715.469506
2800930,800,CARROLL COUNTY,805,6529842.098,8111.605091,5034134.77,1495707.328,2510623.22,1495707.328,1.281231936,4615780,5733.888199,6253.583565,5539656.77,6881.561205,20,54,53,50,69,56,54,53,61,79,83,63,47,46,805,0.4275,178,33,5,0,5,5,5,5,37,5,18,0,52,0,0,137,89665115,2896775.33,CARROLL COU,628.301541,0.221,3245091.3,738.583333,94,38,5,180916.36,454766.41,344.1375,177.905,89665.115,111.385236,3029033.55,3762.774596,4043949.442,5023.53968,7295227,9062,2896775,3598,Rural,99000,46052,662293,248772.6822,99740,1858.021525
2800200,911,CHICKASAW COUNTY CONSOL,2214,17072270.86,7711.052784,14853286.46,2218984.404,2218984.404,4417524.394,5.496836148,12877302,5816.306233,6708.801472,16361201.46,7389.883225,59,194,183,174,154,146,134,150,152,171,195,168,150,126,2214,0.3313,838,46,23,0,28,12,5,25,109,5,72,5,77,0,5,362,79249443,4476040.07,CHICKASAW C,402.7771504,0.264,5634791.05,1955.66111,214,142,10,492494.54,1240723.92,733.4982,584.496,79249.443,35.7946897,14142217.06,6387.631913,11943677.07,5394.614754,17596108,7947,4476040,2021,NA,NA,NA,1520243,646341.7613,378375,1002.251312
2800990,1000,CHOCTAW COUNTY,1230,10726243.17,8720.522904,8273772.97,2452470.202,7774436.208,2452470.202,2.941601509,6945544,5646.78374,6726.644691,9083222.97,7384.734122,65,91,105,89,96,83,92,103,88,95,99,86,65,62,1230,0.2318,372,5,14,0,16,5,0,5,79,0,82,0,81,0,0,280,277658436,11067317.21,CHOCTAW COU,418.1395734,0.296,4353851.68,1098.55556,176,106,0,269270.86,961634.11,285.114,364.08,277658.436,225.7385659,1308786.762,1064.054278,6630752.768,5390.855909,18110185,14723,11067317,8997,Rural,81400,36777,1236373,356057.8872,239967,1993.878213
2801020,1100,CLAIBORNE COUNTY,1188,9684908.692,8152.280044,7500071.24,2184837.452,2184837.452,2230544.315,2.437681092,6431257,5413.515993,6313.191279,8261275.24,6953.935387,39,75,91,87,90,61,83,80,97,93,96,109,73,81,1188,0.5606,588,0,5,0,5,5,5,15,30,11,59,0,44,0,5,179,78029909,5292737.7,CLAIBORNE C,487.3484082,0.398,3868931.62,1017.72881,79,89,16,267400.93,609582.31,665.9928,472.824,78029.909,65.68174158,6076437.788,5114.846623,6030730.925,5076.372833,11915825,10030,5292737,4455,Rural,67500,29338,835413,360442.7021,371360,1839.088764
2801050,1420,CLARKSDALE,2118,15676519.16,7401.567121,13659296.85,2017222.312,2017222.312,4062293.87,112.7163168,11613241,5483.116619,6449.148654,15045532.85,7103.651015,75,173,167,153,179,121,110,183,110,167,190,164,149,133,2118,0.5653,575,27,17,5,30,15,0,41,52,5,24,5,32,5,5,220,72043654,5040967.68,CLARKSDALE,18.79053593,0.516,14527676.69,1745.65093,114,102,20,471224.01,1126703.84,1197.3054,1092.888,72043.654,34.01494523,13028310.54,6151.232549,10983238.98,5185.665241,17102336,8074,5040967,2380,Town,65400,30223,1470046,616231.6251,213402,952.4184665
.,1425,CLARKSDALE COLLEGIATE,600,4477099.766,7461.832944,3990413.93,486685.8364,486685.8364,1194037.991,Inf,3152814,5254.69,6650.689883,4422362.93,7370.604883,0,69,73,78,76,5,70,75,0,0,0,0,0,0,511,0.5208,0,0,5,0,5,5,0,5,21,0,5,0,15,0,0,58,17381637.01,396211,CLARKSDALE C,0,0.516,1251932,416.883333,41,20,0,118507.23,113604.7,312.48,309.6,17381.63701,28.96939502,3935677.094,6559.461823,3228324.939,5380.541565,NA,NA,NA,NA,NA,NA,NA,68371,187836.3755,0,811.1430606
2800750,614,CLEVELAND,2818,22420828.75,7956.291253,17288876.3,5131952.451,6140151.164,5131952.451,26.20708103,14704672,5218.123492,6135.158375,19007231.3,6744.936586,68,218,217,203,204,184,247,207,203,219,235,227,206,129,2818,0.4468,869,62,34,0,45,5,5,41,153,15,67,5,77,5,5,450,219291113,12328721.85,CLEVELAND,107.5281905,0.405,9162184.58,2530.39444,275,157,25,637882.11,1699925.19,1259.0824,1141.29,219291.113,77.8179961,12867080.14,4566.032696,13875278.85,4923.803708,27279790,9680,12328721,4374,Town,129500,35789,2073160,841033.2699,366002,1821.132878
2801090,2521,CLINTON,5211,39390599.66,7559.124862,31117297.25,8273302.408,8273302.408,9253574.798,38.89745096,27710753,5317.741892,5971.463683,34272499.25,6576.952456,46,342,324,369,358,383,376,444,405,452,465,468,395,348,5211,0.1769,1262,237,49,0,66,21,5,31,252,5,74,5,114,0,5,630,295475086,19754262.53,CLINTON,133.9676475,0.155,9536034.84,4786.26257,432,185,10,1193720.75,2470788.5,921.8259,807.705,295475.086,56.70218499,25999196.84,4989.291277,25018924.45,4801.175293,47207050,9059,19754262,3790,Rural,167600,62362,2332623,1518946.772,423413,1587.66118
2801110,1400,COAHOMA COUNTY,988,8562139.234,8666.132828,6601784.2,1960355.034,4089162.924,1960355.034,1.849373256,6170910,6245.860324,6681.967814,7260574.2,7348.759312,0,49,61,58,78,50,80,87,72,122,82,79,87,63,988,0.5342,365,0,5,0,5,5,5,15,36,5,24,5,66,5,5,162,146041533,5658673.3,COAHOMA COU,534.2350425,0.44,5966637.66,962.591506,107,59,15,226729.81,643050.39,527.7896,434.72,146041.533,147.8153168,3171411.276,3209.930441,5300219.166,5364.594298,11390677,11529,5658673,5727,Rural,71700,27333,992769,308992.9545,107670,1984.165014
2801140,8111,COFFEEVILLE,417,3615963.518,8671.375342,2788218.88,827744.6376,1406185.228,827744.6376,1.240349418,2336671,5603.527578,6686.376211,3065720.88,7351.848633,0,31,26,27,29,24,33,32,20,28,37,36,44,32,417,0.5037,131,0,5,0,5,5,0,5,15,5,5,5,21,0,0,67,50220901,1989737.93,COFFEEVILLE,336.1955864,0.351,2464604.96,368.960894,41,25,5,96067.99,277663.89,210.0429,146.367,50220.901,120.4338153,1659535.652,3979.701803,2237976.242,5366.849502,4404224,10561,1989737,4771,Rural,74000,38197,307919,117224.6558,57880,1984.999131
2801170,4620,COLUMBIA,1646,13236190.86,8041.428225,10813209.57,2422981.288,2422981.288,3218386.384,24.84560052,9044947,5495.107533,6569.38613,11919949.57,7241.767661,5,138,121,140,137,103,98,132,120,120,109,155,106,99,1646,0.3224,498,5,38,0,32,20,0,11,113,5,83,0,65,0,0,363,86535046,6203323.22,COLUMBIA,66.24915339,0.298,6256365.45,1419.66006,210,152,5,367442.53,816243.04,530.6704,490.508,86535.046,52.57293196,9496968.282,5769.725566,8701563.186,5286.490393,15832847,9618,6203323,3768,Town,94100,31430,1456267,459835.4194,79052,1472.042095
2801200,4420,COLUMBUS,3090,24212194.44,7835.661631,18666518.93,5545675.511,6158857.236,5545675.511,46.88638156,16151073,5226.884466,6040.944638,20539538.93,6647.099977,95,255,260,250,248,212,191,221,186,250,265,248,193,172,3090,0.5473,1104,45,69,0,61,33,5,31,91,5,109,5,98,5,5,506,219959187,13334111.09,COLUMBUS,65.90399808,0.329,13193710.86,2717.00049,250,252,15,694447.69,1675292.24,1691.157,1016.61,219959.187,71.18420291,14380681.69,4653.942296,14993863.42,4852.382983,29630890,9589,13334111,4315,Town,127200,40362,2375056,939256.1662,337991,1794.716994
2801220,1500,COPIAH COUNTY,2205,17568251.76,7967.461117,13884637.03,3683614.732,3683614.732,4129570.628,4.934095648,12820619,5814.339683,6296.887542,15294706.03,6936.374617,0,163,174,145,151,130,165,171,162,186,197,202,164,163,2205,0.3936,556,103,24,0,24,5,5,21,86,12,58,5,108,0,5,350,131557669,4941811.16,COPIAH COUN,446.8904045,0.247,6866971.38,2136.74843,218,118,17,509557.71,1106346.32,867.888,544.635,131557.669,59.66334195,11611091.3,5265.801042,11165135.4,5063.55347,17210544,7805,4941811,2241,Rural,99400,46493,1483727,671774.4036,137076,1670.573575
2801260,220,CORINTH,2490,17212260.76,6912.554521,14081800.53,3130460.228,3130460.228,4189722.443,81.66326477,12920052,5188.775904,5655.341578,15517490.53,6231.923908,119,187,193,200,188,182,204,187,174,154,193,176,132,141,2490,0.3242,965,231,35,0,32,5,0,18,98,5,33,5,89,5,5,318,111802151,6702195.74,CORINTH,30.49106605,0.27,5945567.09,2147.51111,219,96,15,548826.38,1041315.15,807.258,672.3,111802.151,44.90046225,12387030.3,4974.710965,11327768.09,4549.304453,19193854,7708,6702195,2691,Town,123400,38646,1309748,731117.5339,149433,1257.212943
2801290,1600,COVINGTON COUNTY,2609,21701161.52,8317.80817,16731988.5,4969173.015,8160987.716,4969173.015,6.305562967,14578892,5587.923342,6413.180721,18404344.5,7054.175738,0,241,209,188,195,178,177,208,192,226,229,216,179,103,2609,0.3836,559,61,34,0,65,5,5,36,167,5,51,0,248,0,0,618,291463847,10299071.68,COVINGTON C,413.7616282,0.286,11599438.1,2312.99991,480,131,5,600717.12,1580427.38,1000.8124,746.174,291463.847,111.7147746,10243356.78,3926.162048,13435171.49,5149.548289,24849915,9524,10299071,3947,Rural,77100,38178,2930320,761519.4541,323221,1904.627449
2801320,1700,DESOTO COUNTY,35003,263758600.3,7535.314125,205127931.5,58630668.77,58630668.77,60973728.9,73.49241433,181119369,5174.395595,5860.295733,225828625.5,6451.693442,5,2388,2584,2490,2574,2485,2564,2684,2736,2877,3092,2794,2597,2437,35003,0.1765,7346,1567,749,5,794,292,66,161,598,110,1131,24,1347,13,5,5297,2093952456,121174285.7,DESOTO COUN,476.2804477,0.127,51394776.14,30014.9157,2739,2423,133,8036987.35,16978282.19,6178.0295,4445.381,2093952.456,59.82208542,167197956.8,4776.67505,164854896.6,4709.736212,301286947,8607,121174285,3461,Suburb,168500,67038,25877680,10076320.69,1562060,1675.018392
2801410,6811,E. TALLAHATCHIE,853,7033428.15,8245.519519,5482119.09,1551309.06,1551309.06,1626653.634,2.320099545,4785661,5610.388042,6426.868804,6024643.09,7062.887562,20,59,60,50,72,40,57,79,55,79,94,70,51,60,853,0.4033,320,0,5,0,5,5,0,5,24,0,16,5,41,5,0,107,55403895,2587029.16,E. TALLAHAT,367.6566387,0.431,4882824.79,770.616667,70,36,5,195642.11,566081.98,344.0149,367.643,55403.895,64.95181125,4473334.03,5244.236846,4397989.456,5155.90792,7307424,8566,2587029,3032,Town,65600,31982,647247,264558.5527,59279,1818.650715
2801380,3111,EAST JASPER,755,6477766.72,8579.82347,4994728.85,1483037.87,2451217.468,1483037.87,2.285488557,3672371,4864.06755,6615.534901,5492732.85,7275.142848,5,59,47,55,65,39,58,50,59,56,62,64,54,64,755,0.3718,212,5,5,0,5,5,5,25,5,5,20,0,48,0,0,116,87543481,5808166.72,EAST JASPER,330.3451237,0.297,3508970.12,682.879915,58,60,5,171800.42,489891.43,280.709,224.235,87543.481,115.9516305,3041515.382,4028.497195,4009694.98,5310.854279,10141203,13432,5808166,7692,Rural,75100,31824,639301,230940.7437,43920,1964.288569
2801440,1211,ENTERPRISE,955,7593430.54,7951.236168,5855066.89,1738363.65,1784787.256,1738363.65,5.296080284,4969352,5203.509948,6130.960094,6438383.89,6741.763236,54,75,53,69,63,71,66,64,62,69,76,72,75,69,955,0.125,291,0,17,0,5,5,0,5,37,5,53,0,37,0,0,164,63742402,3690708.5,ENTERPRISE,180.3220399,0.145,1824087.87,798.201117,79,80,5,208497.93,571244.96,119.375,138.475,63742.402,66.74597068,4653596.634,4872.876057,4700020.24,4921.487162,8766032,9179,3690708,3864,Rural,109200,62896,680199,272743.7195,123212,1820.276074
2801470,6220,FOREST SEPARATE,1645,12267138.62,7457.227127,9600258.52,2666880.104,2666880.104,2853462.2,18.33270915,8395131,5103.4231,5836.023416,10568378.52,6424.546213,0,152,125,162,149,107,110,125,97,130,146,123,99,92,1645,0.265,182,510,16,0,37,5,5,12,71,5,16,5,80,0,5,243,95245718,5753213.69,FOREST SEPA,89.73032771,0.282,4835253.22,1487.47486,188,59,10,378194.67,798644.85,435.925,463.89,95245.718,57.90013252,7901498.416,4803.342502,7714916.32,4689.918735,14176632,8618,5753213,3497,Town,71100,31197,1013349,483513.7777,26415,1621.203711
2801510,1802,FORREST AHS,611,4932659.586,8073.092613,3802241.32,1130418.266,20963441.97,1130418.266,Inf,3286429,5378.770867,6222.980884,4186734.32,6852.265663,0,0,0,0,0,0,0,0,0,0,169,171,5,135,611,0.2814,480,11,5,0,0,5,0,5,0,5,32,5,48,5,5,113,748694356,2377849.11,FORREST AHS,0,0,1634607.82,525.039106,48,52,15,137674.08,319167.24,171.9354,0,748694.356,1225.359011,-16776707.65,-27457.78666,3056316.054,5002.153934,5723249,9367,2377849,3891,NA,NA,NA,431797,175397.9652,303964,1850.111729
2801490,1800,FORREST COUNTY,2129,17152312.86,8056.511442,13225239.85,3927073.01,5323374.588,3927073.01,6.099294675,11758426,5522.980742,6211.949202,14544714.85,6831.712001,57,212,221,188,188,196,164,225,198,209,72,61,47,45,2129,0.3396,575,101,28,0,40,14,5,5,142,5,74,5,93,0,5,418,190120521,9137099.36,FORREST COU,349.0567539,0.252,9825275.76,1940.25,275,131,10,480573.7,1264178.15,723.0084,536.508,190120.521,89.30038563,9221340.262,4331.301203,10617641.84,4987.149761,20617587,9684,9137099,4291,Rural,110900,39531,1873962,631433.0327,233371,1844.56224
2801530,1900,FRANKLIN COUNTY,1211,10361425.92,8556.09077,8409146.81,1952279.112,1952279.112,2500248.279,2.147597055,7162297,5914.365813,6943.96929,9260178.81,7646.720735,41,83,88,84,77,79,74,79,100,103,101,122,100,63,1211,0.2573,301,0,14,0,27,18,5,5,55,5,40,5,108,0,5,275,69724254,3442611.43,FRANKLIN CO,563.8860406,0.314,5208620.27,1086.38889,190,87,10,271608.29,732875.52,311.5903,380.254,69724.254,57.57576713,7307899.698,6034.599255,6759930.531,5582.106136,10847274,8957,3442611,2842,Rural,76600,40219,1232123,348749.8624,275179,1612.12148
2801560,2000,GEORGE COUNTY,4165,30804624.96,7396.068418,25442782.88,5361842.08,5361842.08,7566356.848,8.701916152,22230598,5337.478511,6108.711376,28023543.88,6728.341868,123,314,334,328,303,299,292,318,334,312,297,255,273,254,4165,0.2409,1368,55,54,0,72,13,12,32,125,5,99,5,278,5,5,697,191494360,9944452.61,GEORGE COUN,478.6302151,0.201,14084643.9,3607.17978,475,215,15,932630.86,2055456.02,1003.3485,837.165,191494.36,45.97703721,22661701.8,5440.984826,20457187.03,4911.689564,32399148,7778,9944452,2387,Rural,110800,47292,2616531,1193583.484,534023,1287.357042
2801590,2100,GREENE COUNTY,1640,13975838.28,8521.852611,10774043.01,3201795.273,3571711.892,3201795.273,2.301300767,9199826,5609.65,6569.538421,11858501.01,7230.793299,0,149,149,134,106,124,147,121,129,131,157,103,83,90,1640,0.2595,763,5,22,0,15,5,5,5,59,5,30,0,77,5,0,230,127561139,6635647.57,GREENE COUN,712.6404439,0.234,6685145.14,1503.28556,151,67,10,382168.28,956220.73,425.58,383.76,127561.139,77.78118232,8286789.118,5052.920194,8656705.737,5278.479108,16071301,9799,6635647,4046,Rural,77700,49677,1159160,484975.3827,433484,1952.314191
2801620,7620,GREENVILLE,3542,27385928.68,7731.769814,21983421.92,5402506.76,5402506.76,6532993.418,94.38547615,18699214,5279.281197,6206.499695,24196271.92,6831.245601,110,250,289,315,303,271,287,261,285,247,294,198,198,163,3542,0.6286,984,13,17,0,59,5,5,32,68,5,14,5,168,5,5,388,192946670,11675470.27,GREENVILLE,37.52696013,0.427,16480297.61,3148.30556,295,78,15,793554.33,1936298.59,2226.5012,1512.434,192946.67,54.47393281,18793765.16,5305.975483,17663278.5,4986.809289,30929039,8732,11675470,3296,Town,73000,26150,1973598,1072265.798,421923,1525.270119
2800198,4211,GREENWOOD-LEFLORE CONS,4030,30650488.26,7605.580214,23630794.56,7019693.701,8108869.272,7019693.701,6.784593963,20329784,5044.611414,5863.720734,25998865.56,6451.331404,106,291,355,301,330,215,324,316,212,265,359,335,290,272,4030,0.5879,1232,127,48,0,42,14,5,38,143,5,61,5,132,5,5,495,289602474,12187376.13,GREENWOOD-L,593.9928052,0.473,16341008.19,3518.66111,317,171,15,912529.04,2114143.52,2369.237,1906.19,289602.474,71.86165608,17889996.29,4439.205034,18979171.86,4709.471925,32791498,8136,12187376,3024,NA,NA,NA,2360351,1162888.885,371679,1741.859479
2801680,2220,GRENADA,3864,30633768.02,7927.993795,23980788.71,6652979.312,6652979.312,7131604.962,9.155008377,22643366,5860.084369,6206.208258,26413351.71,6835.753548,152,346,334,279,271,252,266,250,281,288,280,258,245,253,3864,0.2991,1144,5,156,0,72,21,5,39,89,23,184,5,75,5,5,675,237606404,9572418.34,GRENADA,422.0640594,0.344,15370924.91,3285.71111,236,410,33,859235.85,1956298.86,1155.7224,1329.216,237606.404,61.49234058,19760372.4,5113.968012,19281746.75,4990.10009,30737672,7954,9572418,2477,Town,105000,40122,3357478,1112608.063,380913,1721.785536
2801710,2421,GULFPORT,6113,47785440.98,7817.019627,36836092.93,10949348.05,12165904.83,10949348.05,271.2453621,32914005,5384.263864,6025.861759,40553140.93,6633.918032,81,484,523,498,449,482,456,466,460,485,549,416,360,401,6113,0.4456,1636,320,122,0,112,73,5,37,149,17,150,5,316,5,5,992,434496601,31515294.04,GULFPORT,22.53679087,0.328,22103133.67,5786.39444,577,392,27,1394972.68,3099817.25,2723.9528,2005.064,434496.601,71.0774744,28387236.1,4643.748749,29603792.88,4842.760163,63856597,10446,31515294,5155,City,135900,36464,4718089,1856002.9,560025,1791.157869
2801740,2300,HANCOCK COUNTY,4060,33037286.7,8137.262734,25469273.08,7568013.622,12012236.94,7568013.622,10.28833036,22007459,5420.556404,6273.21997,28029680.08,6903.862089,5,296,342,338,316,302,289,295,319,344,337,314,293,241,4060,0.2348,1309,0,91,0,75,44,5,29,150,12,67,5,257,0,5,736,429008462,19348284.81,HANCOCK COU,394.6218537,0.211,10670942.95,3713.07263,482,241,17,931929.63,2259750.45,953.288,856.66,429008.462,105.6671089,16017443.14,3945.18304,20461666.46,5039.819325,41625877,10252,19348284,4765,Rural,135900,53182,3003329,1208492.213,628698,1864.042764
2801770,2400,HARRISON COUNTY,14355,109974373.5,7661.050055,84779476.92,25194896.62,30333828.2,25194896.62,31.39476026,73342961,5109.227517,5905.919674,93314431.92,6500.482892,0,1047,1232,1180,1070,1093,1091,1141,1155,1253,1296,1087,832,784,14355,0.3484,3413,624,256,5,294,104,24,77,579,40,486,22,332,5,5,2228,1083351007,56565734.38,HARRISON CO,457.2419053,0.226,30180940.03,13107.5533,1205,969,55,3296698.16,7221819.76,5001.282,3244.23,1083351.007,75.46854803,62980603.72,4387.363547,68119535.3,4745.352511,130826693,9113,56565734,3940,Rural,147400,51499,9073970,4185580.127,966721,1755.130381
2801800,1820,HATTIESBURG,3667,28071154.3,7655.073438,21645436.99,6425717.307,10077916.02,6425717.307,151.6861203,18204749,4964.480229,5902.764382,23798952.99,6490.03354,96,357,347,305,275,269,209,275,237,269,259,256,235,182,3667,0.5398,1463,202,65,0,62,14,5,37,110,19,92,5,79,5,5,483,359925572,23641465.01,HATTIESBURG,24.17492117,0.339,16408732.55,3235.37222,251,218,29,828148.16,2079969.83,1979.4466,1243.113,359925.572,98.15259667,13721036.97,3741.760833,17373235.68,4737.724484,42378784,11556,23641465,6447,City,106900,33639,2403680,1061450.1,680291,1752.309056
2801830,1520,HAZLEHURST,1368,10146826.22,7417.270631,7823792.31,2323033.914,3159608.676,2323033.914,4.141842972,6715514,4909.001462,5719.146425,8603829.31,6289.348911,39,101,98,89,125,83,97,123,66,131,105,116,90,84,1368,0.5122,524,137,5,0,5,5,5,14,5,5,24,5,37,5,0,107,112843167,5442692.68,HAZLEHURST,330.287751,0.317,4178602.9,1174.90906,47,58,10,309941.99,726902.32,700.6896,433.656,112843.167,82.48769518,5444220.634,3979.693446,6280795.396,4591.224705,12229640,8939,5442692,3978,Town,89900,37137,661335,413062.2707,132461,1698.124206
2801860,2500,HINDS COUNTY,4968,38457133.44,7740.968889,29652487.56,8804645.881,12272488.31,8804645.881,7.864957046,25479863,5128.7969,5968.697174,32609799.56,6563.969316,86,329,320,326,362,309,380,399,367,391,452,434,352,399,4968,0.3017,1212,74,50,0,56,19,5,42,112,16,101,5,225,5,0,631,438303154,28401203.2,HINDS COUNT,631.6626996,0.204,10854508.62,4539.08777,393,222,21,1141362.53,2780140.03,1498.8456,1013.472,438303.154,88.22527254,20337311.25,4093.661684,23805153.68,4791.6976,54132188,10896,28401203,5716,Rural,149700,60334,2923802,1502575.544,0,1772.271715
2801890,7611,HOLLANDALE,548,4672290.464,8526.077489,3731608.4,940682.064,940682.064,1109325.618,2.873005181,3244025,5919.75365,6809.50438,4108613.4,7497.469708,40,33,29,32,45,49,36,30,46,47,47,35,37,32,548,0.7313,20,0,5,0,5,5,0,5,23,0,11,0,23,0,5,83,33595788,1852461.6,HOLLANDALE,190.7410413,0.366,4336243.53,486.931409,51,26,5,123415.81,327941.59,400.7524,200.568,33595.788,61.30618248,3167931.336,5780.896599,2999287.782,5473.152887,5132712,9366,1852461,3380,Rural,67300,32604,335956,153181.2118,0,1716.573109
2801950,4720,HOLLY SPRINGS,1025,8414652.4,8209.416975,6488521.85,1926130.55,2606961.504,1926130.55,5.711054768,5870114,5726.940488,6330.26522,7133816.85,6959.821317,17,75,87,90,88,68,73,85,63,71,96,86,72,43,1025,0.43,342,22,15,0,23,5,5,5,65,5,25,0,40,0,5,191,93105768,5233731.99,HOLLY SPRIN,179.4764788,0.329,4063947.91,930.405556,128,55,10,236079.49,637854.36,440.75,337.225,93105.768,90.83489561,4526855.346,4416.44424,5207686.301,5080.669561,10848319,10583,5233731,5106,Town,88900,36744,977384,314546.6953,162627,1879.151756
2800195,2611,HOLMES CONSOL,2544,19221156.46,7555.486028,15672328.6,3548827.856,3548827.856,4658891.742,3.36254365,13537544,5321.361635,6160.506525,17255154.6,6782.686557,101,188,176,170,203,134,161,223,174,202,213,220,188,182,2544,0.5658,878,5,5,0,29,32,5,24,90,5,32,0,91,0,5,312,126743852,6609648.9,HOLMES CONS,756.5701042,0.433,20286509.1,2157.23261,210,98,10,569395.68,1331077.92,1439.3952,1101.552,126743.852,49.82069654,13706326.74,5387.707053,12596262.86,4951.361186,20381503,8011,6609648,2598,Rural,60400,21504,1299812,731409.3179,344157,1394.979503
2802040,2700,HUMPHREYS COUNTY,1207,10690063.68,8856.722184,8273465.1,2416598.576,2416598.576,2463073.677,2.883267673,7296613,6045.246893,6854.569263,9122495.1,7557.990969,0,78,63,66,105,56,79,108,106,114,121,123,95,68,1207,0.6359,641,0,5,0,5,5,5,21,67,5,22,0,62,5,5,210,86307092,3266347.3,HUMPHREYS C,418.6222498,0.433,4763728.07,1194.56182,134,58,15,277451.84,608771.26,767.5313,522.631,86307.092,71.50546147,6705896.524,5555.838048,6659421.423,5517.333408,10653589,8826,3266347,2706,Town,69100,28962,906418,367458.9429,234793,2002.152921
2802100,2900,ITAWAMBA COUNTY,3375,27709042.69,8210.086722,23082908.14,4626134.548,4626134.548,6863000.708,6.335388022,19941628,5908.630519,6839.38019,25418521.14,7531.413671,0,283,271,256,248,258,227,249,285,268,234,269,230,217,3375,0.1791,972,22,42,0,30,34,5,22,127,5,288,5,157,5,5,727,165219091,7590614.85,ITAWAMBA CO,532.7219088,0.159,7372394.53,3113.61667,314,396,15,774387.48,1986813.66,604.4625,536.625,165219.091,48.95380474,20792386.59,6160.707138,18555520.43,5497.93198,27912321,8270,7590614,2249,Rural,87600,44567,2705112,991291.2718,431103,1370.706533
2802160,3000,JACKSON COUNTY,8906,67089914.93,7533.114185,51719615.59,15370299.34,16684565.72,15370299.34,17.34046799,44651755,5013.671121,5807.277744,56927034.59,6391.986817,0,622,676,645,613,664,642,690,709,713,791,697,686,589,8906,0.1588,1959,190,123,0,102,48,14,37,212,36,224,5,457,5,5,1263,595877347,39052547.89,JACKSON COU,513.5962884,0.152,19167342.79,8023.70787,771,451,46,2053657.83,4357233.76,1414.2728,1353.712,595877.347,66.90740478,40242468.87,4518.579483,41556735.25,4666.150376,84361271,9472,39052547,4384,Rural,146700,56700,4881551,2579227.051,675496,1725.836441
2802190,2520,JACKSON PUBLIC,18710,144925832.9,7745.902345,111772614.3,33153218.55,35388877.89,33153218.55,179.7390101,97624406,5217.766221,5973.950525,122789698.3,6562.784517,800,1273,1357,1325,1473,1134,1365,1361,1046,1280,1775,1560,1339,1336,18710,0.5392,5053,415,191,5,249,84,18,347,373,29,383,5,485,5,5,2181,1263888496,96927943.61,JACKSON PUB,104.0953769,0.401,67919104.22,16679.1833,1107,1028,44,4155700.27,11759441.05,10088.432,7502.71,1263888.496,67.55149631,87400820.43,4671.342621,89636479.77,4790.832698,192785416,10303,96927943,5180,City,89100,38399,10955513,5655999.467,1437620,1771.95182
2802250,3300,JEFF DAVIS COUNTY,1235,10669708.07,8639.439736,8227474.72,2442233.354,2990386.364,2442233.354,3.024068154,6801130,5506.987854,6661.92285,9045308.72,7324.136615,0,91,106,80,112,83,95,91,89,92,107,92,99,85,1235,0.3773,508,5,18,0,14,5,5,5,58,5,30,5,71,5,0,209,106799513,5841123.54,JEFF DAVIS,408.3902667,0.372,7500445.03,1128.20879,143,68,10,288437.71,823222.01,465.9655,459.42,106799.513,86.47733846,6054922.356,4902.771138,6603075.366,5346.619729,12956938,10491,5841123,4729,Rural,94600,32116,911544,373889.8257,250985,1977.516886
2802220,3200,JEFFERSON COUNTY,1063,8399079.692,7901.297923,6880586.52,1518493.172,1518493.172,2046301.25,2.044774724,5866334,5518.658514,6472.800113,7578893.52,7129.721091,38,83,81,72,73,69,82,79,74,79,100,90,56,66,1063,0.5077,392,0,16,0,15,5,0,5,16,5,23,0,53,0,0,140,54231899,3264024.33,JEFFERSON C,519.8616686,0.429,7157999.7,935.093407,84,49,5,235845.75,568908.77,539.6851,456.027,54231.899,51.01777893,6060400.348,5701.223281,5532592.27,5204.696397,9339856,8786,3264024,3070,Rural,63400,25019,660344,303146.5347,176238,1428.49781
2802280,3400,JONES COUNTY,8524,65530051.63,7687.711359,54844244.16,10685807.47,10685807.47,16320890.92,12.53282804,49078756,5757.714219,6434.097156,60447744.16,7091.476321,213,624,688,620,597,641,573,626,628,652,679,672,560,556,8524,0.2359,1977,587,123,0,105,73,14,64,290,88,343,5,470,5,5,1585,381635981,24411833.97,JONES COUNT,680.1338035,0.206,18990452.13,7660.86304,865,622,98,1923229.75,4166069.41,2010.8116,1755.944,381635.981,44.77193583,49761936.69,5837.862118,44126853.24,5176.777714,73166778,8583,24411833,2863,Rural,102600,46981,6678155,2496790.025,718492,1253.614203
2802310,3500,KEMPER COUNTY,884,7993727.303,9042.677945,6166645.53,1827081.773,9677971.52,1827081.773,1.153930892,5063006,5727.382353,6975.84336,6766969.53,7654.942907,22,64,69,47,57,58,48,64,52,68,79,107,72,52,884,0.491,319,0,13,0,5,5,5,5,36,5,27,0,26,0,0,123,345641840,7984702.55,KEMPER COUN,766.0770732,0.38,4120973.57,806.191011,67,55,5,200784.44,742557.09,434.044,335.92,345641.84,390.9975566,-2911001.99,-3292.988676,4939887.757,5588.108322,13208006,14941,7984702,9032,Rural,73600,31103,662251,267481.7626,212390,2066.834585
2802340,420,KOSCIUSKO,2123,16354065.65,7703.281043,13300790.73,3053274.924,3053274.924,3950008.937,13.88364054,11686571,5504.743759,6265.092195,14629662.73,6891.032845,126,150,149,149,130,139,160,187,141,172,185,147,110,161,2123,0.3232,573,26,34,0,28,19,5,18,85,5,76,5,109,5,0,380,109045533,5823437.56,KOSCIUSKO,152.9137833,0.301,9306818.41,1876.07778,222,157,10,459536.91,1279002.82,686.1536,639.023,109045.533,51.36388742,11576387.81,5452.843997,10679653.79,5030.453977,17385688,8189,5823437,2743,Town,97600,32570,1771548,642541.4094,37629,1438.188848
2802370,3600,LAFAYETTE COUNTY,2872,22266778.98,7753.056749,17280134.55,4986644.432,4986644.432,5131261.049,5.265027288,14682761,5112.381964,6016.759941,19004670.55,6617.225122,88,209,223,193,212,172,210,218,207,238,233,241,176,211,2872,0.1609,872,39,46,0,34,41,5,5,158,13,84,5,152,5,5,554,178094444,12444490.33,LAFAYETTE C,545.4862516,0.157,4294321.9,2487.40988,344,186,23,642089.47,1633197.08,462.1048,450.904,178094.444,62.01060028,14018026.12,4880.928314,13873409.5,4830.574339,27449338,9557,12444490,4333,Town,149100,53438,1883710,811507.5967,343697,1736.296808
2802400,3700,LAMAR COUNTY,10276,79915744.05,7776.931106,61622538,18293206.05,18456790.86,18293206.05,18.48210988,57470339,5592.676041,5996.743675,67752615,6593.286785,256,785,759,698,727,684,761,721,775,815,923,849,712,639,10276,0.186,3020,334,207,0,81,54,5,46,379,33,424,16,676,5,5,1926,659171102,38313782.71,LAMAR COUNT,555.9971274,0.167,22842073.31,9204.80556,1136,752,43,2338823.16,5947122.84,1911.336,1716.092,659171.102,64.14666232,49295824.14,4797.18024,49459408.95,4813.099353,91650374,8918,38313782,3728,Rural,177100,60830,7523075,3018306.427,905221,1780.187432
2802430,3800,LAUDERDALE COUNTY,5910,46427507.17,7855.754175,37073600.82,9353906.352,9353906.352,11018307.1,9.094489642,32009830,5416.21489,6273.028904,40808544.82,6904.999124,79,451,471,407,404,394,421,428,447,428,496,506,427,439,5910,0.2524,1942,96,111,0,84,43,5,32,185,32,183,5,198,5,5,893,334068084,17790339.4,LAUDERDALE,649.844052,0.185,12958370.16,5234.47296,467,379,42,1350561.68,3226031.14,1491.684,1093.35,334068.084,56.52590254,31454638.47,5322.273852,29790237.72,5040.64936,50287347,8508,17790339,3010,Rural,114600,52855,3790720,1716854.17,890464,1582.725271
2802460,3420,LAUREL,2712,19887928.27,7333.306886,15333329.68,4554598.594,6061171.2,4554598.594,185.5597124,15119073,5574.879425,5653.882625,16868883.68,6220.089853,111,227,227,224,220,168,212,203,187,189,202,182,175,148,2712,0.4761,419,194,39,0,29,32,5,27,87,20,84,5,101,5,5,424,216470400,14655250.7,LAUREL,14.61524145,0.336,8772059.28,2311.04469,217,192,30,603054.54,1369722.14,1291.1832,911.232,216470.4,79.81946903,10807712.48,3985.14472,12314285.09,4540.665592,28015803,10330,14655250,5403,Town,84700,31481,1752686,818523.8375,182120,1679.42426
2802490,3900,LAWRENCE COUNTY,1696,14406971.5,8494.676592,11108654.37,3298317.13,3469638.06,3298317.13,3.939213313,9340471,5507.353184,6549.914133,12215989.37,7202.823921,0,146,128,121,137,110,133,124,106,140,146,158,119,102,1696,0.3284,581,17,27,5,34,5,5,16,96,5,34,0,66,5,5,294,123915645,7374467.95,LAWRENCE CO,430.5428179,0.257,4744510.8,1567.43825,196,87,20,394790.36,1079159.01,556.9664,435.872,123915.645,73.06346993,8746351.31,5157.046763,8917672.24,5258.061462,17009172,10028,7374467,4348,Rural,94800,41914,1246734,517424.2658,300491,1944.762459
2802520,4000,LEAKE COUNTY,2532,20484122.06,8090.095602,16752952.02,3731170.044,3731170.044,4982155.295,4.344414922,14271744,5636.549763,6616.489739,18452427.02,7287.688397,0,200,214,182,170,164,183,153,179,221,230,214,146,178,2532,0.3133,703,273,41,0,84,19,5,24,53,13,104,5,102,0,0,445,133256073,5407327.41,LEAKE COUNT,582.8172598,0.289,10802074.2,2305.08907,239,198,13,585523.89,1380629.13,793.2756,731.748,133256.073,52.62878081,14721256.98,5814.082534,13470271.72,5320.012529,20194126,7975,5407327,2135,Town,83300,37096,2171897,753334.2873,330948,1473.605863
2802550,4100,LEE COUNTY,6303,49787871.65,7899.075306,39506673.23,10281198.42,10281198.42,11727518.91,20.45800627,33279992,5280.024116,6267.915791,43435255.23,6891.203432,0,501,507,496,465,426,464,476,487,499,522,530,428,433,6303,0.246,1605,125,84,0,87,36,5,39,227,11,141,5,341,5,5,984,367185658,23825813.85,LEE COUNTY,308.0945384,0.196,12212271.08,5627.86111,655,310,21,1458784.26,3866068.97,1550.538,1235.388,367185.658,58.25569697,33154056.81,5260.043917,31707736.32,5030.578505,58007633,9203,23825813,3780,Rural,121200,49723,3681223,1827354.369,540267,1631.159515
.,4225,LEFLORE LEGACY,300,2387339.615,7957.798717,1902417.16,484922.4552,484922.4552,569206.2132,0.5,1703264,5677.546667,6341.390533,2108171.16,7027.2372,0,0,0,0,0,0,0,89,5,87,0,0,0,0,241,0.5622,5,0,0,0,0,5,0,5,5,5,5,0,11,0,0,22,17318659.12,772039.69,LEFLORE LEG,0.5,0.473,1012642.76,180.584932,16,15,5,55396.87,56793.29,168.66,141.9,17318.65912,57.72886372,1623248.705,5410.829016,1538964.947,5129.883156,NA,NA,NA,NA,NA,NA,NA,46028,98796.61876,0,1616.408184
2802610,7612,LELAND,700,5662226.423,8088.894889,4366193.38,1296033.043,1821726.508,1296033.043,3.672849704,3691126,5273.037143,6237.419114,4800122.38,6857.317686,42,43,40,50,54,44,57,55,53,66,54,43,45,29,700,0.5896,248,0,5,0,5,5,0,15,36,5,5,0,27,0,0,90,65061661,3894638.12,LELAND,190.5877061,0.305,5355699.91,631.15,68,30,5,152867.31,437800.07,412.72,213.5,65061.661,92.94523,2978395.872,4254.851246,3504089.337,5005.841911,7670164,10957,3894638,5563,Town,72000,38088,403540,196738.4716,139560,1851.475775
2802640,4300,LINCOLN COUNTY,2795,21972495.01,7861.357786,18654290.36,3318204.652,3318204.652,5552462.887,6.414606714,16291711,5828.876923,6674.164708,20564677.36,7357.666318,0,218,247,188,207,207,218,221,227,219,240,237,176,171,2795,0.2343,1000,12,22,0,19,12,5,27,122,5,58,0,167,5,5,437,118507309,6118841.94,LINCOLN COU,435.7242969,0.204,4856062.13,2580.22472,308,124,15,649101.73,1383288.63,654.8685,570.18,118507.309,42.39975277,17246472.71,6170.473241,15012214.47,5371.096412,22740741,8136,6118841,2189,Rural,95000,50288,1605913,815307.9486,325768,1187.193078
2802670,2422,LONG BEACH,2929,23289431.9,7951.325334,19038032.36,4251399.544,4251399.544,5665847.497,180.4985717,17060468,5824.673267,6499.840341,20984620.36,7164.43167,37,194,226,211,178,214,242,216,199,245,269,237,208,205,2929,0.2292,657,48,60,0,74,30,5,16,95,14,105,5,109,0,5,511,151835698,10147927.49,LONG BEACH,16.22727522,0.171,10563525.94,2663.46667,278,221,19,668969.81,1432179.55,671.3268,500.859,151835.698,51.83874974,16733220.82,5712.946677,15318772.86,5230.035119,27084810,9247,10147927,3464,Suburb,151300,53491,2371597,852141.6466,222298,1451.484993
2802700,8020,LOUISVILLE,2523,20530391.86,8137.293642,15977227.97,4553163.888,4553163.888,4745276.452,4.155359423,13490290,5346.924296,6332.630983,17575097.97,6965.952426,39,173,208,176,155,145,184,163,214,234,212,206,189,185,2523,0.3781,958,5,22,0,30,5,5,11,57,5,33,5,110,0,5,288,162612996,8706891.66,LOUISVILLE,607.1676943,0.3,8989137.49,2317.5366,197,81,10,574304.27,1500172.7,953.9463,756.9,162612.996,64.45223781,13021934.08,5161.289767,12829821.52,5085.145271,22609642,8961,8706891,3451,Town,84900,34724,1458545,767365.8739,483678,1804.662659
2802730,4400,LOWNDES COUNTY,5261,41164206.98,7824.407333,31731935.14,9432271.838,14721070.06,9432271.838,11.97110432,27400597,5208.248812,6031.540608,34934340.14,6640.247128,133,366,424,356,356,354,401,355,421,403,482,401,341,389,5261,0.2349,1571,29,77,0,74,42,5,25,181,20,161,5,282,5,5,874,525752502,32506676.7,LOWNDES COU,439.4749107,0.182,11894740.24,4739.23333,537,315,30,1197694.37,2670741.77,1235.8089,957.502,525752.502,99.9339483,20213270.08,3842.096576,25502068.3,4847.380403,60370175,11475,32506676,6178,Rural,139400,61457,3521717,1550810.297,514790,1792.866725
2802790,4500,MADISON COUNTY,13162,100539377.6,7638.609454,77528597.74,23010779.9,43065030.43,23010779.9,24.9875828,65947698,5010.461784,5890.335644,85225110.74,6475.088189,85,888,1009,942,929,917,1001,943,978,1038,1151,1128,992,916,13162,0.128,4890,599,213,0,91,76,17,75,325,65,404,5,396,5,5,1680,1538036801,81414049.97,MADISON COU,526.7416262,0.101,18540132.69,11965.6851,812,790,75,3033504.59,7529248.15,1684.736,1329.362,1538036.801,116.8543383,42160080.31,3203.166716,62214330.84,4726.814378,148379894,11273,81414049,6185,Suburb,228300,83293,6936614,3809644.233,1200043,1748.273811
2802820,4600,MARION COUNTY,1904,16065281.57,8437.647883,13228981.39,2836300.18,2836300.18,3935226.615,3.999376132,11385341,5979.695903,6947.994428,14574913.39,7654.891486,40,144,147,119,138,116,128,166,148,175,177,154,120,114,1904,0.3229,757,5,15,0,11,12,5,14,145,5,45,5,83,0,0,334,101296435,5635882.7,MARION COUN,476.0742519,0.274,9011834.97,1727.22803,239,96,5,436162.7,1082127.69,614.8016,521.696,101296.435,53.20190914,11738613.21,6165.23803,10639686.77,5588.070785,17346573,9110,5635882,2960,Rural,86200,32855,1346342,567705.0874,483338,1489.653456
2802850,4700,MARSHALL COUNTY,2777,21643019.97,7793.669417,16686253.89,4956766.08,9647182.244,4956766.08,5.273335491,13925285,5014.506662,6008.733846,18358392.89,6610.872485,0,213,223,189,234,185,239,216,175,217,272,208,197,160,2777,0.2866,1009,232,34,0,30,18,5,32,56,14,35,5,116,5,5,346,344542223,10457297.79,MARSHALL CO,526.6116682,0.278,9336823.97,2487.44911,202,129,24,640687.01,1496618.88,795.8882,772.006,344542.223,124.0699399,8711210.646,3136.914169,13401626.81,4825.936914,25006245,9004,10457297,3765,Rural,113500,46662,1722545,806245.6398,195664,1784.935571
2802880,5720,MCCOMB,2140,17066555.63,7975.025994,13158987.51,3907568.118,3973191.964,3907568.118,48.53163932,11284482,5273.12243,6149.059584,14472474.51,6762.838556,61,153,181,162,165,138,135,161,128,201,177,169,132,126,2140,0.5119,714,42,18,0,23,5,5,28,63,5,62,5,58,0,0,271,141899713,8534905.3,MCCOMB,44.09494569,0.372,9335373.91,1879.98276,144,123,5,478937.5,1251661.01,1095.466,796.08,141899.713,66.3082771,10499282.55,4906.206797,10564906.39,4936.872146,19963294,9328,8534905,3988,Town,96100,28571,1699242,655404.07,396130,1825.96641
2802910,3820,MERIDIAN,4614,34468573.52,7470.432058,26583817.62,7884755.897,10295364.35,7884755.897,85.86799935,23010848,4987.179887,5761.555618,29202799.62,6329.172003,169,342,368,370,423,250,318,382,259,324,353,366,304,256,4614,0.6029,1157,74,72,0,40,51,5,55,63,43,189,5,110,0,5,636,367691584,22438180.79,MERIDIAN,53.73363808,0.363,17171470.7,4011.7486,213,377,48,1024257.75,2772313.87,2781.7806,1674.882,367691.584,79.69041699,18907435.27,4097.840327,21318043.72,4620.295562,45225426,9801,22438180,4863,Town,83300,32422,3002434,1390905.524,469928,1708.876441
.,2525,MIDTOWN PUBLIC CHARTER,360,2815134.769,7819.818802,2277965.27,537169.4987,537169.4987,679988.3229,3.5,1796056,4989.044444,6327.681306,2518475.27,6995.764639,0,0,0,0,0,23,33,97,63,68,0,0,0,0,284,0.5771,5,0,5,0,0,5,0,5,5,0,5,0,5,0,0,32,19184624.95,1066233.8,MIDTOWN PUB,3.5,0.401,775995.33,211.281081,10,20,0,65214.04,120124.23,207.756,144.36,19184.62495,53.29062487,1981305.771,5503.627143,1838486.947,5106.908186,NA,NA,NA,NA,NA,NA,NA,80150,107764.053,0,1492.137496
2802940,4800,MONROE COUNTY,2119,17797772.79,8399.137703,14074592.94,3723179.852,3723179.852,4180705.364,5.350695927,12254150,5782.987258,6642.091996,15484093.94,7307.264719,0,159,169,162,143,169,130,141,174,161,186,179,143,163,2119,0.1451,845,5,24,0,28,13,5,24,97,5,60,5,138,5,5,403,132970709,5580181.42,MONROE COUN,396.0232517,0.154,4217787.34,1931.62778,263,131,15,490390.86,1320409.08,307.4669,326.326,132970.709,62.75163237,11760914.09,5550.219013,11303388.58,5334.303245,17843974,8420,5580181,2633,Rural,102700,46754,1801989,624709.4709,515714,1757.045706
2803000,3020,MOSS POINT,1569,15350276.76,9783.477859,11832362.41,3517914.351,4780407.772,3517914.351,15.13929964,10544373,6720.441683,7541.339968,13029312.41,8304.21441,21,128,127,118,107,109,114,129,121,128,110,134,103,94,1569,0.532,640,70,26,0,16,11,5,24,48,5,46,0,64,0,0,240,170728849,9817268.92,MOSS POINT,103.6375551,0.297,10835532.81,1360.7095,128,112,5,362300.21,1055633.2,834.708,465.993,170728.849,108.813798,8248904.638,5257.428068,9511398.059,6062.07652,20231697,12894,9817268,6257,Suburb,94200,41902,1283115,461588.8083,330910,2242.137891
2800186,617,N. BOLIVAR CONS,780,7540950.29,9667.884987,6524295.91,1016654.38,1016654.38,1942011.696,3.782567738,5777924,7407.594872,8364.481936,7192635.91,9221.32809,0,52,49,55,63,58,72,73,77,60,71,61,5,47,780,0.6003,343,5,5,0,11,5,0,15,20,5,11,0,41,0,0,107,36309085,2269876.21,N. BOLIVAR,206.2091294,0.605,5382890.59,752.995912,72,36,5,181851.33,527345.58,468.234,471.9,36309.085,46.55010897,6175981.53,7917.925038,5250624.214,6731.569506,8084975,10365,2269876,2910,Rural,66600,24072,452787,246433.9352,232073,1303.403051
2803270,7011,N. TIPPAH,1286,10034672.96,7803.011636,8701996.08,1332676.884,1332676.884,2588901.232,6.591795771,7718495,6001.940124,6766.715459,9588523.08,7456.083266,40,94,113,103,103,77,72,110,92,89,101,97,94,83,1286,0.1774,389,0,27,0,19,5,5,5,67,5,23,0,155,0,0,306,47595603,3285728.73,N. TIPPAH,195.0909956,0.257,4015698.98,1149.93333,241,65,5,292645.07,695852.01,228.1364,330.502,47595.603,37.01057776,8255846.196,6419.787089,6999621.848,5442.940784,10999227,8553,3285728,2554,Rural,81900,36925,895049,378274.6406,59502,1036.296177
2803030,130,NATCHEZ-ADAMS,2842,23068438.02,8116.973266,17785932.45,5282505.572,8975601.04,5282505.572,6.147788994,14958555,5263.390218,6258.245056,19564835.45,6884.178554,5,211,254,207,246,181,189,214,188,192,213,206,200,210,2842,0.4718,884,13,39,0,61,25,5,56,140,5,58,5,116,5,5,503,320557180,14761348.69,NATCHEZ-ADA,462.2800169,0.355,11681465.56,2595.44725,317,188,15,654711.54,1653340.91,1340.8556,1008.91,320557.18,112.7928149,10589234.41,3725.979736,14282329.88,5025.450344,30239228,10640,14761348,5194,Town,92100,29936,2264097,827001.6833,271731,1858.72821
2803060,5000,NESHOBA COUNTY,3038,25738351.2,8472.136669,22239713.96,3498637.24,3498637.24,6628877.989,5.748375347,19744138,6499.057933,7320.511508,24551399.96,8081.435142,40,239,250,220,187,216,208,204,241,249,262,249,222,204,3038,0.2827,1280,5,42,0,110,5,5,13,114,11,72,5,169,5,5,547,124951330,5845157.82,NESHOBA COU,528.4971521,0.281,15123730.02,2718.44134,393,142,21,692577.75,1433615.21,858.8426,853.678,124951.33,41.12947005,21052762.72,6929.80998,17922521.97,5899.447653,25958678,8544,5845157,1924,Town,83300,40115,2625575,903592.2892,304320,1151.625161
2803090,4111,NETTLETON,1112,8789065.658,7903.836023,7534020.79,1255044.868,1255044.868,2239860.813,11.34266817,6901220,6206.133094,6775.198552,8295780.79,7460.234523,0,80,90,66,80,83,85,84,92,105,100,77,80,78,1112,0.2651,411,11,12,0,12,12,5,5,71,5,24,0,44,0,0,190,44823031,2491966.27,NETTLETON,98.0368978,0.222,2793832.13,1060.01667,127,58,5,258518.73,647574.06,294.7912,246.864,44823.031,40.30848112,7040735.922,6331.597052,6055919.977,5445.971202,9119894,8201,2491966,2240,Rural,89200,39620,736190,339687.5537,96437,1128.637471
2803120,7320,NEW ALBANY,2114,16627582.75,7865.460148,13621474.78,3006107.972,3006107.972,4050099.031,27.52913491,12210763,5776.141438,6443.460161,15000366.78,7095.726954,39,194,183,156,163,159,144,146,154,171,164,150,140,120,2114,0.2201,759,190,34,0,39,16,5,22,107,5,41,5,109,0,0,378,107360999,8088117.23,NEW ALBANY,76.79137057,0.225,4842368.61,1924.71508,255,123,5,482677.38,1141325.4,465.2914,475.65,107360.999,50.78571381,11994258.81,5673.726967,10950267.75,5179.880676,20085589,9501,8088117,3825,Rural,106800,45216,1685398,617693.23,414684,1421.999987
2803150,5100,NEWTON COUNTY,1688,13548095.05,8026.12266,11485584.67,2062510.38,2062510.38,3416841.271,4.169815705,10087533,5976.026659,6804.256321,12654967.67,7497.018762,20,143,148,110,103,107,116,118,126,147,145,132,114,129,1688,0.1954,515,0,12,0,11,5,5,22,62,5,78,5,39,5,0,239,73661085,4501917.6,NEWTON COUN,404.814054,0.235,5342700.56,1518.53889,112,127,10,386375.64,924635.03,329.8352,396.68,73661.085,43.63808353,10592457.29,6275.152423,9238126.399,5472.823696,14676491,8694,4501917,2667,Rural,88600,36958,1271315,497838.0433,194110,1221.866339
2803180,5130,NEWTON MUNICIPAL,816,6963575.964,8533.794074,5369773.2,1593802.764,2037048.356,1593802.764,5.953516099,4758267,5831.209559,6580.604412,5902973.2,7234.035784,21,52,61,53,68,49,85,54,61,64,70,58,41,79,816,0.4175,247,0,5,0,5,5,5,5,32,5,35,5,32,5,5,131,72751727,3547304.45,NEWTON MUNI,137.0618617,0.347,5411990.16,781.055556,69,60,15,185357.46,545151.74,340.68,283.152,72751.727,89.15652819,3865924.844,4737.652995,4309170.436,5280.846123,8186568,10032,3547304,4347,Town,83400,32047,649367,245849.4722,167684,1953.189662
2803210,5411,NORTH PANOLA,1219,9658508.626,7923.304861,7448639.28,2209869.346,2455136.796,2209869.346,4.086010916,6466593,5304.83429,6110.450599,8184701.28,6714.275045,19,79,86,77,129,71,98,98,83,98,126,87,81,80,1219,0.4959,468,5,14,0,5,16,5,17,21,5,24,0,64,0,0,170,87683457,4670309.41,NORTH PANOL,298.3349837,0.409,3902052.18,1058.11111,90,76,5,277685.58,766625.7,604.5021,498.571,87683.457,71.93064561,5729564.484,4700.216968,5974831.934,4901.420783,11074637,9085,4670309,3831,Rural,70900,34544,897728,366289.1219,287541,1812.854262
2803240,5711,NORTH PIKE,2245,17695491.01,7882.178624,15326932.79,2368558.22,2368558.22,4563440.853,17.84537012,13545933,6033.823163,6827.141555,16901632.79,7528.566944,0,142,162,166,145,181,195,189,166,185,193,196,146,148,2245,0.3206,628,0,29,0,30,5,5,5,137,5,65,5,115,5,0,400,84591365,5573192.04,NORTH PIKE,125.8029385,0.265,10739904.63,2039.74444,282,114,10,517504.94,1108270.85,719.747,594.925,84591.365,37.67989532,14533074.57,6473.529875,12338191.94,5495.853869,19274349,8585,5573192,2482,Town,115600,41738,1752940,648680.5082,289277,1055.037069
2803300,5200,NOXUBEE COUNTY,1397,11119638.03,7959.654999,8870428.47,2249209.564,2249209.564,2641669.867,2.009890142,7611610,5448.539728,6349.626679,9783962.47,7003.552233,59,115,103,86,113,88,103,92,96,112,120,111,90,88,1397,0.5584,436,27,20,5,12,5,5,18,16,5,33,5,55,0,5,169,80328913,4230854.86,NOXUBEE COU,695.0628646,0.39,6357876.46,1222.77222,83,86,15,314383.08,607567.39,780.0848,544.83,80328.913,57.50101145,7534752.906,5393.523913,7142292.603,5112.59313,12179332,8718,4230854,3028,Rural,59700,33784,1008651,406631.3879,178319,1610.028321
2803360,3021,OCEAN SPRINGS,5861,45398272.15,7745.823605,35842320.09,9555952.056,9555952.056,10655232.77,171.819723,32652796,5571.198772,6115.393293,39463825.09,6733.292116,0,363,436,402,411,429,420,470,484,466,499,498,459,417,5861,0.1196,1864,106,131,0,73,36,11,29,238,46,166,5,238,5,5,975,341284002,22054499.37,OCEAN SPRIN,34.11133425,0.111,10502145.76,5350.99441,549,378,56,1360846.33,2971475.76,700.9756,650.571,341284.002,58.22965398,29907873.03,5102.861804,28808592.32,4915.303244,53564497,9139,22054499,3762,Suburb,169400,69055,3772239,1726500.942,666214,1630.430312
2803390,921,OKOLONA,511,4719066.236,9234.96328,3932659.02,786407.216,786407.216,1168111.805,4.376051144,3344631,6545.266145,7696.00591,4326340.02,8466.418826,0,37,32,35,40,32,53,42,40,41,43,5,44,39,511,0.426,226,0,5,0,0,5,0,5,19,5,26,0,34,0,0,88,28085972,1788241.29,OKOLONA,116.7719442,0.315,2487390.65,485.8915,53,41,5,118974.71,388343.31,217.686,160.965,28085.972,54.96276321,3539932.804,6927.461456,3158228.215,6180.485743,5213582,10202,1788241,3499,Rural,73300,34412,423757,152304.0698,245521,1538.95737
2803450,3620,OXFORD,4766,33785559.83,7088.871136,26047620.09,7737939.744,17257134.83,7737939.744,55.33864405,22805461,4785.031683,5465.300061,28659036.09,6013.226204,213,339,403,398,329,355,337,334,333,361,339,357,318,297,4766,0.1731,1349,376,73,0,92,12,5,28,214,14,68,5,156,5,5,671,616326244,38762587.56,OXFORD,86.12426419,0.153,9080889.16,4136.77778,462,191,24,1053475.51,2272725.58,824.9946,729.198,616326.244,129.3172984,11401901.26,2392.34185,20921096.35,4389.655129,61484006,12900,38762587,8133,Rural,241700,48668,2226845,1382428.573,478640,1623.571075
2803480,3022,PASCAGOULA,6565,51906812.45,7906.597479,40036858.27,11869954.18,28618271.81,11869954.18,91.97136281,33383043,5085.002742,6098.531343,43962793.27,6696.541244,97,464,522,446,483,449,459,482,502,466,572,559,456,468,6565,0.3562,1814,608,77,0,62,54,5,55,204,45,186,5,193,5,5,894,1022081136,52236402.87,PASCAGOULA,71.38091466,0.259,23446694.79,5947.53333,459,382,55,1500390.35,4377684.92,2338.453,1700.335,1022081.136,155.6863878,15344521.46,2337.322386,32092839.09,4888.475108,86395185,13159,52236402,7956,City,120700,44005,4298928,1924408.339,972749,1808.066136
2803510,2423,PASS CHRISTIAN,1944,14792634.28,7609.379772,11405973.62,3386660.657,6409989.712,3386660.657,33.32405716,9716282,4998.087449,5867.270381,12543187.62,6452.257006,53,124,126,152,126,130,125,126,145,171,157,172,148,154,1944,0.2733,661,21,38,0,21,18,5,14,52,11,78,5,64,0,5,304,228928204,12821808.87,PASS CHRIST,58.33623411,0.185,5104203.89,1797.82778,137,158,16,431487.86,1079808.76,531.2952,359.64,228928.204,117.7614218,6133197.908,3154.937195,9156526.963,4710.147615,22716485,11685,12821808,6595,Suburb,170700,54279,1145622,578229.0011,59475,1742.109392
2803520,6120,PEARL,4216,32090810.67,7611.672361,25328999,6761811.672,6761811.672,7531202.34,164.8081033,21413125,5079.014469,6007.827087,27893342,6616.067837,5,343,315,302,284,300,285,316,326,359,375,349,254,284,4216,0.2454,1193,185,134,0,46,19,5,43,216,5,56,0,175,5,0,707,241493274,15918153.37,PEARL,25.58126643,0.202,8569410.22,3639.4581,437,257,10,949460.29,2067694.71,1034.6064,851.632,241493.274,57.28018833,21131530.33,5012.222564,20362139.66,4829.729521,38229997,9067,15918153,3775,Suburb,120700,49944,2972443,1190074.916,205305,1603.845273
2803540,5500,PEARL RIVER COUNTY,3284,24655720.75,7507.832142,20777082.27,3878638.484,3878638.484,6182812.693,24.66838722,18704227,5695.562424,6326.76074,22899306.27,6972.992165,0,256,262,228,247,207,265,261,236,263,275,273,232,218,3284,0.2133,921,43,65,0,70,14,5,5,146,13,96,5,95,5,0,515,138522803,8511724.03,PEARL RIVER,133.1258493,0.154,5974656.55,2896.71186,311,190,18,759427.99,1552602.28,700.4772,505.736,138522.803,42.1811215,19020667.79,5791.920763,16716493.58,5090.28428,26976776,8214,8511724,2591,Rural,156400,63540,2106212,974628.2592,279225,1181.071402
2803570,5600,PERRY COUNTY,933,8328817.336,8926.921046,6421754.54,1907062.796,2967449.156,1907062.796,1.781355311,5497981,5892.798499,6882.909475,7063195.54,7570.413226,0,80,83,57,66,72,73,71,67,77,70,91,61,5,933,0.3792,452,0,22,0,5,5,5,0,59,5,33,5,56,0,0,186,105980327,4166449.57,PERRY COUNT,523.7585081,0.277,4325843.59,876.65,120,70,5,216445.16,624258.38,353.7936,258.441,105980.327,113.5909185,4095746.384,4389.867507,5156132.744,5526.401655,9747500,10447,4166449,4465,Rural,85800,46063,736061,278590.1393,302157,2044.011571
2803530,1821,PETAL,4392,34565258.42,7870.049731,28192626.7,6372631.72,6372631.72,8390939.769,46.87487841,24877657,5664.311703,6419.086225,31077554.7,7075.94597,57,343,364,314,306,322,321,303,355,383,385,322,293,264,4392,0.1966,1169,135,131,0,41,53,5,14,232,21,162,5,229,5,5,898,227593990,13747527.52,PETAL,93.69624305,0.16,8976629.82,3949.07303,502,370,31,1004389.68,2087050.02,863.4672,702.72,227593.99,51.82012523,24704922.98,5624.982464,22686614.93,5165.440558,38848714,8845,13747527,3130,Suburb,150300,55825,3319103,1246494.837,532536,1450.963506
2803600,5020,PHILADELPHIA,829,6803367.862,8206.716359,5245729.6,1557638.262,1720536.524,1557638.262,130.9238975,4337170,5231.809409,6327.779976,5769030.6,6959.023643,42,75,50,73,51,57,52,56,58,77,71,62,46,59,829,0.5054,61,11,20,0,20,5,5,5,22,5,50,0,67,5,0,195,61447733,3480176.95,PHILADELPHI,6.33192271,0.324,2932252.84,715.505196,109,85,10,183721.27,508866.33,418.9766,268.596,61447.733,74.12271773,4048494.076,4883.587546,4211392.338,5080.087259,8033318,9690,3480176,4198,Town,90100,31753,797542,241464.6574,0,1878.936384
2803630,5520,PICAYUNE,3431,24735855.52,7209.517785,19433050.49,5302805.032,5302805.032,5779665.492,18.14061928,16298497,4750.363451,5663.961087,21406168.49,6239.046485,264,249,271,232,254,219,210,241,230,270,278,268,217,157,3431,0.3619,1093,116,46,0,56,16,5,34,146,13,76,5,102,5,5,500,189385894,11216053.57,PICAYUNE,189.1335653,0.257,14487290.68,2755.9,304,182,23,727405.32,1537937.17,1241.6789,881.767,189385.894,55.19845351,16103363.46,4693.489787,15626503,4554.503934,28383761,8272,11216053,3269,Town,118900,40645,2053953,969073.6234,418962,1545.556698
2803690,5820,PONTOTOC CITY,2302,18008271.93,7822.880943,15570680.13,2437591.8,2437591.8,4628536.325,22.96634153,13302772,5778.788879,6763.979205,17142727.13,7446.88407,35,199,200,168,169,137,178,170,152,213,198,170,146,127,2302,0.233,681,249,38,0,38,5,5,16,178,5,109,5,130,5,5,527,87056850,5004069.66,PONTOTOC CI,100.2336396,0.207,6264580.39,2056.68333,346,178,15,531061.98,1361549.15,536.366,476.514,87056.85,37.8179192,14705135.33,6387.982333,12514190.8,5436.225371,18682138,8115,5004069,2173,Town,117400,45621,1753237,671774.4036,107904,1058.901738
2803660,5800,PONTOTOC COUNTY,3466,27092986.65,7816.787838,23763154.38,3329832.268,3329832.268,7072592.053,8.719246463,20904769,6031.381708,6856.074547,26194785.38,7557.641483,0,301,295,279,258,251,272,249,266,264,271,255,213,231,3466,0.1934,1030,216,50,0,22,19,5,26,184,16,49,5,174,5,5,552,118922581,7625327.65,PONTOTOC CO,397.5114151,0.212,9778673.22,3107.49162,380,154,26,803371.5,1802644.88,670.3244,734.792,118922.581,34.31118898,22864953.11,6596.928192,19122193.33,5517.078283,28782465,8304,7625327,2200,Rural,100600,44126,2551894,1014969.63,522068,960.7132914
2803720,5530,POPLARVILLE,1909,15019911.28,7867.947238,11823004.39,3196906.888,3196906.888,3517493.955,3.903878108,10154245,5319.143531,6193.297218,13027755.39,6824.387318,17,155,163,128,140,144,140,156,134,154,153,161,123,113,1909,0.2341,398,13,27,0,20,25,5,5,59,5,70,0,75,0,5,295,114175246,6485300.35,POPLARVILLE,489.0009234,0.2,5764252.08,1642.64045,154,132,10,437097.67,903606.72,446.8969,381.8,114175.246,59.80892928,9830848.502,5149.737298,9510261.435,4981.802742,16967600,8888,6485300,3397,Rural,124400,46111,1222569,534963.5253,242338,1674.65002
2803750,5900,PRENTISS COUNTY,2278,18810524.85,8257.473596,16315339.46,2495185.392,2495185.392,4851778.624,6.109987156,14130501,6203.029412,7162.133213,17969550.46,7888.301343,88,172,187,160,146,147,192,177,178,172,198,172,118,157,2278,0.2092,809,5,38,0,30,17,0,17,211,5,101,5,162,0,5,581,89113764,5215941.45,PRENTISS CO,372.8322076,0.191,8944435.26,2029.40546,403,178,10,510258.94,1412112.52,476.5576,435.098,89113.764,39.11929939,15474365.07,6792.96096,13117771.84,5758.459981,19608909,8607,5215941,2289,Rural,90000,41292,2125564,668851.1936,501635,1095.340383
2803810,6000,QUITMAN COUNTY,852,7590550.39,8909.096702,5853085,1737465.39,2182224.38,1737465.39,2.10393189,4876550,5723.650235,6869.818075,6435057,7552.883803,28,75,62,74,63,52,74,62,62,64,53,65,46,47,852,0.4485,392,0,14,0,5,5,0,5,35,5,25,5,40,0,0,143,77936585,3629841.24,QUITMAN COU,404.9560749,0.439,6196847.93,790.722222,80,54,5,195174.63,594290.37,382.122,374.028,77936.585,91.47486502,4252832.62,4991.587582,4697591.61,5513.605176,8693461,10203,3629841,4260,Town,50900,25283,647440,262512.4848,196657,2039.278627
2803780,1212,QUITMAN SEP,1593,13004751.32,8163.685698,10025901.84,2978849.477,3415760.46,2978849.477,3.116448848,8369295,5253.794727,6293.723691,11032775.84,6925.78521,60,124,158,117,95,104,101,105,100,115,147,128,106,94,1593,0.4262,456,5,16,0,13,5,5,31,30,5,99,5,98,5,5,306,121991445,7013617.08,QUITMAN SEP,511.1587187,0.349,4387493.74,1352.98889,141,161,15,356924.14,908362.7,678.9366,555.957,121991.445,76.57968927,7617015.38,4781.553911,8053926.363,5055.823204,15774232,9902,7013617,4402,Rural,76500,37364,1180662,466266.3022,202630,1869.962007
2803830,6100,RANKIN COUNTY,18720,142521053.4,7613.304137,109885810.6,32635242.8,46621147.19,32635242.8,24.9663756,94048208,5023.942735,5869.968517,120871269.6,6456.798592,320,1259,1385,1323,1359,1300,1396,1428,1448,1515,1623,1471,1369,1266,18720,0.1383,6512,403,249,5,273,99,28,123,812,56,279,5,835,5,5,2769,1665040971,92575401.94,RANKIN COUN,749.8084745,0.121,31538902.57,17365.8096,1920,783,71,4271168.85,10032364.79,2588.976,2265.12,1665040.971,88.94449631,74250122.45,3966.352695,88236026.84,4713.462972,188157678,10051,92575401,4945,Rural,169700,70439,9818362,5436752.458,1682297,1743.33562
.,2515,REIMAGINE PREP,600,4651659.965,7752.766608,3679458.83,972201.1349,972201.1349,1097159.264,5.8,3192864,5321.44,6132.431383,4063552.83,6772.58805,0,0,0,0,0,0,79,152,136,147,0,0,0,0,514,0.5837,147,5,5,0,0,5,0,12,0,0,11,0,14,0,0,41,34721469.1,1808680.38,REIMAGINE P,5.8,0.401,2311750.04,481.480447,14,33,0,117806,219727.83,350.22,240.6,34721.4691,57.86911517,3091351.695,5152.252825,2966393.566,4943.989276,NA,NA,NA,NA,NA,NA,NA,97075,202057.7112,0,1620.335225
2803870,5620,RICHTON,597,4407982.706,7383.555621,3654076.21,753906.496,753906.496,1093462.257,4.836576805,3391068,5680.180905,6120.73067,4049860.21,6783.685444,0,52,36,39,42,35,45,44,45,54,59,50,49,40,597,0.2211,210,0,5,0,5,5,5,5,23,0,15,0,36,0,0,99,26925232,1383928.29,RICHTON,123.4344091,0.28,2450604.37,535.511111,64,35,0,137206.6,73232.61,131.9967,167.16,26925.232,45.10089112,3295953.714,5520.860492,2956397.953,4952.090374,4827565,8086,1383928,2318,Rural,89800,31393,344990,166920.1194,0,1262.824951
2804110,7012,S. TIPPAH,2485,20002870.42,8049.444836,17371817.77,2631052.648,2631052.648,5166742.348,9.460592295,15945273,6416.608853,6990.671135,19136082.77,7700.63693,58,205,181,173,160,180,169,175,204,199,200,169,206,160,2485,0.1761,660,143,58,0,49,22,5,29,82,5,83,5,248,0,5,583,93966166,5824874.33,S. TIPPAH,262.6685436,0.283,7482767.52,2281.03438,379,202,10,561682.19,1459615.58,437.6085,703.255,93966.166,37.81334648,16505030.12,6641.863228,13969340.42,5621.464959,21175394,8521,5824874,2344,Town,88800,41241,2653744,740471.6267,350476,1058.773701
2803900,6200,SCOTT COUNTY,3989,30475747.57,7639.946746,27021472.8,3454274.768,3454274.768,8044747.146,7.679758572,23516599,5895.361995,6773.996691,29795359.8,7469.380747,99,304,340,301,256,240,282,314,308,318,311,291,254,254,3989,0.2263,875,382,56,0,40,11,5,120,157,5,89,0,223,5,5,723,123366956,6490353.79,SCOTT COUNT,519.41737,0.271,15308976.04,3555.0271,420,281,15,908789.17,1977643.63,902.7107,1081.019,123366.956,30.92678767,26341085.03,6603.430692,21750612.65,5452.647945,30625393,7677,6490353,1627,Rural,71400,36305,2813807,1132778.749,437383,865.9500547
2803930,6920,SENATOBIA,1666,13057719.87,7837.76703,10259185,2798534.872,2798534.872,3046940.55,37.70151821,8826781,5298.187875,6157.97419,11284965,6773.688475,61,124,140,145,113,113,129,141,129,120,116,121,109,91,1666,0.2839,388,24,18,0,41,13,5,5,105,5,56,5,101,0,5,359,99947674,6807959.98,SENATOBIA,44.1892019,0.202,6195274.78,1466.96648,247,102,10,374688.54,959383.46,472.9774,336.532,99947.674,59.99260144,8486430.128,5093.895635,8238024.45,4944.792587,15733072,9443,6807959,4086,Town,141400,56982,1326033,482636.6357,65615,1679.79284
2803990,6400,SIMPSON COUNTY,3008,26052584.28,8661.098499,20080458.05,5972126.233,7191170.112,5972126.233,5.106230492,17149063,5701.151263,6675.684192,22118986.05,7353.38632,0,229,249,205,225,215,217,238,226,278,247,255,211,211,3008,0.3251,1205,50,46,0,41,23,5,31,141,12,132,5,149,5,5,592,256827504,11132884.07,SIMPSON COU,589.0842579,0.292,10928964.51,2737.25007,331,242,22,695616.4,1648007.65,977.9008,878.336,256827.504,85.38148404,14927815.94,4962.704767,16146859.82,5367.972013,28869718,9597,11132884,3701,Rural,87900,43850,2455121,919669.9437,573531,1985.414306
.,2505,SMILOW COLLEGIATE,575,4493892.053,7815.46444,3460409.64,1033482.413,1076230.439,1033482.413,5.5,3040009,5286.972174,6018.103722,3827712.64,6656.891548,0,99,117,122,119,112,0,0,0,0,0,0,0,0,569,0.5455,0,5,5,0,5,5,0,0,5,0,5,0,27,0,0,59,38436801.4,2050595.21,SMILOW COLL,5.5,0.401,2297325.97,500.322222,37,15,0,128324.4,136250.24,313.6625,230.575,38436.8014,66.84661113,2751482.201,4785.186436,2794230.227,4859.53083,NA,NA,NA,NA,NA,NA,NA,67424,193638.9383,0,1797.360718
.,2535,SMILOW PREP,600,4745291.925,7908.819874,3655052.35,1090239.575,1091361.974,1090239.575,5.8,3182569,5304.281667,6091.753917,4037924.35,6729.873917,0,0,0,0,0,0,136,157,141,143,0,0,0,0,577,0.5348,150,5,0,0,0,5,0,5,5,0,5,0,11,0,5,20,38977213.37,2015009.09,SMILOW PREP,5.8,0.401,1881336.95,504.305556,16,15,5,130428.08,193326.27,320.88,240.6,38977.21337,64.96202229,2946562.376,4910.937293,2947684.776,4912.807959,NA,NA,NA,NA,NA,NA,NA,86780,202057.7112,0,1817.065958
2804020,6500,SMITH COUNTY,2443,19535481.88,7996.513253,15060923.06,4474558.816,4576746.552,4474558.816,3.840105743,13389319,5480.68727,6164.929619,16572440.06,6783.643086,0,201,210,161,189,167,187,204,194,214,195,189,149,142,2443,0.2268,622,5,34,0,5,31,5,20,38,17,63,0,93,0,5,309,163455234,6370545.35,SMITH COUNT,636.180398,0.239,5750282.46,2303.78212,136,153,22,570798.14,1338710.92,554.0724,583.877,163455.234,66.90758657,11995693.51,4910.230662,12097881.24,4952.059453,19521959,7990,6370545,2607,Rural,102600,43105,1660431,723516.8301,293265,1831.583633
2803960,6312,SOUTH DELTA,604,5724500.322,9477.64954,4414306.12,1310194.202,2225227.816,1310194.202,0.761183187,3745880,6201.788079,7308.453841,4852571.12,8034.058146,20,38,42,37,34,41,54,65,40,45,44,55,34,33,604,0.6514,147,0,5,0,5,5,0,14,28,5,5,0,28,0,0,87,79472422,2496558.9,SOUTH DELTA,793.5014986,0.499,3274558.38,543.522222,61,29,5,137206.6,463844.52,393.4456,301.396,79472.422,131.5768576,2627343.304,4349.906132,3542376.918,5864.862446,6309813,10446,2496558,4133,Rural,65100,28660,263819,180659.922,169803,2169.195699
2804050,5412,SOUTH PANOLA,4313,31711101.13,7352.446356,26060221.69,5650879.444,5650879.444,7745245.566,11.15202429,22396135,5192.704614,6042.249406,28686094.69,6651.076905,162,372,373,315,316,269,307,334,296,360,301,308,294,271,4313,0.3266,1311,51,60,0,74,12,5,61,226,5,125,5,153,5,5,731,201817123,13181107.33,SOUTH PANOL,386.7459295,0.327,12557599.67,3535.91111,453,268,15,956005.07,2257017.62,1408.6258,1410.351,201817.123,46.7927482,23035215.25,5340.879955,20940849.12,4855.28614,36028306,8353,13181107,3056,Town,87500,40911,2421020,1245325.911,576931,1310.19695
2804080,5712,SOUTH PIKE,1557,12139282.33,7796.584667,9358969.8,2780312.526,3103385.852,2780312.526,6.508362142,8151934,5235.667309,6010.899037,10297453.8,6613.650482,32,102,116,105,135,101,107,128,122,126,112,133,95,99,1557,0.4463,602,0,25,0,20,5,5,25,76,5,27,0,46,5,0,231,110835209,5294228.08,SOUTH PIKE,239.2306952,0.332,5536574.28,1417,142,87,10,352716.78,840693.02,694.8891,516.924,110835.209,71.18510533,7194067.948,4620.467532,7517141.274,4827.964852,13459788,8644,5294228,3400,Rural,81300,33446,989675,470358.4381,301940,1785.68563
2800189,5321,STARKVILLE OKTIBBEHA,4894,36852511.79,7530.141355,28419225.11,8433286.68,13201235.82,8433286.68,10.68147706,24650767,5036.936453,5806.952413,31234395.11,6382.181265,128,408,418,362,345,295,321,374,363,357,379,402,293,362,4894,0.3467,1677,103,60,0,107,26,5,37,166,5,149,5,177,0,5,739,471472708,31135336.19,STARKVILLE,458.1763341,0.235,15583249.46,4364.64804,450,282,10,1106067.48,2818917.63,1696.7498,1150.09,471472.708,96.33688353,18033159.29,3684.748526,22801108.43,4658.992323,55629576,11366,31135336,6361,Town,162900,40453,2923798,1433001.179,633622,1723.188941
2804170,6600,STONE COUNTY,2518,19466801.79,7731.057106,15752917.38,3713884.412,3713884.412,4685887.903,5.6530469,13232967,5255.348292,6256.122867,17355140.38,6892.430651,0,205,233,202,180,186,181,209,186,193,201,190,153,169,2518,0.2857,900,20,32,0,24,15,5,17,60,5,55,5,113,5,5,327,132638729,7227078.97,STONE COUNT,445.4235113,0.231,10053634.51,2200.52222,197,129,15,580147.82,1232146.56,719.3926,581.658,132638.729,52.6762228,13641255.97,5417.496413,12669252.48,5031.474375,21167701,8406,7227078,2870,Town,112800,45483,1228939,704807.7497,293713,1474.934238
2800187,6711,SUNFLOWER CONS,2929,23502139.43,8023.946546,18122622.35,5379517.085,6061626.144,5379517.085,4.198302406,15747713,5376.481052,6187.30705,19924137.35,6802.368505,89,190,216,199,160,178,200,211,207,239,250,283,239,207,2929,0.5682,1090,0,40,0,34,26,5,23,81,5,131,5,68,5,5,420,216486648,12419498.79,SUNFLOWER C,697.6629401,0.605,12902524.02,2679.71508,183,230,15,656815.22,1791176.13,1664.2578,1772.045,216486.648,73.91145374,13862511.21,4732.8478,14544620.27,4965.729008,28094129,9591,12419498,4240,Town,78400,30838,1931441,894237.3014,315043,1836.639496
2804230,6900,TATE COUNTY,2014,16316011.25,8101.29655,12916914.32,3399096.932,3399096.932,3839367.686,5.586396339,11083581,5503.267627,6413.562224,14219880.32,7060.516544,0,160,169,152,135,135,157,161,171,164,170,162,164,98,2014,0.302,734,74,34,0,24,13,5,5,111,5,73,5,81,0,5,357,121396319,5934089.81,TATE COUNTY,360.5186381,0.198,7219167.87,1776.33056,216,135,10,465146.72,1114914.6,608.228,398.772,121396.319,60.27622592,10820783.39,5372.782218,10380512.63,5154.177077,17270942,8575,5934089,2946,Rural,105500,48404,1200972,595183.7977,362274,1687.734326
2804260,7100,TISHOMINGO,2897,23500942.17,8112.165058,18119854.68,5381087.494,5488730.352,5381087.494,6.82869677,16077407,5549.674491,6254.696127,19929953.68,6879.51456,0,259,252,228,180,200,243,207,218,217,272,252,205,5,2897,0.177,1019,80,45,0,47,5,5,24,102,5,92,5,198,5,5,527,196026084,10142771.65,TISHOMINGO,424.2390748,0.192,12096886,2574.30972,347,176,15,668268.58,1702273.1,512.769,556.224,196026.084,67.66519986,14441223.33,4984.888964,14548866.19,5022.045629,25892084,8937,10142771,3501,Rural,88100,37681,1791674,845710.7638,617761,1857.468931
2804290,7200,TUNICA COUNTY,1671,13232257.58,7918.765758,10205439.04,3026818.541,5357212.644,3026818.541,3.680067673,8664842,5185.4231,6107.384225,11210439.04,6708.820491,55,136,138,130,148,90,158,121,105,122,124,112,99,100,1671,0.5925,526,25,28,0,14,5,5,23,34,5,28,5,31,0,5,177,191329023,14461914.11,TUNICA COUN,454.0677369,0.418,6049221.15,1462.53893,79,94,10,370948.67,1090184.37,990.0675,698.478,191329.023,114.4997145,5853226.396,3502.828484,8183620.499,4897.438958,23206220,13887,14461914,8654,Rural,107100,39370,1099381,487314.1296,281292,1811.381532
2804320,4120,TUPELO,7132,53377455.52,7484.219786,41158031.39,12219424.13,17528234,12219424.13,98.67409918,35179805,4932.670359,5770.896157,45257126.39,6345.643072,277,573,590,532,493,447,517,545,499,566,546,534,462,435,7132,0.2939,1361,390,106,0,100,41,5,33,328,39,213,5,220,5,5,1101,626008357,40188126.97,TUPELO,72.27833909,0.214,17584101.65,6037.34831,648,403,49,1578927.68,3913684.71,2096.0948,1526.248,626008.357,87.77458735,27728892.39,3887.954626,33037702.26,4632.319443,75853545,10635,40188126,5634,Town,149500,51258,4478089,2090451.317,599098,1713.323629
2804380,5131,UNION CITY,927,7764838.59,8376.309159,7064192.63,700645.96,700645.96,2103381.71,13.04866411,5986271,6457.681769,7620.488274,7790302.63,8403.778457,20,72,84,53,58,68,68,73,66,67,74,69,77,65,927,0.2376,311,0,17,0,5,0,0,5,57,5,48,5,93,5,0,237,25023070,1613482.72,UNION CITY,71.04175507,0.274,3247612.47,811.234637,155,75,10,212004.06,534444.57,220.2552,253.998,25023.07,26.99360302,7089656.67,7647.957573,5686920.92,6134.758274,7931226,8555,1613482,1740,Rural,80900,39848,821488,272451.9355,135974,755.8208846
2804350,7300,UNION COUNTY,2980,22305357.81,7485.019399,19430187.33,2875170.48,2875170.48,5782837.679,8.79682018,17216159,5777.234564,6520.197091,21417917.33,7187.220581,79,281,272,221,227,207,215,195,205,252,213,235,188,147,2980,0.1726,806,27,30,0,51,17,5,14,93,11,76,0,195,5,5,499,102684660,7657298.54,UNION COUNT,338.7587718,0.189,6419076.1,2696.8,339,142,21,675280.84,1460062.49,514.348,563.22,102684.66,34.4579396,18542746.85,6222.398272,15635079.65,5246.671024,24952142,8373,7657298,2569,Rural,98100,46559,1924952,865588.7702,97769,964.8223087
2804470,7500,VICKSBURG WARREN,6862,54209752.94,7899.993142,41798577.49,12411175.45,17506014.26,12411175.45,11.66108155,34724195,5060.360682,6091.311205,45967316.49,6698.821989,287,507,580,531,445,440,436,524,491,508,574,535,479,416,6862,0.4498,2621,76,92,0,117,20,5,36,92,13,105,5,419,5,5,909,625214795,39766946.61,VICKSBURG W,588.4531352,0.334,19995701.65,5866.89831,628,263,23,1524232.04,4002969.45,3086.5276,2291.908,625214.795,91.1126195,28461302.23,4147.668643,33556141.04,4890.140052,76038322,11081,39766946,5795,Rural,128400,45113,4286225,2033155.149,632074,1808.681937
2800185,618,W. BOLIVAR CONS,938,9802712.168,10450.65263,7556328.29,2246383.878,2755138.68,2246383.878,1.667114371,6648896,7088.375267,8055.78709,8319940.29,8869.872377,0,62,63,63,78,52,74,84,63,75,103,67,59,74,938,0.5904,276,5,14,0,16,5,5,5,64,5,16,0,29,0,5,163,98397810,4263046.94,W. BOLIVAR,562.6488598,0.508,4751804.68,826.616667,109,45,10,218315.09,693971.2,553.7952,476.504,98397.81,104.9017164,5564801.61,5932.624318,6073556.412,6475.006836,10907088,11628,4263046,4544,Rural,60800,23709,660280,271866.5775,178822,2394.865542
2804650,6812,W. TALLAHATCHIE,513,5714240.976,11138.8713,4403534.91,1310706.066,2144998.688,1310706.066,1.846357689,3925194,7651.450292,8583.888713,4854466.91,9462.89846,5,26,37,46,39,25,39,39,36,49,54,50,29,37,513,0.4446,149,0,5,0,5,0,5,5,18,5,14,0,30,0,5,79,76607096,2443868.48,W. TALLAHAT,277.8443218,0.462,2606776.83,489.938889,53,29,10,126688.2,353378.71,228.0798,237.006,76607.096,149.3315712,2709468.222,5281.614468,3543760.844,6907.915876,6367336,12411,2443868,4763,Rural,69000,24367,497033,161950.8416,15745,2554.982584
2804440,7400,WALTHALL COUNTY,1684,14297684.23,8490.311303,11149516.47,3148167.764,3148167.764,3314329.777,4.16963048,9421614,5594.78266,6620.853011,12275295.47,7289.367856,17,133,140,116,128,129,116,155,125,140,119,136,111,89,1684,0.3329,630,21,18,0,32,5,0,21,72,5,47,5,54,0,5,263,112434563,5651277.33,WALTHALL CO,403.8727192,0.332,5317377.92,1552.78977,158,96,10,391284.23,963049.24,560.6036,559.088,112434.563,66.76636758,9127127.706,5419.909564,8960965.693,5321.238535,15446460,9172,5651277,3355,Rural,95800,30961,1189013,493745.0124,397528,1869.458292
2804500,8113,WATER VALLEY,1041,8319751.472,7992.076342,6889416.58,1430334.892,1430334.892,2049491.047,7.95318853,5998354,5762.107589,6618.075485,7590707.58,7291.745994,20,78,109,83,73,74,79,73,67,78,74,82,62,64,1041,0.3063,361,12,16,0,18,5,0,5,43,5,25,5,41,0,0,164,51083389,2699399.25,WATER VALLE,130.8908994,0.324,3223381.18,947.589888,102,56,5,237949.43,549669.15,318.8583,337.284,51083.389,49.07145917,6160372.688,5917.745137,5541216.533,5322.974576,8801197,8454,2699399,2593,Town,87000,42193,604291,312500.6274,179329,1374.000857
2804530,7700,WAYNE COUNTY,2900,25084324.17,8649.766956,20474120.56,4610203.612,4610203.612,6090449.011,3.577575109,17353589,5983.996207,7060.041572,22557218.56,7778.351228,0,263,241,232,215,208,199,243,215,203,252,235,181,162,2900,0.435,955,62,22,0,54,29,5,5,237,18,97,0,163,0,5,638,164650129,7796670.5,WAYNE COUNT,810.6049243,0.317,16482650.55,2654.66192,454,158,23,665229.93,1684261.63,1261.5,919.3,164650.129,56.77590655,17947014.95,6188.625844,16466769.55,5678.196396,25921299,8938,7796670,2688,Town,85800,37706,2674018,833432.5661,551503,1589.725383
2804560,7800,WEBSTER COUNTY,1739,13644530.03,7846.193231,11469520.1,2175009.928,2175009.928,3408442.227,4.129660877,10287189,5915.577343,6595.468718,12623860.1,7259.264002,40,132,149,117,113,121,125,123,112,132,147,139,142,92,1739,0.2219,669,11,20,0,58,5,5,17,118,5,33,5,68,0,5,336,77678926,4015421.15,WEBSTER COU,421.0999527,0.239,4977047.02,1492.00559,244,85,10,391284.23,1034552.87,385.8841,415.621,77678.926,44.6687326,10448850.17,6008.539489,9215417.873,5299.262722,14059104,8084,4015421,2309,Rural,84000,45730,1355347,513915.6979,353648,1250.724513
2804590,3112,WEST JASPER,1411,11627792.26,8240.816624,8963103.95,2664688.307,3243860.676,2664688.307,4.079538322,7552672,5352.708717,6352.30613,9869215.95,6994.48331,40,118,104,97,96,111,96,102,98,121,117,91,96,102,1411,0.3182,383,15,15,0,24,5,0,17,57,5,39,0,141,5,5,304,115852167,5335260.85,WEST JASPER,345.872471,0.241,3560080.1,1234.84358,222,76,15,317187.99,762010.96,448.9802,340.051,115852.167,82.10642594,6625355.274,4695.503383,7204527.643,5105.972816,13219165,9368,5335260,3781,Rural,83900,39537,1301474,385583.5604,102635,1888.510494
2800191,1321,WEST POINT CONS,2609,20734836.82,7947.426913,15985432.47,4749404.347,6134930.704,4749404.347,6.36316805,13996944,5364.869299,6127.034293,17590386.47,6742.194891,62,189,206,189,159,151,184,172,180,241,218,242,183,166,2609,0.4168,866,12,40,0,28,34,5,18,89,12,83,5,120,5,0,427,219104668,9719600.08,WEST POINT,410.0158882,0.314,12580623.9,2301.40556,237,185,17,592302.41,1428737.06,1087.4312,819.226,219104.668,83.98032503,11455455.77,4390.74579,12840982.12,4921.80227,23683993,9077,9719600,3725,Town,89900,31833,2071057,798645.8311,381618,1820.392621
2804680,7613,WESTERN LINE,1632,12650869.55,7751.7583,9756432.65,2894436.896,5024405.372,2894436.896,4.582993156,8168065,5004.941789,5978.206281,10720136.65,6568.711183,67,113,125,89,105,120,124,124,142,129,126,143,114,86,1632,0.4448,560,0,11,0,24,5,5,5,71,5,19,5,91,5,5,234,179443049,8961731.27,WESTERN LIN,356.0991571,0.286,7532207.86,1428.52514,186,50,15,370714.92,1000714.73,725.9136,466.752,179443.049,109.9528487,5695731.278,3490.03142,7825699.755,4795.159163,17346734,10629,8961731,5491,Town,88300,37851,1028892,486436.9876,38899,1773.552019
2804710,7900,WILKINSON COUNTY,891,7551682.42,8475.513378,5824372.85,1727309.57,1917044.864,1727309.57,1.314133621,5232876,5873.037037,6536.894332,6397442.85,7180.070539,16,59,58,71,55,45,76,74,51,95,85,73,47,49,891,0.4677,338,5,5,0,14,0,5,27,37,0,12,0,44,0,0,138,68465888,2720037.8,WILKINSON C,678.0132442,0.362,3755479.77,870.443243,95,49,0,202888.12,635310.73,416.7207,322.542,68465.888,76.84162514,4480397.986,5028.505035,4670133.28,5241.451493,7706211,8648,2720037,3052,Rural,70300,27313,726936,297007.4359,233847,1938.619045
2800196,4911,WINONA-MONTG CONS,1144,9545634.842,8344.0864,7523309.25,2022325.592,2022325.592,2235580.358,2.811331281,6549279,5724.894231,6576.319274,8279927.25,7237.698645,16,100,92,79,85,80,84,71,75,105,89,101,56,75,1144,0.4336,317,0,21,0,17,5,5,16,62,5,29,5,52,5,5,212,72225914,3512742.77,WINONA-MONT,406.9246509,0.313,6588468.59,1034.85556,131,81,15,261791.12,678335.13,496.0384,358.072,72225.914,63.13454021,6257601.658,5469.931519,6044346.893,5283.520011,10095925,8825,3512742,3070,Town,84800,39840,928138,343779.6895,270631,1767.767126
2804770,8220,YAZOO CITY,2029,15391855.19,7585.931585,13749087.71,1642767.476,1642767.476,4092374.262,201.2295812,12508965,6165.088714,6776.287684,15156941.71,7470.153627,20,120,148,134,193,100,171,210,108,167,173,170,165,105,2029,0.6393,650,0,22,0,20,5,0,28,40,5,33,0,111,5,0,273,58670267,2952057.44,YAZOO CITY,10.0830106,0.439,7187346.48,1909.6,171,88,10,463043.04,1036587.67,1297.1397,890.731,58670.267,28.91585362,13514174.23,6660.509726,11064567.45,5453.212148,15201514,7492,2952057,1454,Town,70900,24688,1386466,620909.119,251512,809.6439014
2804800,8200,YAZOO COUNTY,1320,10965946.97,8307.535581,8453993.47,2511953.497,6535404.344,2511953.497,1.447163124,6995746,5299.807576,6404.540508,9303531.47,7048.129902,55,97,79,73,97,73,90,96,92,102,112,126,91,111,1320,0.4028,276,13,15,0,11,18,0,15,58,14,32,5,55,0,0,219,233407298,7529716.78,YAZOO COUNT,912.1293778,0.285,5294693.25,1151.67975,124,85,14,291943.85,770391.62,531.696,376.2,233407.298,176.8237106,2768127.126,2097.066005,6791577.973,5145.134828,14921374,11304,7529716,5704,Rural,109300,42070,1024058,400492.289,47938,1902.995073