dist_id,district,total_enroll,model_4_total_funding,model_4_pp_funding,model_4_diff_total,model_4_diff_pp,model_4_state_share,model_4_state_share_pp,model_4_local_diff_total,model_4_local_share_total,model_4_local_share_pp,base_funding,sped_tier_1_funding,sped_tier_2_funding,sped_tier_3_funding,total_sped_funding,ell_funding,ed_funding,gifted_funding,vocational_funding,sparsity_funding,sped_pp_diff,ed_pp_diff,ell_enroll,gifted_enroll,econ_dis_enroll,stpov_enroll,sped_tier_1_enroll,sped_tier_2_enroll,sped_tier_3_enroll,maep_expected_local_total,maep_expected_local_pp,maep_rev_fy24,local_share_expected_total,local_funding_28_mill,local_funding_27_pct,maep_rev_fy23,maep_fy23_pp,maep_fy24_pp,maep_rev_full_funding_fy24,maep_full_pp_fy24,direct_cert_pct,vocational_enroll,assessed_value,stpov_rate,mill_1_value,mill_1_value_pp,local_share_mills,local_share_pp_mills,local_share_pct,sped_funding,at_risk_funding,cte_funding,local_share_expected_pp,sparsity_weight_adj,model_4_local_mills_total,cte_pp_funding,cte_model_4_pp,cte_pp_diff
4820,ABERDEEN,998,7605234.330296452,7620.475280858169,294119.69029645156,294.7091085134789,5551821.06111641,5562.946955026463,-4060843.340819958,2053413.2691800422,2057.5283258317054,5988000,266400,570000,51000,887400,0,503111.76,14970.000000000002,190200,21552.570296452384,929.9161290322581,472.76613780438754,0,49.900000000000006,419.2598,308.382,74,76,5,7311114.640000001,7325.76617234469,5619475,1691639.64,3032312.136,1691639.64,5461563,5472.508016032064,5630.736472945891,6265332,6277.887775551102,0.4201,317,108296862,0.309,108296.862,108.51388977955912,3233019.864,3239.498861723447,4573692.359999999,743263,304899.92361736,56314,1695.0296993987977,0.003599293636682095,3032312.136,177.64668769716087,600,422.35331230283913
0200,ALCORN COUNTY,3188,23565196.8,7391.843412797993,828170.756000001,259.7775269761605,18749138.756,5881.16021204517,-4643587.446,4816058.044,1510.683200752823,19128000,1400400,1200000,204000,2804400,34800,728776.7999999999,47820,821400,0,768.9033391915646,-307.1036216346736,29,159.4,607.314,599.344,389,160,20,22737026.044,7132.065885821832,17920968,4816058.044,4816058.044,5394777.930000001,17423282,5465.270388958595,5621.382685069008,19980659,6267.458908406525,0.1905,1369,172002073,0.188,172002.073,53.95297145545797,15164600.956,4756.775707653702,14585881.07,2366894,915285.12886944,703630,1510.683200752823,0,4816058.044,513.9737034331629,600,86.02629656683712
0300,AMITE COUNTY,853,7162647.912578158,8397.008103843093,194667.31257815845,228.2149033741598,5228732.976182055,6129.815915805457,-3718945.8836038974,1933914.936396103,2267.1921880376353,5118000,572400,435000,102000,1109400,0,561956.4,12795.000000000002,164400,196096.51257815756,181.86343612334804,646.9238178595208,0,42.650000000000006,468.297,247.37,159,58,10,6967980.6,8168.793200468933,5355735,1612245.6,3221128.96,1612245.6,5418370,6352.133645955451,6278.704572098476,5971280,7000.3282532239155,0.549,274,115040320,0.29,115040.32,134.86555685814773,2750151.04,3224.09266119578,4359034.4,1068117,259003.91686784,194411,1890.0886283704576,0.038315066935943255,3221128.96,709.529197080292,600,-109.52919708029196
4821,AMORY,1518,11212649.76,7386.462292490119,461988.62399999984,304.3403320158104,8728367.624,5749.912795783926,-2178120.414,2484282.136,1636.5494967061923,9108000,608400,540000,153000,1301400,14400,430079.76,22770,336000,0,769.55859375,-53.66003463171569,12,75.9,358.3998,315.744,169,72,15,10750661.136,7082.121960474308,8266379,2484282.136,2484282.136,2488441.5,8630797,5685.637022397892,5445.572463768116,9216450,6071.442687747036,0.2361,560,88724362,0.208,88724.362,58.44819631093544,6732167.864,4434.893191040844,6728008.5,1104393,449311.50568,236621,1636.5494967061925,0,2484282.136,422.5375,600,177.46249999999998
0400,ATTALA COUNTY,1004,7795906.629292891,7764.847240331565,336283.1692928914,334.94339571005185,5691011.839383811,5668.338485442043,-3715165.61009092,2104894.7899090806,2096.5087548895226,6024000,421200,450000,51000,922200,0,435776.16,15060,201600,197270.4692928911,277,393.39946008908794,0,50.2,363.1468,294.17199999999997,117,60,5,7459623.46,7429.903844621514,5733622,1726001.4600000002,2935606.8279999997,1726001.4600000002,5643432,5620.948207171315,5710.778884462152,6392598,6367.129482071713,0.3617,336,104843101,0.293,104843.101,104.42539940239044,3456991.1720000003,3443.218298804781,4666596.54,871786,292914.40494692,336354,1719.124960159363,0.032747421861369704,2935606.8279999997,1001.0535714285714,600,-401.05357142857144
5920,BALDWYN,756,5497140.48,7271.349841269842,62499.85000000056,82.6717592592604,4012912.5504,5308.0853841269845,-2964661.4203999992,1484227.9296000001,1963.2644571428573,4536000,255600,247500,0,503100,6000,257100.48,11340.000000000002,183600,0,288.7307692307695,173.94652716989094,5,37.800000000000004,214.2504,185.97600000000003,71,33,0,5434640.63,7188.678082010581,4177178,1257462.63,2409164.94,1257462.63,4166149,5510.7791005291,5525.367724867725,4657269,6160.408730158731,0.2834,306,86041605,0.246,86041.605,113.81164682539682,2248104.06,2973.682619047619,3399806.37,473072,219832.36697524,264705,1663.3103571428574,0,2409164.94,865.0490196078431,600,-265.0490196078431
2320,BAY ST. LOUIS,1672,12574058.4,7520.369856459331,461260.2599999998,275.8733612440192,9179062.632,5489.86999521531,-6928684.902,3394995.768,2030.4998612440193,10032000,687600,712500,102000,1502100,40800,588878.4,25080.000000000004,385200,0,842.9324324324325,165.86158011745738,34,83.60000000000001,490.732,411.31200000000007,191,95,10,12112798.14,7244.496495215311,9310149,2802649.14,7071755.796,2802649.14,8998844,5382.0837320574165,5568.270933014354,10380182,6208.242822966507,0.2935,642,252562707,0.246,252562.707,151.05425059808613,3308426.204,1978.7238062200956,7577532.859999999,1252592,507484.8150658,119480,1676.225562200957,0,7071755.796,186.10591900311528,600,413.8940809968847
0500,BENTON COUNTY,961,7573060.044608874,7880.395467855228,272712.2326088743,283.77963851079494,6094750.232608874,6342.091813328693,-713506.6979999996,1478309.8120000002,1538.303654526535,5766000,439200,540000,51000,1030200,25200,399237.83999999997,14415.000000000002,186000,152007.20460887437,1348.2512562814072,394.26607771596,21,48.050000000000004,332.6982,281.573,122,72,5,7300347.812,7596.615829344433,5822038,1478309.8120000002,1478309.8120000002,1752617.52,5252649,5465.81581685744,6058.312174817898,6491176,6754.605619146722,0.3462,310,52796779,0.293,52796.779,54.93941623309053,5012866.188,5216.301964620187,4738558.48,761898,268066.22562284,188397,1538.303654526535,0.02636267856553492,1478309.8120000002,607.7322580645161,600,-7.732258064516145
2420,BILOXI,5812,42992726.88,7397.234494150035,4136860.75,711.7792068134895,31384690.6224,5399.9811807295255,-25146571.492399998,11608036.257600002,1997.2533134205096,34872000,1594800,2670000,153000,4417800,639600,2302946.88,87180,673200,0,1384.6584766584765,289.4021303544787,533,290.6,1919.1224,1511.12,443,356,15,38855866.13,6685.455287336546,29865428,8990438.13,17883311.824,8990438.13,29253636,5033.316586373021,5138.580178940124,33297919,5729.167068134893,0.3302,1122,638689708,0.26,638689.708,109.89155333792154,15414607.176,2652.20357467309,24307480.869999997,3290688,1747548.769029,432143,1546.8751083964214,0,17883311.824,385.15418894830657,600,214.84581105169343
5921,BOONEVILLE,1321,9826177.68,7438.438819076457,940790.4680000003,712.180520817562,8406813.468,6363.976887206662,-2833811.378,1419364.2119999998,1074.4619318697955,7926000,489600,675000,153000,1317600,0,286762.68,19815,276000,0,2166.6639004149374,-364.59617014833316,0,66.05,238.9689,290.62,136,90,15,8885387.212,6726.258298258895,7466023,1419364.2119999998,1419364.2119999998,2247508.89,7346069,5560.990915972748,5651.7963663891,8324107,6301.367903103709,0.1809,460,50691579,0.22,50691.579,38.37364042392127,6904742.788000001,5226.905971233914,6076598.109999999,795434,373889.82572456,116419,1074.4619318697955,0,1419364.2119999998,253.08478260869566,600,346.91521739130434
4320,BROOKHAVEN,2586,19095530.88,7384.196009280742,1583862.6899999976,612.475904872389,13939737.542399999,5390.463086774941,-6973003.6724,5155793.3376,1993.7329225058006,15516000,993600,862500,102000,1958100,34800,1213040.88,38790,334800,0,873.8129675810469,431.6293297414478,29,129.3,1010.8674,724.08,276,115,10,17511668.19,6771.720104408353,13459833,4051835.19,6022839.676,4051835.19,13659606,5282.136890951276,5204.885150812065,15006797,5803.092420726992,0.3909,558,215101417,0.28,215101.417,83.17920224284609,8983957.324000001,3474.074757927301,10954961.81,1607701,776720.86168052,280855,1566.834953596288,0,6022839.676,503.32437275985666,600,96.67562724014334
0700,CALHOUN COUNTY,2080,15784211.355353821,7588.563151612414,898397.1113538202,431.92168815087643,12928989.111353822,6215.860149689338,-2110525.2360000005,2855222.244,1372.703001923077,12480000,1065600,607500,102000,1775100,160800,676915.2,31200,478800,181396.15535382193,1051.0000000000005,70.26418817293529,134,104,564.096,673.9200000000001,296,81,10,14885814.244,7156.641463461538,12030592,2855222.244,2855222.244,3621588.57,12223903,5876.876442307693,5783.9384615384615,13413291,6448.6975961538465,0.2712,798,101972223,0.324,101972.223,49.02510721153846,10558068.756,5075.9945942307695,9791702.43,1368363,637279.4525084,489806,1372.703001923077,0.01453494834565881,2855222.244,613.7919799498746,600,-13.791979949874644
4520,CANTON,3166,23823840.96,7524.902387871131,3171146.59,1001.6255811749843,17391403.9008,5493.178743145926,-10112048.9008,6432437.059200001,2031.7236447252055,18996000,583200,1230000,163200,1976400,369600,1847550.96,47490,586800,0,919.5292397660814,616.907033946846,308,158.3,1539.6258,987.792,162,164,16,20652694.37,6523.276806696147,15874091,4778603.37,8080929.304,4778603.37,15486257,4891.426721415035,5013.926405559065,17698531,5590.18667087808,0.4863,978,288604618,0.312,288604.618,91.15749147188882,9617601.696,3037.7769096651923,12919927.63,1661921,897744.97433396,393681,1509.3504011370817,0,8080929.3040000005,402.5368098159509,600,197.4631901840491
0800,CARROLL COUNTY,805,6255456.497476343,7770.753413014091,532931.5174763426,662.0267297842765,4566483.24315773,5672.649991500286,-1207802.0756813874,1688973.2543186126,2098.1034215138047,4830000,338400,285000,51000,674400,39600,412965,12075,106800,179616.4974763427,88.37226277372247,477.1125432020631,33,40.25,344.1375,177.905,94,38,5,5722524.98,7108.726683229815,4398452,1324072.98,2510623.22,1324072.98,4615780,5733.888198757764,5463.91552795031,4903974,6091.893167701864,0.4275,178,89665115,0.221,89665.115,111.38523602484472,2393350.78,2973.106559006211,3579901.02,662293,248772.6821638,99740,1644.811155279503,0.03718768063692395,2510623.22,560.3370786516854,600,39.662921348314626
0911,CHICKASAW COUNTY CONSOL,2214,16692807.84,7539.66027100271,1353755.4360000007,611.4523197831986,14473823.436,6537.408959349594,-2257055.666,2218984.404,1002.2513116531165,13284000,770400,1065000,102000,1937400,55200,880197.84,33210,502800,0,1139.7732240437163,318.8229756209355,46,110.7,733.4982,584.496,214,142,10,15339052.404,6928.207951219511,13120068,2218984.404,2218984.404,3949555.41,12877302,5816.306233062331,5925.956639566396,14627983,6607.038392050587,0.3313,838,79249443,0.264,79249.443,35.79468970189702,12408998.596,5604.787080397471,10678427.59,1520243,646341.7612634,378375,1002.2513116531164,0,2218984.404,451.5214797136038,600,148.4785202863962
1000,CHOCTAW COUNTY,1230,9550296.608627088,7764.468787501698,387302.74862708896,314.8802834366579,6971716.524297774,5668.062214876239,-8488737.125670686,2578580.084329314,2096.4065726254585,7380000,633600,795000,0,1428600,6000,342136.80000000005,18450,223200,151909.80862708745,681.6560283687941,-48.826389525733475,5,61.5,285.11400000000003,364.08,176,106,0,9162993.86,7449.58850406504,7042868,2120125.8600000003,7774436.208,2120125.8600000003,6945544,5646.783739837399,5725.908943089431,7852318,6383.99837398374,0.2318,372,277658436,0.29600000000000004,277658.436,225.7385658536585,77881.79200000037,63.31853008130111,5732192.14,1236373,356057.88722324,239967,1723.67956097561,0.02058398490881944,7774436.208,645.0725806451613,600,-45.07258064516134
1100,CLAIBORNE COUNTY,1188,9595553.451733038,8077.065195061479,978706.611733038,823.8271142533986,7410715.999733038,6237.976430751715,-3107900.248,2184837.452,1839.0887643097644,7128000,284400,667500,163200,1115100,0,799191.36,17820,352800,182642.09173303843,1520.038043478261,658.7888906660852,0,59.400000000000006,665.9928,472.824,79,89,16,8616846.84,7253.238080808081,6623088,1993758.84,2184837.452,1993758.84,6431257,5413.5159932659935,5574.989898989899,7384292,6215.7340067340065,0.5606,588,78029909,0.398,78029.909,65.68174158249158,5199454.548,4376.6452424242425,5390533.16,835413,360442.7020964,371360,1678.2481818181818,0.02562318907590326,2184837.452,631.5646258503401,600,-31.56462585034012
1420,CLARKSDALE,2118,15933336.48,7522.821756373938,1854745.1679999996,875.7059338999061,13916114.168000001,6570.4032898961295,-3023745.368,2017222.312,952.4184664778093,12708000,410400,765000,204000,1379400,32400,1436766.48,31770,345000,0,-384.093220338983,685.3179271696595,27,105.9,1197.3054,1092.888,114,102,20,14078591.312,6647.115822474032,12061369,2017222.312,2017222.312,3630853.35,11613241,5483.116619452314,5694.6973559962225,13447605,6349.199716713881,0.5653,575,72043654,0.516,72043.654,34.014945231350325,11430382.688,5396.781250236072,9816751.65,1470046,616231.62508296,213402,952.4184664778091,0,2017222.312,371.1339130434783,600,228.8660869565217
0614,CLEVELAND,2818,21479468.88,7622.238779276082,2027655.3999999985,719.5370475514546,15680012.282399999,5564.23430887154,-6529265.2524,5799456.5976,2058.004470404542,16908000,990000,1177500,255000,2422500,74400,1510898.8800000001,42270,521400,0,764.4201312910282,532.0268237361748,62,140.9,1259.0824,1141.29,275,157,25,19451813.48,6902.701731724627,14951069,4500744.48,6140151.164000001,4500744.48,14704672,5218.123491838183,5305.560326472676,16669424,5915.338537970191,0.4468,869,219291113,0.405,219291.113,77.81799609652236,10529272.836,3736.434647267565,12168679.52,2073160,841033.26990588,366002,1597.141405251952,0,6140151.164000001,421.1760644418872,600,178.8239355581128
2521,CLINTON,5211,36536656.08,7011.448105929763,819710.7800000012,157.30393014776382,28263353.672,5423.7869261178275,-11480960.122000001,8273302.408,1587.6611798119363,31266000,1555200,1387500,102000,3044700,284400,1106191.08,78165,757200,0,1135.688995215311,-447.7588363566699,237,260.55,921.8259,807.705,432,185,10,35716945.3,6854.144175781999,27452788,8264157.300000001,8273302.408,8264157.300000001,27710753,5317.741892151219,5268.2379581654195,30607990,5873.726731913261,0.1769,1262,295475086,0.155,295475.086,56.70218499328344,22334687.592,4286.065552101324,22343832.7,2332623,1518946.77230744,423413,1585.9062176165803,0,8273302.408,335.5095087163233,600,264.4904912836767
1400,COAHOMA COUNTY,988,7962636.6733918395,8059.34885970834,505118.2933918396,511.2533333925503,5812724.771576043,5883.324667587089,-3508761.398184203,2149911.9018157967,2176.024192121252,5928000,385200,442500,153000,980700,0,633347.52,14820.000000000002,219000,186769.15339184005,-66.67955801105018,614.5527791288803,0,49.400000000000006,527.7896000000001,434.72,107,59,15,7457518.38,7548.095526315789,5732004,1725514.38,4089162.924,1725514.38,6170910,6245.86032388664,5801.6234817813765,6390794,6468.414979757085,0.5342,365,146041533,0.44,146041.533,147.81531680161942,2301631.0760000004,2329.5861093117414,4665279.62,992769,308992.95452468,107670,1746.472044534413,0.03150626744126857,4089162.9239999996,294.986301369863,600,305.013698630137
8111,COFFEEVILLE,417,3319072.937554032,7959.407524110388,177748.90755403182,426.2563730312513,2422923.244414443,5810.367492600583,-1093588.2368604112,896149.6931395887,2149.040031509805,2502000,147600,187500,51000,386100,0,252051.48,6255,78600,94066.45755403192,1101.140845070423,641.90136492288,0,20.85,210.0429,146.36700000000002,41,25,5,3141324.0300000003,7533.151151079137,2414487,726837.03,1406185.228,726837.03,2336671,5603.52757793765,5790.136690647482,2691989,6455.6091127098325,0.5037,131,50220901,0.35100000000000003,50220.901,120.43381534772182,1285803.772,3083.4622829736213,1965151.97,307919,117224.65579764,57880,1743.0144604316547,0.0375965058169592,1406185.228,441.8320610687023,600,158.16793893129773
4620,COLUMBIA,1646,12789294.48,7769.923742405833,736789.1919999998,447.62405346294054,10366313.192,6297.881647630619,-3780341.9319999996,2422981.288,1472.0420947752127,9876000,756000,1140000,51000,1947000,6000,636804.4800000001,24690.000000000004,298800,0,1337.1471389645772,333.4820645871338,5,82.30000000000001,530.6704000000001,490.508,210,152,5,12052505.288,7322.299688942892,9629524,2422981.288,2422981.288,2898791.2800000003,9044947,5495.107533414338,5850.25759416768,10736264,6522.6391251518835,0.3224,498,86535046,0.298,86535.046,52.5729319562576,8313282.711999999,5050.597030376671,7837472.72,1456267,459835.41939272,79052,1472.0420947752127,0,2422981.288,158.73895582329317,600,441.26104417670683
4420,COLUMBUS,3090,24275138.4,7856.031844660194,3072513.669999998,994.3409935275076,18116281.163999997,5862.874163106795,-7175253.853999999,6158857.2360000005,1993.157681553398,18540000,900000,1890000,153000,2943000,54000,2029388.4,46350,662400,0,1098.5377176015472,644.6073509376598,45,154.5,1691.157,1016.61,250,252,15,21202624.73,6861.6908511326865,16296779,4905845.73,6158857.2360000005,4905845.73,16151073,5226.884466019417,5274.038511326861,18169799,5880.193851132686,0.5473,1104,219959187,0.32899999999999996,219959.187,71.18420291262136,12010941.764,3887.036169579288,13263953.27,2375056,939256.16621032,337991,1587.6523398058257,0,6158857.2360000005,306.151268115942,600,293.848731884058
1500,COPIAH COUNTY,2205,16613659.745788472,7534.539567251008,661312.013788471,299.9147454822996,12930045.013788473,5863.965992647833,-1258196.4280000003,3683614.732,1670.5735746031746,13230000,784800,885000,173400,1843200,123600,1041465.6000000001,33075,333600,8719.14578847258,1018.3371104815869,425.9664800504213,103,110.25,867.888,544.635,218,118,17,15952347.732,7234.624821768708,12268733,3683614.732,3683614.732,3693276.54,12820619,5814.339682539682,5564.051247165533,13678802,6203.538321995465,0.3936,556,131557669,0.247,131557.669,59.66334195011338,9995187.268,4532.96474739229,9985525.46,1483727,671774.403562,137076,1670.5735746031746,6.590435214264989e-4,3683614.732,246.53956834532374,600,353.46043165467626
0220,CORINTH,2490,18463659.6,7415.124337349398,2841540.3720000014,1141.1808722891574,15333199.372000001,6157.911394377511,-3571735.512,3130460.228,1257.2129429718875,14940000,788400,720000,153000,1661400,277200,968709.5999999999,37350,579000,0,1065.6121212121216,294.31986559479117,231,124.5,807.2579999999999,672.3000000000001,219,96,15,15622119.228,6273.943465060241,12491659,3130460.228,3130460.228,3760384.23,12920052,5188.775903614458,5016.730522088354,13927349,5593.3128514056225,0.3242,965,111802151,0.27,111802.151,44.900462248995986,10796888.772,4336.0999084337345,10166964.77,1309748,731117.53393968,149433,1257.2129429718875,0,3130460.228,154.85284974093264,600,445.14715025906736
1600,COVINGTON COUNTY,2609,20064209.88,7690.383242621694,1133101.879999999,434.3050517439633,14646873.212399999,5613.979767113836,-4881735.012400001,5417336.6676,2076.4034755078574,15654000,1728000,982500,51000,2761500,73200,1200974.8800000001,39135.00000000001,335400,0,-274.0584415584417,439.0987021284308,61,130.45000000000002,1000.8124,746.1740000000001,480,131,5,18931108,7256.078190877731,14550844,4380264,8160987.716,4380264,14578892,5587.923342276735,5577.172863165964,16223200,6218.167880413952,0.3836,559,291463847,0.28600000000000003,291463.847,111.7147746262936,8062212.284,3090.154190877731,11842936,2930320,761519.45408596,323221,1678.9053277117669,0,8160987.716,578.2128801431127,600,21.78711985688733
1700,DESOTO COUNTY,35003,253634180.4,7246.0697768762675,19301912.28,551.4359420621086,195003511.632,5571.051385081279,-62543616.971999995,58630668.768,1675.018391794989,210018000,9860400,18172500,1356600,29389500,1880400,7413635.399999999,525045,4407600,0,663.2332389046269,-430.9926472984307,1567,1750.15,6178.0295,4445.381,2739,2423,133,234332268.12,6694.633834814159,180112662,54219606.120000005,58630668.768,54219606.120000005,181119369,5174.395594663315,5145.635002714053,200813356,5737.032711481873,0.1765,7346,2093952456,0.127,2093952.456,59.82208542124961,142182687.232,4062.014319686884,146593749.88,25877680,10076320.6892928,1562060,1548.9988321001058,0,58630668.768,212.64089300299483,600,387.35910699700514
6811,E. TALLAHATCHIE,853,6445770.185295192,7556.58872836482,304387.0552951917,356.8429722100718,4894461.125295192,5737.9380132417255,-1035720.1000000003,1551309.0599999998,1818.6507151230946,5118000,252000,270000,51000,573000,0,412817.88,12795.000000000002,192000,137157.30529519153,-668.8918918918916,430.9677495571268,0,42.650000000000006,344.0149,367.643,70,36,5,6141383.13,7199.745756154748,4720395,1420988.13,1551309.0599999998,1420988.13,4785661,5610.388042203986,5533.874560375147,5262919,6169.893317702227,0.4033,320,55403895,0.431,55403.895,64.95181125439625,3711609.94,4351.242602579133,3841930.87,647247,264558.55273288,59279,1665.8711957796015,0.02679900455162007,1551309.0599999998,185.246875,600,414.753125
3111,EAST JASPER,755,5844143.168365701,7740.586977967816,206725.0983657008,273.80807730556353,4266224.512906961,5650.628493916505,-4230248.06454126,1577918.6554587395,2089.9584840513107,4530000,208800,450000,51000,709800,6000,336850.8,11325,127200,122967.36836570171,573.1626016260161,377.29483677944063,5,37.75,280.709,224.235,58,60,5,5637418.07,7466.7789006622525,4333037,1304381.07,2451217.468,1304381.07,3672371,4864.067549668875,5739.121854304636,4831041,6398.729801324504,0.3718,212,87543481,0.297,87543.481,115.95163046357617,2379823.532,3152.084148344371,3526659.9299999997,639301,230940.74366248,43920,1727.657046357616,0.027145114429514724,2451217.468,207.16981132075472,600,392.8301886792453
1211,ENTERPRISE,955,6997575,7327.303664921466,394417.9299999997,413.00306806282697,5212787.744,5458.416485863874,-1905921.244,1784787.256,1868.8871790575918,5730000,284400,600000,51000,935400,0,143250,14325,174600,0,1556.1036585365855,-1084.7641424475814,0,47.75,119.375,138.475,79,80,5,6603157.07,6914.300596858639,5075324,1527833.07,1784787.256,1527833.07,4969352,5203.509947643979,5314.475392670157,5658641,5925.278534031414,0.125,291,63742402,0.145,63742.402,66.74597068062828,3873853.744,4056.3913549738218,4130807.93,680199,272743.71950468,123212,1599.8252041884818,0,1784787.256,423.40893470790377,600,176.59106529209623
6220,FOREST SEPARATE,1645,12360285,7513.851063829788,1401150.4700000007,851.763203647416,9693404.896,5892.647353191489,-3086333.5860000006,2666880.104,1621.2037106382977,9870000,676800,442500,102000,1221300,612000,523110,24675,109200,0,809.1478599221791,90.83264844888458,510,82.25,435.925,463.88999999999993,188,59,10,10959134.53,6662.0878601823715,8423419,2535715.5300000003,2666880.104,2535715.5300000003,8395131,5103.423100303951,5120.619452887538,9391539,5709.142249240122,0.265,182,95245718,0.282,95245.718,57.90013252279635,6724658.896,4087.938538601823,6855823.47,1013349,483513.77772492,26415,1541.468407294833,0,2666880.104,145.13736263736263,600,454.8626373626374
1800,FORREST COUNTY,2129,16214245.08,7615.8971723814,1277767.0700000003,600.1724142790044,11836398.9084,5559.604935838422,-4759253.188399999,4377846.1716,2056.292236542978,12774000,990000,982500,102000,2074500,121200,867610.0800000001,31935,345000,0,482.0625,326.65878753618904,101,106.45,723.0084,536.508,275,131,10,14936478.01,7015.724758102396,11480488,3455990.01,5323374.588,3455990.01,11758426,5522.980742132457,5392.432127759512,12799963,6012.1949271958665,0.3396,575,190120521,0.252,190120.521,89.30038562705496,7476588.412,3511.7841296383276,9343972.99,1873962,631433.0326775201,233371,1623.2926303428842,0,5323374.588,405.86260869565217,600,194.13739130434783
1900,FRANKLIN COUNTY,1211,9484428.958007924,7831.898396373183,127486.84600792453,105.27402643098594,7532149.8460079245,6219.776916604397,-1490332.3180000002,1952279.112,1612.121479768786,7266000,684000,652500,102000,1438500,0,373908.3599999999,18165,180600,207255.59800792416,719.0836236933792,80.7422360880937,0,60.550000000000004,311.59029999999996,380.254,190,87,10,9356942.112,7726.624369942197,7404663,1952279.112,1952279.112,2229037.6500000004,7162297,5914.365813377374,6114.50289017341,8255695,6817.254335260116,0.2573,301,69724254,0.314,69724.254,57.5757671345995,6303415.888,5205.13285549133,6026657.35,1232123,348749.86243464,275179,1612.121479768786,0.028524029453333904,1952279.112,914.2159468438538,600,-314.21594684385377
2000,GEORGE COUNTY,4165,30618793.2,7351.450948379352,2802255.120000001,672.8103529411774,25256951.119999997,6064.093906362545,-4582610.529999999,5361842.08,1287.3570420168066,24990000,1710000,1612500,153000,3475500,66000,1204018.2,62475,820800,0,1218.3957446808508,10.399891723403925,55,208.25,1003.3485,837.1650000000001,475,215,15,27816538.08,6678.640595438174,22454696,5361842.08,5361842.08,6759573.390000001,22230598,5337.478511404562,5391.283553421368,25035457,6010.914045618248,0.2409,1368,191494360,0.201,191494.36,45.977037214885954,19673614.92,4723.557003601441,18275883.61,2616531,1193583.48423916,534023,1287.3570420168066,0,5361842.08,390.3676900584795,600,209.63230994152048
2100,GREENE COUNTY,1640,12252748.004545167,7471.187807649492,-23336.235454833135,-14.229411862703273,8944506.043317972,5453.967099584129,-3327405.608772805,3308241.9612271953,2017.220708065363,9840000,543600,502500,102000,1148100,6000,510696,24600,457800,265552.0045451664,-48.50877192982534,60.43662135758268,5,82,425.58,383.76,151,67,10,12276084.24,7485.4172195121955,9435654,2840430.24,3571711.892,2840430.24,9199826,5609.65,5753.44756097561,10520112,6414.7024390243905,0.2595,763,127561139,0.234,127561.139,77.78118231707317,6948400.108,4236.829334146341,7679681.76,1159160,484975.38268264,433484,1731.9696585365857,0.026986992331825856,3571711.892,568.1310615989515,600,31.868938401048467
7620,GREENVILLE,3542,26382931.44,7448.5972444946365,1726855.6799999997,487.5368944099382,20980424.68,5923.327125917561,-6272963.509999999,5402506.760000001,1525.2701185770752,21252000,1062000,585000,153000,1800000,15600,2671801.4400000004,53130.00000000001,590400,0,-447.41752577319585,718.4077163155359,13,177.10000000000002,2226.5012,1512.4340000000002,295,78,15,24656075.76,6961.060350084698,19253569,5402506.760000001,5402506.760000001,5795933.130000001,18699214,5279.281197063806,5435.790231507623,21466419,6060.536137775268,0.6286,984,192946670,0.4270000000000001,192946.67,54.473932806324115,16063912.239999998,4535.266019198192,15670485.87,1973598,1072265.7975342,421923,1525.2701185770752,0,5402506.760000001,428.7835365853659,600,171.21646341463412
4211,GREENWOOD-LEFLORE CONS,4030,30551834.4,7581.10034739454,3745220.289999999,929.3350595533493,22442965.128,5568.973977171216,-4078506.858000001,8108869.272,2012.126370223325,24180000,1141200,1282500,153000,2576700,152400,2843084.4,60450,739200,0,430.11729622266466,709.1715665911853,127,201.5,2369.237,1906.19,317,171,15,26806614.11,6651.765287841191,20604122,6202492.11,8108869.272,6202492.11,20329784,5044.6114143920595,5112.685359801489,22972193,5700.296029776675,0.5879,1232,289602474,0.473,289602.474,71.86165607940447,14863323.728,3688.16965955335,16769700.89,2360351,1162888.8850842,371679,1539.0799280397025,0,8108869.272,301.6875,600,298.3125
2220,GRENADA,3864,29582426.88,7655.907577639751,2045762.289999999,529.441586438923,22929447.568,5934.122041407867,-2919439.028,6652979.312,1721.785536231884,23184000,849600,3075000,336600,4261200,6000,1386866.8800000001,57960.00000000001,686400,0,1330.9602356406476,237.3050972607956,5,193.20000000000002,1155.7224,1329.216,236,410,33,27536664.59,7126.465991200828,21165254,6371410.590000001,6652979.312,6371410.590000001,22643366,5860.084368530021,5477.550207039338,23597817,6107.09549689441,0.2991,1144,237606404,0.344,237606.404,61.492340579710145,16944837.688,4385.3099606625265,17226406.41,3357478,1112608.06346152,380913,1648.9157841614908,0,6652979.312,332.96590909090907,600,267.03409090909093
2421,GULFPORT,6113,46696638.36,7638.90697857026,4619580.589999996,755.6977899558315,34530733.532,5648.737695403239,-19349389.211999997,12165904.828000002,1990.1692831670214,36678000,2077200,2940000,275400,5292600,384000,3268743.36,91695.00000000001,981600,0,576.818273092369,518.6361745924966,320,305.65000000000003,2723.9528,2005.064,577,392,27,42077057.77,6883.209188614429,32341303,9735754.77,12165904.828000002,9735754.77,32914005,5384.263863896614,5290.577948634059,36058351,5898.634222149517,0.4456,1636,434496601,0.32799999999999996,434496.601,71.07747439882219,23892446.172,3908.464938982496,26322596.229999997,4718089,1856002.90003748,560025,1592.63123998037,0,12165904.828000002,342.3135696821516,600,257.6864303178484
2300,HANCOCK COUNTY,4060,30066345.6,7405.503842364533,1082492.6000000015,266.6237931034493,21948432.288000003,5406.017804926109,-11230371.497999998,8117913.312000001,1999.4860374384239,24360000,1735200,1807500,173400,3716100,0,1143945.6,60900,785400,0,963.2040540540538,-67.7094569794649,0,203,953.288,856.6600000000001,482,241,17,28983853,7138.8800492610835,22277593,6706260,12012236.936,6706260,22007459,5420.556403940886,5487.091871921182,24838000,6117.7339901477835,0.2348,1309,429008462,0.211,429008.462,105.66710886699508,12825763.064,3159.054941871921,18131740,3003329,1208492.21282504,628698,1651.7881773399015,0,12012236.936,480.28877005347596,600,119.71122994652404
2400,HARRISON COUNTY,14355,107309963.4,7475.441546499478,10694107.620000005,744.9744075235112,78336273.282,5457.072328944619,-27592044.262,28973690.118000004,2018.3692175548592,86130000,4338000,7267500,561000,12166500,748800,6001538.4,215325,2047800,0,1387.40690892777,363.09855611787543,624,717.75,5001.282,3244.23,1205,969,55,96615855.78,6730.467138975967,74260959,22354896.78,30333828.196,22354896.78,73342961,5109.227516544758,5173.177220480668,82795914,5767.740438871473,0.3484,3413,1083351007,0.226,1083351.007,75.46854803204458,52462085.804000005,3654.6210939742255,60441017.22,9073970,4185580.12706168,966721,1557.2899184952978,0,30333828.196,283.246703779666,600,316.753296220334
1820,HATTIESBURG,3667,28386940.92,7741.189233706027,4009096.4700000025,1093.2905563130635,20722466.871600002,5651.0681406054,-15976990.961600002,7664474.048400001,2090.1210931006276,22002000,903600,1635000,295800,2834400,242400,2375335.92,55005.00000000001,877800,0,864.8995983935738,663.7642157885745,202,183.35000000000002,1979.4466,1243.1129999999998,251,218,29,24377844.45,6647.898677392964,18737319,5640525.45,10077916.016,5640525.45,18204749,4964.4802290700845,5109.713389691846,20890835,5696.982547041178,0.5398,1463,359925572,0.33899999999999997,359925.572,98.15259667302972,10812918.984,2948.7098401963462,15250309.55,2403680,1061450.09985564,680291,1538.1852877011181,0,10077916.015999999,464.99726589200276,600,135.00273410799724
1520,HAZLEHURST,1368,10324785.04888184,7547.35749187269,1494751.0988818407,1092.6543120481292,7537093.085683743,5509.570969067063,-2655000.7168019027,2787691.963198097,2037.7865228056264,8208000,169200,435000,102000,706200,164400,840827.5199999999,20520,314400,70437.52888183988,390.13043478260806,610.4917917149048,137,68.4,700.6895999999999,433.656,47,58,10,8830033.95,6454.703179824561,6786948,2043085.95,3159608.676,2043085.95,6715514,4909.001461988304,4961.2192982456145,7566985,5531.421783625731,0.5122,524,112843167,0.317,112843.167,82.4876951754386,4407376.324,3221.7663187134503,5523899.05,661335,413062.27066,132461,1493.4838815789476,0.008581570282875229,3159608.676,252.7881679389313,600,347.21183206106866
2500,HINDS COUNTY,4968,35791134.72,7204.334685990338,2314309.5299999975,465.8433031400955,26127528.345599998,5259.164320772947,-18737596.8256,9663606.374400001,1945.1703652173915,29808000,1414800,1665000,214200,3294000,88800,1798614.7200000002,74520,727200,0,582.0723270440249,197.51145566894957,74,248.4,1498.8456,1013.472,393,222,21,33476825.19,6738.491382850242,25730985,7745840.19,12272488.312,7745840.19,25479863,5128.796900161031,5179.344806763285,28688297,5774.6169484702095,0.3017,1212,438303154,0.204,438303.154,88.22527254428341,16415808.688,3304.309317230274,20942456.81,2923802,1502575.543721,0,1559.1465760869569,0,12272488.311999999,0,600,600
7611,HOLLANDALE,548,4288658.469650712,7826.019105202029,67725.40565071162,123.58650666188169,3347976.4056507116,6109.4459957129775,-911779.5360000001,940682.064,1716.5731094890511,3288000,183600,195000,51000,429600,0,480902.88,8220,12000,69935.58965071168,1142,817.7659527205326,0,27.400000000000002,400.7524,200.568,51,26,5,4220933.064,7702.432598540147,3280251,940682.064,940682.064,987459.12,3244025,5919.753649635037,5985.859489051095,3657256,6673.824817518248,0.7313,20,33595788,0.366,33595.788,61.306182481751826,2716573.936,4957.251708029196,2669796.88,335956,153181.21180896,0,1716.5731094890511,0.021269948190605747,940682.064,0,600,600
4720,HOLLY SPRINGS,1025,7901175,7708.463414634146,596418.5899999999,581.8717951219505,5767857.75,5627.178292682926,-3100414.74,2133317.25,2081.2851219512195,6150000,460800,412500,102000,975300,26400,528900,15375,205200,0,-10.797927461139807,486.3376169100851,22,51.25,440.75,337.22499999999997,128,55,10,7304756.41,7126.591619512195,5614588,1690168.41,2606961.5039999997,1690168.41,5870114,5726.940487804878,5477.646829268293,6259883,6107.202926829268,0.43,342,93105768,0.32899999999999996,93105.768,90.83489560975607,3652921.496,3563.825849756098,4569714.59,977384,314546.69534688,162627,1648.9447902439026,0,2606961.5039999997,475.5175438596491,600,124.4824561403509
2611,HOLMES CONSOL,2544,19405175.57719652,7627.820588520644,2084492.721196521,819.3760696527206,15856347.72119652,6232.841085375991,-3060821.044,3548827.856,1394.9795031446542,15264000,756000,735000,102000,1593000,6000,1727274.24,38160,526800,249941.33719652158,921.9748427672957,691.8634452126005,5,127.2,1439.3952,1101.552,210,98,10,17320682.856,6808.444518867924,13771855,3548827.856,3548827.856,4145763.87,13537544,5321.361635220126,5413.465015723271,15354681,6035.645047169812,0.5658,878,126743852,0.433,126743.852,49.820696540880505,11805853.144,4640.665544025157,11208917.13,1299812,731409.31790552,344157,1394.9795031446542,0.016374563495579243,3548827.856,391.9783599088838,600,208.02164009111618
2700,HUMPHREYS COUNTY,1207,9789436.31512253,8110.552042355037,178400.8751225304,147.80519894161534,7372837.7391225295,6108.399121062576,-849748.7239999995,2416598.5760000004,2002.1529212924609,7242000,482400,435000,153000,1070400,0,921037.5599999999,18105,384600,153293.75512252958,792.1835748792273,721.2456574485497,0,60.35,767.5313,522.631,134,58,15,9611035.44,7962.746843413422,7387242,2223793.44,2416598.5760000004,2223793.44,7296613,6045.246893123446,6120.333057166528,8236272,6823.754763877382,0.6359,641,86307092,0.433,86307.092,71.50546147473074,5819673.424,4821.601842584921,6012478.5600000005,906418,367458.94291916,234793,1842.413786246893,0.02116732327016426,2416598.5760000004,366.29173166926677,600,233.70826833073323
2900,ITAWAMBA COUNTY,3375,25888980,7670.808888888889,941138.4519999996,278.8558376296296,21262845.452,6300.102356148148,-2964480.302,4626134.5479999995,1370.7065327407406,20250000,1130400,2970000,153000,4253400,26400,725355,50625,583200,0,2135.5696551724136,-439.95495469015873,22,168.75,604.4625,536.625,314,396,15,24947841.548,7391.953051259259,20321707,4626134.5479999995,4626134.5479999995,6117476.4,19941628,5908.630518518518,6021.246518518518,22657320,6713.28,0.1791,972,165219091,0.159,165219.091,48.953804740740736,18031185.452,5342.573467259259,16539843.6,2705112,991291.2717994,431103,1370.7065327407406,0,4626134.5479999995,443.5216049382716,600,156.4783950617284
3000,JACKSON COUNTY,8906,63297417.36,7107.277942959802,4349334.75,488.3600662474737,46612851.644,5233.870609027622,-22367982.174000002,16684565.715999998,1873.4073339321803,53436000,2775600,3382500,469200,6627300,228000,1697127.3599999999,133590,1175400,0,1376.7736593059935,-623.7125476578492,190,445.3,1414.2728,1353.712,771,451,46,58948082.61,6618.9178767123285,45308724,13639358.61,16684565.715999998,13639358.61,44651755,5013.671120592859,5087.438131596677,50516143,5672.147204132046,0.1588,1959,595877347,0.152,595877.347,66.90740478329215,33831577.284,3798.7398701998654,36876784.39,4881551,2579227.0511712,675496,1531.4797451156526,0,16684565.715999998,344.8167432363451,600,255.18325676365492
2520,JACKSON PUBLIC,18710,140320568.4,7499.763142704436,15606965.010000005,834.1509893105294,104931690.512,5608.321245964725,-61539065.721999995,35388877.888000004,1891.4418967397116,112260000,3985200,7710000,448800,12144000,498000,12106118.4,280650,3031800,0,545.4277191372184,639.3579233452731,415,935.5,10088.432,7502.71,1107,1028,44,124713603.39,6665.612153393907,95857473,28856130.39,35388877.888000004,28856130.39,97624406,5217.766221272047,5123.328327097809,106874557,5712.162319615179,0.5392,5053,1263888496,0.401,1263888.496,67.55149631213256,71485679.11199999,3820.720422875467,78018426.61,10955513,5655999.46667,1437620,1542.2838262960984,0,35388877.888000004,284.50821294280627,600,315.49178705719373
3300,JEFF DAVIS COUNTY,1235,9571700.149775082,7750.364493745006,313799.9197750818,254.08900386646383,6987341.10933581,5657.766080433854,-3256764.4995607277,2584359.0404392723,2092.5984133111515,7410000,514800,510000,102000,1126800,6000,559158.6,18525,304800,146416.54977508195,974.0090497737556,397.60191317906583,5,61.75,465.9655,459.4200000000001,143,68,10,9257900.23,7496.275489878542,7115815,2142085.23,2990386.364,2142085.23,6801130,5506.987854251012,5761.793522267207,7933649,6424.007287449393,0.3773,508,106799513,0.37200000000000005,106799.513,86.47733846153847,4943262.636,4002.641810526315,5791563.77,911544,373889.82572456,250985,1734.481967611336,0.0197593184581757,2990386.364,494.06496062992125,600,105.93503937007875
3200,JEFFERSON COUNTY,1063,8186151.388086138,7700.989076280469,591826.216086138,556.7509088298575,6667658.216086138,6272.491266308691,-1745531.158,1518493.172,1428.497809971778,6378000,302400,367500,51000,720900,0,647622.12,15945.000000000002,235200,188484.26808613824,438.81159420289896,638.2899681799627,0,53.150000000000006,539.6851,456.027,84,49,5,7594325.172,7144.238167450611,6075832,1518493.172,1518493.172,1829017.53,5866334,5518.658513640639,5715.740357478833,6774139,6372.661335841956,0.5077,392,54231899,0.429,54231.899,51.0177789275635,5255645.828,4944.163525870178,4945121.47,660344,303146.53469380003,176238,1428.497809971778,0.02955225275731236,1518493.172,449.58673469387753,600,150.41326530612247
3400,JONES COUNTY,8524,64354033.92,7549.745884561239,4913281.452,576.4056137963398,53668226.452,6296.131681370249,-13726026.501999998,10685807.468,1253.61420319099,51144000,3114000,4665000,999600,8778600,704400,2412973.92,127860.00000000001,1186200,0,1325.2018927444797,-41.682724247184524,587,426.20000000000005,2010.8116,1755.9440000000002,865,622,98,59440752.468,6973.340270764899,48754945,10685807.468,10685807.468,14676780.15,49078756,5757.714218676678,5719.726067573909,54358445,6377.105232285312,0.2359,1977,381635981,0.206,381635.981,44.77193582824965,43672637.532,5123.491029094322,39681664.85,6678155,2496790.02543584,718492,1253.61420319099,0,10685807.468,363.42539200809307,600,236.57460799190693
3500,KEMPER COUNTY,884,6938208.305514169,7848.651929314671,142524.7455141684,161.227087685711,5064892.063025343,5729.51590839971,-6111386.307511174,1873316.2424888257,2119.136020914961,5304000,241200,412500,51000,704700,0,520852.8,13260,191400,203995.50551416937,334.24409448818915,583.745052003207,0,44.2,434.044,335.92,67,55,5,6795683.5600000005,7687.42484162896,5223304,1572379.56,9677971.52,1572379.56,5063006,5727.382352941177,5908.714932126697,5823628,6587.814479638009,0.491,319,345641840,0.38,345641.84,390.997556561086,-3854343.5200000014,-4360.117104072399,4251248.4399999995,662251,267481.76264832,212390,1778.7099095022625,0.03846069108487356,9677971.520000001,665.7993730407524,600,-65.79937304075236
0420,KOSCIUSKO,2123,16046929.32,7558.610136599153,1431403.3959999997,674.2361733396147,12993654.396000002,6120.421288742346,-2770162.636,3053274.9239999996,1438.1888478568062,12738000,799200,1177500,102000,2078700,31200,823384.32,31845,343800,0,789.5938303341909,263.5603903196601,26,106.15,686.1536,639.023,222,157,10,14615525.924,6884.373963259538,11562251,3053274.9239999996,3053274.9239999996,3480603.2100000004,11686571,5504.743758831842,5446.185115402732,12891123,6072.125765426284,0.3232,573,109045533,0.301,109045.533,51.36388742345737,9837848.076,4633.936917569477,9410519.79,1771548,642541.40936476,37629,1438.1888478568062,0,3053274.9239999996,65.67015706806282,600,534.3298429319372
3600,LAFAYETTE COUNTY,2872,21267605.76,7405.155208913649,1745824.080000002,607.877465181059,16280961.328000002,5668.858401114207,-7457845.898,4986644.432,1736.2968077994428,17232000,1238400,1395000,234600,2868000,46800,554525.7599999999,43080,523200,0,1779.9095840868,-556.1115935172286,39,143.6,462.1047999999999,450.904,344,186,23,19521781.68,6797.27774373259,15004848,4516933.680000001,4986644.432,4516933.680000001,14682761,5112.381963788301,5224.529247910864,16729384,5824.994428969359,0.1609,872,178094444,0.157,178094.444,62.01060027855153,11742739.568,4088.6976211699166,12212450.32,1883710,811507.5966999601,343697,1572.7484958217271,0,4986644.432,394.1479357798165,600,205.85206422018348
3700,LAMAR COUNTY,10276,76484743.2,7443.046243674582,7092150.570000008,690.166462631375,58027952.344000004,5646.939698715454,-19856991.854000002,18456790.856,1796.1065449591279,61656000,4089600,5640000,438600,10168200,400800,2293603.2,154140.00000000003,1812000,0,1369.8213360952873,-379.1605594747966,334,513.8000000000001,1911.336,1716.092,1136,752,43,69392592.63,6752.879781043207,53336592,16056000.63,18456790.856,16056000.63,57470339,5592.676041261191,5190.404048267808,59466669,5786.947158427403,0.186,3020,659171102,0.16699999999999998,659171.102,64.14666231996885,41009878.144,3990.840613468276,43410668.37,7523075,3018306.42710432,905221,1562.4757327753991,0,18456790.856,299.7420529801324,600,300.2579470198676
3800,LAUDERDALE COUNTY,5910,43571170.8,7372.448527918781,1720256.447999999,291.0755411167511,34217264.448,5789.723256852792,-8436433.047999999,9353906.352,1582.7252710659898,35460000,1681200,2842500,428400,4952100,115200,1790020.8,88650,1165200,0,1307.8603603603606,49.04968487022711,96,295.5,1491.684,1093.35,467,379,42,41850914.352,7081.37298680203,32497008,9353906.352,9353906.352,9782627.04,32009830,5416.21489001692,5498.6477157360405,36231952,6130.617935702199,0.2524,1942,334068084,0.185,334068.084,56.52590253807106,26878045.648,4547.89266463621,26449324.96,3790720,1716854.16987404,890464,1582.7252710659898,0,9353906.352,458.529351184346,600,141.470648815654
3420,LAUREL,2712,20873499.84,7696.718230088495,3490997.9499999993,1287.241132005899,15237654.8832,5618.6043079646015,-9019405.743199999,5635844.956800001,2078.113922123894,16272000,781200,1440000,306000,2527200,232800,1549419.8400000003,40680,251400,0,1764.2687927107063,566.0668466545104,194,135.6,1291.1832000000002,911.232,217,192,30,17382501.89,6409.477098082596,13360553,4021948.89,6061171.2,4021948.89,15119073,5574.879424778761,4926.457595870206,14896107,5492.6648230088495,0.4761,419,216470400,0.336,216470.4,79.81946902654867,8834935.8,3257.719690265487,10874158.11,1752686,818523.83752272,182120,1483.0195022123894,0,6061171.2,434.65393794749406,600,165.34606205250594
3900,LAWRENCE COUNTY,1696,12908845.333257493,7611.347484232012,373789.5332574919,220.39477196786083,9439207.273257492,5565.570326213144,-3904829.89,3469638.06,2045.777158018868,10176000,705600,652500,204000,1562100,20400,668359.68,25440.000000000004,348600,107945.65325749264,1040.8118811881186,270.99554694143126,17,84.80000000000001,556.9664,435.872,196,87,20,12535055.8,7390.952712264151,9634705,2900350.8000000003,3469638.06,2900350.8000000003,9340471,5507.353183962264,5680.840212264151,10742040,6333.75,0.3284,581,123915645,0.257,123915.645,73.06346992924529,7272401.94,4287.972841981132,7841689.199999999,1246734,517424.265804,300491,1710.1125000000002,0.010607866868857374,3469638.06,517.1962134251291,600,82.80378657487086
4000,LEAKE COUNTY,2532,19508907.20511278,7704.939654467923,990938.1611127816,391.36578243000804,15777737.161112782,6231.333791908682,-1676157.366,3731170.044,1473.6058625592418,15192000,860400,1485000,132600,2478000,327600,951930.7200000001,37980,421800,99596.48511278415,680.2288888888888,250.349856576756,273,126.60000000000001,793.2756,731.7479999999999,239,198,13,18517969.044,7313.573872037915,14786799,3731170.044,3731170.044,4451293.98,14271744,5636.549763033176,5839.968009478673,16486274,6511.166666666667,0.3133,703,133256073,0.289,133256.073,52.62878080568721,12755103.956,5037.560804107425,12034980.02,2171897,753334.28731416,330948,1473.6058625592418,0.006555850784148509,3731170.044,470.7652916073969,600,129.23470839260312
4100,LEE COUNTY,6303,45783390.6,7263.745930509282,1320372.175999999,209.4831312073611,35502192.176,5632.586415357766,-13544615.426,10281198.424,1631.1595151515153,37818000,2358000,2325000,214200,4897200,150000,1860645.6,94545.00000000001,963000,0,1233.2423935091274,21.470761235932287,125,315.15000000000003,1550.538,1235.388,655,310,21,44463018.424,7054.2627993019205,34181820,10281198.424,10281198.424,10289808.54,33279992,5280.024115500555,5423.103284150405,38110402,6046.39092495637,0.246,1605,367185658,0.196,367185.658,58.25569696969697,27829203.576,4415.231409804855,27820593.46,3681223,1827354.36881476,540267,1631.1595151515153,0,10281198.424,336.614953271028,600,263.385046728972
7612,LELAND,700,5431104.312427175,7758.720446324536,519025.4624271756,741.4649463245369,3964706.1480718376,5663.865925816911,-2428239.9556446625,1466398.1643553374,2094.854520507625,4200000,244800,225000,51000,520800,0,495264.00000000006,10500,148800,55740.31242717496,1138.4466019417478,723.3124839659818,0,35,412.72,213.5,68,30,5,4912078.85,7017.255499999999,3775526,1136552.85,1821726.508,1136552.85,3691126,5273.0371428571425,5393.608571428572,4209455,6013.507142857143,0.5896,248,65061661,0.305,65061.661,92.94523,2387728.492,3411.040702857143,3072902.15,403540,196738.47161756,139560,1623.6469285714288,0.013271502958851182,1821726.508,562.741935483871,600,37.258064516129025
4300,LINCOLN COUNTY,2795,20403967.2,7300.167155635062,463862.5480000004,165.96155563506272,17085762.548,6112.974077996422,-2800637.287999999,3318204.652,1187.1930776386403,16770000,1108800,930000,153000,2191800,14400,785842.2000000001,41925,600000,0,1310.7091722595078,-44.994909052122694,12,139.75,654.8685,570.18,308,124,15,19940104.652,7134.205599999999,16621900,3318204.652,3318204.652,5003717.49,16291711,5828.876923076923,5947.0125223613595,18532287,6630.514132379249,0.2343,1000,118507309,0.204,118507.309,42.39975277280858,15214082.348,5443.321054740609,13528569.51,1605913,815307.9485986,325768,1187.1930776386405,0,3318204.652,325.768,600,274.232
2422,LONG BEACH,2929,21727427.16,7418.03590303858,539144.6160000004,184.0712243086382,17476027.616,5966.550910208262,-5896527.946,4251399.544,1451.4849928303174,17574000,1000800,1657500,193800,2852100,57600,805592.1599999999,43935.00000000001,394200,0,927.6119691119693,-69.33953268828236,48,146.45000000000002,671.3267999999999,500.859,278,221,19,21188282.544,7233.964678729942,16936883,4251399.544,4251399.544,5098537.17,17060468,5824.6732673267325,5782.479685899624,18883471,6447.071013997952,0.2292,657,151835698,0.171,151835.698,51.838749743939914,14632071.456,4995.5860211676345,13784933.83,2371597,852141.64659312,222298,1451.4849928303174,0,4251399.544,338.3531202435312,600,261.6468797564688
8020,LOUISVILLE,2523,18447942.250539493,7311.907352572133,360023.580539491,142.69662328160575,13894778.362539493,5507.244693832537,-4153727.772,4553163.888,1804.6626587395958,15138000,709200,607500,102000,1418700,6000,1144735.56,37845,574800,127861.69053949435,-138.35069444444434,395.58797605605287,5,126.15,953.9463,756.9,197,81,10,18087918.67,7169.2107292905275,13902751,4185167.67,4553163.888,4185167.67,13490290,5346.9242964724535,5510.404676971859,15500621,6143.726119698771,0.3781,958,162612996,0.3,162612.996,64.45223781212843,10947457.112,4339.063460959175,11315453.33,1458545,767365.87391684,483678,1658.8060523186684,0.008446405769553068,4553163.888,504.8830897703549,600,95.1169102296451
4400,LOWNDES COUNTY,5261,38706985.68,7357.343790153963,2455692.6000000015,466.7729709180767,28256099.5464,5370.860966812393,-22055790.5664,10450886.1336,1986.48282334157,31566000,1933200,2362500,306000,4601700,34800,1482970.68,78915,942600,0,1224.4705215419503,-54.89490924643769,29,263.05,1235.8089,957.502,537,315,30,36251293.08,6890.570819235886,27863499,8387794.080000001,14721070.056,8387794.080000001,27400597,5208.248812012926,5296.236266869417,31065904,5904.942786542482,0.2349,1571,525752502,0.182,525752.502,99.9339482988025,16344833.944,3106.792234176012,22678109.92,3521717,1550810.29741144,514790,1594.3345523664705,0,14721070.056,327.6830044557607,600,272.3169955442393
4500,MADISON COUNTY,13162,94457113.2,7176.501534721167,7332431.540000007,557.0909846527893,68953692.636,5238.846120346452,-55910629.405999996,25503420.564000003,1937.6554143747153,78972000,2923200,5925000,765000,9613200,718800,2021683.2000000002,197430,2934000,0,1596.056052474658,-1061.2707471110489,599,658.1,1684.736,1329.362,812,790,75,87124681.66,6619.410550068378,66965845,20158836.66,43065030.428,20158836.66,65947698,5010.461783923416,5087.8168211518005,74662358,5672.569366357697,0.128,4890,1538036801,0.101,1538036.801,116.8543383224434,31597327.571999997,2400.647893329281,54503521.34,6936614,3809644.23340488,1200043,1531.593728916578,0,43065030.428,245.4075664621677,600,354.59243353783233
4600,MARION COUNTY,1904,14396233.19071985,7561.046843865468,-150757.98928014934,-79.17961621856557,11559933.01071985,6071.393387983115,-2799582.5200000005,2836300.1799999997,1489.6534558823528,11424000,860400,720000,51000,1631400,6000,737761.92,28560,454200,114311.27071984978,838.4058823529408,276.60440794773467,5,95.2,614.8016,521.6959999999999,239,96,5,14546991.18,7640.2264600840335,11710691,2836300.1799999997,2836300.1799999997,3525288.2100000004,11385341,5979.695903361345,6150.57300420168,13056623,6857.47006302521,0.3229,757,101296435,0.27399999999999997,101296.435,53.20190913865546,10220322.82,5367.816607142858,9531334.79,1346342,567705.08742668,483338,1489.6534558823528,0.01000623868346024,2836300.1799999997,638.4914134742404,600,-38.4914134742404
4700,MARSHALL COUNTY,2777,20482020.84,7375.592668347137,1553379.3500000015,559.3731904933375,14951875.2132,5384.18264789341,-4927152.163199998,5530145.626800001,1991.4100204537274,16662000,727200,967500,244800,1939500,278400,955065.8400000001,41655,605400,0,611.1408450704221,186.9863130982468,232,138.85,795.8882000000001,772.0060000000001,202,129,24,18928641.49,6816.2194778538,14548948,4379693.49,9647182.244,4379693.49,13925285,5014.506661865323,5239.088224702917,16221087,5841.226863521786,0.2866,1009,344542223,0.278,344542.223,124.06993986316168,6573904.756000001,2367.2685473532592,11841393.51,1722545,806245.6398436,195664,1577.1312531508822,0,9647182.243999999,193.9187314172448,600,406.08126858275523
5720,MCCOMB,2140,16157359.2,7550.167850467289,1288663.6799999997,602.1792897196256,12184167.236,5693.536091588785,-4561713.336000001,3973191.9639999997,1856.6317588785046,12840000,518400,922500,51000,1491900,50400,1314559.2,32100,428400,0,-762.2867647058829,601.7120841556014,42,107,1095.466,796.0800000000002,144,123,5,14868695.52,6947.9885607476635,11428389,3440306.52,3973191.964,3440306.52,11284482,5273.1224299065425,5340.368691588785,12741876,5954.147663551402,0.5119,714,141899713,0.37200000000000005,141899.713,66.30827710280373,8768684.036,4097.515904672898,9301569.48,1699242,655404.0700184,396130,1607.6198691588786,0,3973191.9639999997,554.8039215686274,600,45.1960784313726
3820,MERIDIAN,4614,35958246.72,7793.29144343303,6311319.16,1367.8628435197215,26249520.1056,5689.102753706112,-12729454.175599998,9708726.614400001,2104.1886897269183,27684000,766800,2827500,489600,4083900,88800,3338136.72,69210,694200,0,1695.0877742946705,699.9945273223921,74,230.70000000000002,2781.7806,1674.882,213,377,48,29646927.56,6425.428599913308,22787246,6859681.5600000005,10295364.352,6859681.5600000005,23010848,4987.179887299523,4938.718248807976,25406228,5506.334633723451,0.6029,1157,367691584,0.363,367691.584,79.6904169917642,15110863.648,3275.002957954053,18546546.44,3002434,1390905.5237884,469928,1486.7103511053317,0,10295364.352,406.1607605877269,600,193.83923941227312
4800,MONROE COUNTY,2119,15710045.28,7413.895837659273,-245537.1000000015,-115.8740443605484,11986865.428,5656.850131193959,-1857001.568,3723179.852,1757.0457064653137,12714000,946800,982500,153000,2082300,6000,368960.28,31785,507000,0,685.3569682151583,-831.794221958331,5,105.95,307.4669,326.326,263,131,15,15955582.38,7529.769882019821,12263793,3691789.38,3723179.852,3691789.38,12254150,5782.987258140633,5787.537989617745,13673294,6452.710712600283,0.1451,845,132970709,0.154,132970.709,62.75163237376121,9950114.148,4695.665006134969,9981504.62,1801989,624709.47086344,515714,1742.2318924020767,0,3723179.852,610.312426035503,600,-10.312426035502995
3020,MOSS POINT,1569,12258984.6,7813.247036328871,-1290516.7300000004,-822.5090694710007,8949058.758,5703.6703365200765,-6507343.077999998,3309925.842,2109.5766998087956,9414000,460800,840000,51000,1351800,84000,1001649.6000000001,23535,384000,0,280.34693877550944,647.0056495010471,70,78.45,834.7080000000001,465.993,128,112,5,13549501.33,8635.756105799872,10414429,3135072.33,4780407.772,3135072.33,10544373,6720.441682600383,6637.622052262587,11611379,7400.496494582537,0.532,640,170728849,0.297,170728.849,108.81379796048438,6830971.228,4353.710151688974,8476306.67,1283115,461588.80831628,330910,1998.134053537285,0,4780407.772,517.046875,600,82.953125
0617,N. BOLIVAR CONS,780,6102556.62986686,7823.790551111359,-729196.75013314,-934.8676283758214,5085902.24986686,6520.387499829308,-1253221.83,1016654.38,1303.4030512820514,4680000,259200,270000,51000,580200,6000,561880.7999999999,11700,205800,56975.829866859705,1127.5486725663714,673.69491488683,5,39,468.234,471.9,72,36,5,6831753.38,8758.65817948718,5815099,1016654.38,1016654.38,1750528.53,5777924,7407.594871794872,7455.255128205128,6483439,8312.101282051282,0.6003,343,36309085,0.605,36309.085,46.55010897435897,5466784.62,7008.698230769231,4732910.47,452787,246433.93522288,232073,1303.4030512820514,0.012174322621123869,1016654.38,676.5976676384839,600,-76.59766763848393
7011,N. TIPPAH,1286,9648553.68,7502.763359253499,602377.7960000001,468.41197200622173,8315876.796,6466.467181959564,-1953051.846,1332676.884,1036.2961772939348,7716000,867600,487500,51000,1406100,0,273763.68,19290,233400,0,1643.2508038585206,-458.10734542019577,0,64.3,228.1364,330.502,241,65,5,9046175.884,7034.351387247278,7713499,1332676.884,1332676.884,2322007.02,7718495,6001.940124416797,5998.055209953343,8600026,6687.4230171073095,0.1774,389,47595603,0.257,47595.603,37.01057776049767,7267349.116,5651.126839813375,6278018.98,895049,378274.64059772,59502,1036.2961772939348,0,1332676.884,152.96143958868893,600,447.0385604113111
0130,"NATCHEZ-ADAMS",2842,21953856.72,7724.791245601688,1816645.3099999987,639.2136910626314,16026315.405599998,5639.097609289232,-8833807.375599999,5927541.3144000005,2085.693636312456,17052000,1141200,1410000,153000,2704200,15600,1609026.7200000002,42630,530400,0,846.3519230769225,583.228377982536,13,142.1,1340.8556,1008.91,317,188,15,20137211.41,7085.577554539057,15477880,4659331.41,8975601.04,4659331.41,14958555,5263.390218156228,5446.122448979592,17256783,6072.055946516538,0.4718,884,320557180,0.355,320557.18,112.79281491907108,8281181.960000001,2913.857128782548,12597451.59,2264097,827001.6833031999,271731,1639.4551055594652,0,8975601.04,307.38800904977376,600,292.61199095022624
5000,NESHOBA COUNTY,3038,22772181.12,7495.780487162608,-839977.1199999973,-276.49016458196184,19273543.880000003,6344.155325872285,-2346520.58,3498637.24,1151.6251612903227,18228000,1414800,1065000,214200,2694000,6000,1030611.1200000001,45570,768000,0,123.0665467625895,147.8953545065417,5,151.9,858.8426000000001,853.6780000000001,393,142,21,23612158.24,7772.2706517445695,20113521,3498637.24,3498637.24,6054805.890000001,19744138,6499.057932850559,6620.645490454246,22425207,7381.569124423963,0.2827,1280,124951330,0.281,124951.33,41.12947004608295,18926569.76,6229.94396313364,16370401.11,2625575,903592.28920768,304320,1151.6251612903227,0,3498637.24,237.75,600,362.25
4111,NETTLETON,1112,8245429.44,7414.954532374101,362456.5720000006,325.95015467625944,6990384.572000001,6286.3170611510795,-1236921.402,1255044.868,1128.6374712230215,6672000,457200,435000,51000,943200,13200,353749.44,16680,246600,0,1089.5263157894733,47.701173984705065,11,55.6,294.7912,246.864,127,58,5,7882972.868,7089.004377697842,6627928,1255044.868,1255044.868,1995215.76,6901220,6206.13309352518,5960.36690647482,7389688,6645.402877697842,0.2651,411,44823031,0.222,44823.031,40.30848111510792,6134643.132,5516.76540647482,5394472.24,736190,339687.55367964,96437,1128.6374712230215,0,1255044.868,234.63990267639903,600,365.36009732360094
7320,NEW ALBANY,2114,15848959.68,7497.14270577105,845379.7080000006,399.8957937559135,12842851.708,6075.142719016084,-5082009.258,3006107.972,1421.9999867549668,12684000,918000,922500,51000,1891500,228000,558349.6799999998,31710,455400,0,538.1253263707576,-127.54061227153625,190,105.7,465.2913999999999,475.65,255,123,5,15003579.972,7097.246912015136,11997472,3006107.972,3006107.972,3611618.28,12210763,5776.141438032167,5675.24692526017,13376364,6327.513718070009,0.2201,759,107360999,0.225,107360.999,50.785713812677386,10370256.028,4905.513731315043,9764745.72,1685398,617693.23004068,414684,1421.9999867549668,0,3006107.972,546.3557312252965,600,53.644268774703505
5100,NEWTON COUNTY,1688,12399903.305433534,7345.914280470103,162818.92543353327,96.45670938005514,10337392.925433533,6124.047941607543,-2439407.2199999997,2062510.3800000001,1221.8663388625594,10128000,403200,952500,102000,1457700,0,395802.24,25320,309000,84081.06543353334,748.5341365461845,-309.35389350887954,0,84.4,329.8352,396.6799999999999,112,127,10,12237084.38,7249.457571090048,10174574,2062510.38,2062510.38,3062868.39,10087533,5976.0266587677725,6027.591232227488,11343957,6720.353672985782,0.1954,515,73661085,0.235,73661.085,43.638083530805694,9281446.62,5498.487334123222,8281088.609999999,1271315,497838.04333628,194110,1221.8663388625594,0.008301842953547921,2062510.3800000001,376.9126213592233,600,223.0873786407767
5130,NEWTON MUNICIPAL,816,6316656,7741,280826.71999999974,344.15039215686284,4611158.88,5650.93,-1841807.33,1705497.12,2090.07,4896000,248400,450000,153000,851400,0,408816,12240.000000000002,148200,0,1403.0069444444443,478.3566037091699,0,40.800000000000004,340.68,283.15200000000004,69,60,15,6035829.28,7396.849607843137,4639264,1396565.28,2037048.356,1396565.28,4758267,5831.20955882353,5685.3725490196075,5172464,6338.803921568628,0.4175,247,72751727,0.34700000000000003,72751.727,89.15652818627451,3135415.6440000003,3842.4211323529416,3775898.72,649367,245849.47224836,167684,1711.4770588235294,0,2037048.356,678.8825910931174,600,-78.88259109311741
5411,NORTH PANOLA,1219,9356336.681602644,7675.4197552113565,1024103.381602644,840.1176223155408,6901199.885602644,5661.36167809897,-2215172.614,2455136.796,2014.0580771123873,7314000,324000,570000,51000,945000,6000,725402.52,18285,280800,66849.16160264376,276.44444444444434,594.0647651558531,5,60.95,604.5021,498.571,90,76,5,8332233.3,6835.302132895816,6404328,1927905.3,2455136.796,1927905.3,6466593,5304.834290401969,5253.755537325676,7140390,5857.579983593109,0.4959,468,87683457,0.409,87683.457,71.93064561115668,4685253.204,3843.521906480722,5212484.7,897728,366289.12192728,287541,1581.5465955701395,0.009139890839847382,2455136.796,614.4038461538462,600,-14.403846153846189
5711,NORTH PIKE,2245,16716371.4,7446.0451670378625,646656.1799999997,288.0428418708243,14347813.18,6391.0080979955455,-3204633.82,2368558.22,1055.0370690423163,13470000,1015200,855000,102000,1972200,0,863696.3999999999,33675,376800,0,540.0492610837437,298.73815631837294,0,112.25,719.747,594.9250000000001,282,114,10,16069715.22,7158.002325167038,13701157,2368558.22,2368558.22,4124481.39,13545933,6033.823162583519,6102.965256124721,15275857,6804.390645879733,0.3206,628,84591365,0.265,84591.365,37.67989532293987,12907298.78,5749.353576837416,11151375.61,1752940,648680.50820432,289277,1055.0370690423165,0,2368558.22,460.63216560509557,600,139.36783439490443
5200,NOXUBEE COUNTY,1397,10980487.768258587,7860.048509848666,782800.2042585872,560.3437396267627,8731278.204258587,6250.02018916148,-1981645.296,2249209.5640000002,1610.028320687187,8382000,298800,645000,153000,1096800,32400,936101.76,20955.000000000004,261600,250631.00825858713,479.070652173913,678.7343788077911,27,69.85000000000001,780.0848,544.83,83,86,15,10197687.564,7299.704770221903,7948478,2249209.564,2249209.564,2392743.24,7611610,5448.5397279885465,5689.676449534717,8862012,6343.602004294918,0.5584,436,80328913,0.39,80328.913,57.50101145311382,6612802.436,4733.57368360773,6469268.76,1008651,406631.3878546,178319,1610.028320687187,0.029901098575350407,2249209.5640000002,408.98853211009174,600,191.01146788990826
3021,OCEAN SPRINGS,5861,42723285.72,7289.419163965194,1727781.9099999964,294.79302337485024,33167333.663999997,5658.988852414263,-12498547.314000001,9555952.056,1630.43031155093,35166000,1976400,2835000,571200,5382600,127200,841170.72,87915,1118400,0,1638.210579857579,-1262.9972021901476,106,293.05,700.9756,650.571,549,378,56,40995503.81,6994.626140590343,31509998,9485505.81,9555952.056,9485505.81,32652796,5571.198771540693,5376.215321617471,35131503,5994.114144343968,0.1196,1864,341284002,0.111,341284.002,58.229653983961775,25575550.944,4363.683832793038,25645997.19,3772239,1726500.94160356,666214,1618.4108189728715,0,9555952.056,357.4109442060086,600,242.5890557939914
0921,OKOLONA,511,4038918.4719139934,7903.950042884527,-172829.74408600666,-338.2186772720297,3252511.2559139933,6364.992673021514,-1001834.074,786407.216,1538.9573698630138,3066000,190800,307500,51000,549300,0,261223.2,7665,135600,19130.271913992987,1268.1111111111104,500.34972471468075,0,25.55,217.686,160.965,53,41,5,4211748.216,8242.168720156556,3425341,786407.216,786407.216,1031135.94,3344631,6545.26614481409,6703.211350293542,3819022,7473.624266144814,0.426,226,28085972,0.315,28085.972,54.96276320939335,3032614.784,5934.6668962818,2787886.06,423757,152304.06982576,245521,1538.9573698630138,0.006239488556423023,786407.216,1086.3761061946902,600,-486.37610619469024
3620,OXFORD,4766,34258583.519999996,7188.120755350398,4697299.069999997,985.585201426773,25008765.969599996,5247.32815140579,-29512770.009600002,9249817.5504,1940.7926039446077,28596000,1663200,1432500,244800,3340500,451200,989993.52,71490,809400,0,1644.985228951255,-475.6819657374242,376,238.3,824.9946,729.198,462,191,24,29561284.45,6202.535553923625,22721419,6839865.45,17257134.832,6839865.45,22805461,4785.031682752832,4767.398027696181,25332835,5315.324171212757,0.1731,1349,616326244,0.153,616326.244,129.31729836340745,8075700.168000001,1694.439817037348,18492969.55,2226845,1382428.57305076,478640,1435.1375262274444,0,17257134.832,354.81097108969607,600,245.18902891030393
3022,PASCAGOULA,6565,49191018.6,7492.919817212491,4749361.740000002,723.4366702208681,35909443.578,5469.831466565119,-38954827.848,13281575.022000002,2023.0883506473726,39390000,1652400,2865000,561000,5078400,729600,2806143.6,98475,1088400,0,869.9464285714284,377.05921856451255,608,328.25,2338.453,1700.335,459,382,55,44441656.86,6769.483146991623,34158783,10282873.86,28618271.808,10282873.86,33383043,5085.002741812643,5203.165727341965,38084718,5801.175628332064,0.3562,1814,1022081136,0.259,1022081.136,155.68638781416604,9466446.191999998,1441.9567695354149,27801844.14,4298928,1924408.33917016,972749,1566.3174196496575,0,28618271.808000002,536.2453142227122,600,63.75468577728782
2423,PASS CHRISTIAN,1944,14593914.24,7507.157530864198,1720626.67,885.0960236625515,10653557.3952,5480.224997530864,-8881452.025199998,3940356.8448000005,2026.9325333333336,11664000,493200,1185000,163200,1841400,25200,637554.24,29160,396600,0,2237.2282958199357,111.66153742890947,21,97.2,531.2952,359.64,137,158,16,12873287.57,6622.061507201646,9894677,2978610.5700000003,6409989.712,2978610.5700000003,9716282,4998.0874485596705,5089.854423868313,11031891,5674.841049382716,0.2733,661,228928204,0.185,228928.204,117.7614218106996,4621901.288,2377.5212386831276,8053280.43,1145622,578229.0011394001,59475,1532.2070833333337,0,6409989.712,89.97730711043873,600,510.02269288956126
6120,PEARL,4216,31141267.68,7386.448690702087,2112853.1900000013,501.151136148007,24379456.008,5782.603417457306,-9156341.697999999,6761811.672,1603.8452732447818,25296000,1573200,1927500,102000,3602700,222000,1241527.68,63240,715800,0,895.251420454546,49.73172763443176,185,210.8,1034.6064,851.632,437,257,10,29028414.49,6885.29755455408,22311844,6716570.49,6761811.672,6716570.49,21413125,5079.014468690702,5292.1831119544595,24876187,5900.423861480076,0.2454,1193,241493274,0.202,241493.274,57.28018833017078,18114375.328,4296.578588235295,18159616.51,2972443,1190074.91630636,205305,1593.1144425996206,0,6761811.672,172.0913663034367,600,427.9086336965633
5500,PEARL RIVER COUNTY,3284,23926232.64,7285.698124238734,1582542.1559999995,481.8946881851398,20047594.156,6104.6267222898905,-4633085.545999999,3878638.484,1181.071401948843,19704000,1119600,1425000,183600,2728200,51600,840572.6399999999,49260.00000000001,552600,0,1198.435452793834,-191.3775626774434,43,164.20000000000002,700.4771999999999,505.736,311,190,18,22343690.484,6803.803436053594,18465052,3878638.484,3878638.484,5558564.5200000005,18704227,5695.562423873325,5622.732034104751,20587276,6268.963459196102,0.2133,921,138522803,0.154,138522.803,42.18112149817296,16708637.516,5087.892057247259,15028711.48,2106212,974628.25924712,279225,1181.071401948843,0,3878638.484,303.1758957654723,600,296.8241042345277
5600,PERRY COUNTY,933,7495927.04970627,8034.219774604791,234803.20970627014,251.6647478095074,5472026.746285577,5864.980435461498,-2142549.2665793067,2023900.303420693,2169.2393391432934,5598000,432000,525000,51000,1008000,0,424552.31999999995,13995.000000000002,271200,180179.72970626949,1394.5589743589749,412.56308950879816,0,46.650000000000006,353.79359999999997,258.441,120,70,5,7261123.84,7782.555026795284,5581051,1680072.84,2967449.156,1680072.84,5497981,5892.798499464095,5981.833869239014,6222492,6669.337620578778,0.3792,452,105980327,0.27699999999999997,105980.327,113.59091854233657,3255042.844,3488.7919013933547,4542419.16,736061,278590.13933556003,302157,1800.72115755627,0.032186446892867,2967449.156,668.4889380530974,600,-68.4889380530974
1821,PETAL,4392,33215840.64,7562.80524590164,1742021.9200000018,396.63522768670373,26843208.92,6111.841739526412,-7374895.8,6372631.72,1450.9635063752276,26352000,1807200,2775000,316200,4898400,162000,1036160.6399999999,65880,701400,0,1748.9446290143965,-243.59257279095254,135,219.60000000000002,863.4671999999999,702.72,502,370,31,31473818.72,7166.170018214936,25101187,6372631.72,6372631.72,7556251.050000001,24877657,5664.3117030965395,5715.206511839709,27986115,6372.066256830601,0.1966,1169,227593990,0.16,227593.99,51.8201252276867,21613483.28,4921.102750455374,20429863.95,3319103,1246494.8367686,532536,1450.9635063752276,0,6372631.72,455.5483319076133,600,144.45166809238668
5020,PHILADELPHIA,829,6670906.92,8046.9323522316045,747125.3099999996,901.2368033775629,4950370.396,5971.496255729795,-1759640.4260000002,1720536.524,2075.4360965018095,4974000,392400,637500,102000,1131900,13200,502771.92000000004,12435,36600,0,1639.009803921569,623.6798490054099,11,41.45,418.9766,268.596,109,85,10,5923781.61,7145.695548854042,4553142,1370639.61,1720536.524,1370639.61,4337170,5231.809408926418,5492.330518697226,5076443,6123.574185765983,0.5054,61,61447733,0.324,61447.733,74.12271773220748,3355906.476,4048.138089264173,3705803.39,797542,241464.6573752,0,1653.3650301568157,0,1720536.524,0,600,600
5520,PICAYUNE,3431,25616479.68,7466.184692509472,3280748.66,956.2077120373069,20313674.648000002,5920.627994170796,-5913248.538000001,5302805.032,1545.5566983386766,20586000,1094400,1365000,234600,2694000,139200,1490014.6800000002,51465,655800,0,1257.4597249508838,419.5457107452821,116,171.55,1241.6789,881.767,304,182,23,22335731.02,6509.976980472165,17167708,5168023.0200000005,5302805.032,5168023.0200000005,16298497,4750.363450888954,5003.703876420868,19140826,5578.789274264063,0.3619,1093,189385894,0.257,189385.894,55.1984535120956,13838020.968,4033.2325759253863,13972802.98,2053953,969073.62338208,418962,1506.2731040512972,0,5302805.032,383.31381518755717,600,216.68618481244283
5820,PONTOTOC CITY,2302,17931169.2,7789.3871416159855,1815508.3999999985,788.6656820156377,15493577.399999999,6730.485403996524,-2566477.86,2437591.8000000003,1058.9017376194615,13812000,1245600,1335000,153000,2733600,298800,643639.2,34530,408600,0,1818.8552875695732,-52.45523310948124,249,115.10000000000001,536.366,476.5139999999999,346,178,15,16115660.8,7000.721459600348,13678069,2437591.8000000003,2437591.8000000003,4117531.32,13302772,5778.788879235447,5941.819721980886,15250116,6624.724587315378,0.233,681,87056850,0.207,87056.85,37.81791920069505,12812524.2,5565.822849695916,11132584.68,1753237,671774.403562,107904,1058.9017376194615,0,2437591.8000000003,158.44933920704847,600,441.55066079295153
5800,PONTOTOC COUNTY,3466,25317779.28,7304.610294287363,830809.012000002,239.7025424120029,21987947.012000002,6343.897002885171,-4295495.382,3329832.268,960.7132914021928,20796000,1368000,1155000,265200,2788200,259200,804389.2799999999,51990,618000,0,421.97500000000036,-314.1469266695349,216,173.3,670.3244,734.792,380,154,26,24486970.268,7064.90775187536,21157138,3329832.268,3329832.268,6368967.630000001,20904769,6031.381708020774,6104.194460473168,23588769,6805.761396422389,0.1934,1030,118922581,0.212,118922.581,34.31118897864974,20258936.732,5845.048105020196,17219801.369999997,2551894,1014969.6301316,522068,960.7132914021928,0,3329832.268,506.8621359223301,600,93.13786407766992
5530,POPLARVILLE,1909,14045261.081455363,7357.391870851421,407457.3114553634,213.44018410443368,10848354.193455363,5682.741850945711,-3288393.462,3196906.888,1674.6500199057098,11454000,554400,990000,102000,1646400,15600,536276.28,28635,238800,125549.80145536411,1431.8614864864867,2.9374889451237323,13,95.45,446.8969,381.8,154,132,10,13637803.77,7143.951686746987,10482300,3155503.77,3196906.888,3155503.77,10154245,5319.143530644316,5490.990047145102,11687051,6122.080146673651,0.2341,398,114175246,0.2,114175.246,59.80892928234678,8490144.112,4447.430126767941,8531547.23,1222569,534963.52529664,242338,1652.9616396018855,0.010961218915257911,3196906.888,608.8894472361809,600,-8.8894472361809
5900,PRENTISS COUNTY,2278,17653239.12,7749.446496927129,765085.7280000001,335.8585285338013,15158053.728,6654.106114135207,-2720756.058,2495185.392,1095.3403827919228,13668000,1450800,1335000,102000,2887800,6000,571869.12,34170,485400,0,1289.739424703892,-203.50546008826632,5,113.9,476.5576,435.098,403,178,10,16888153.392,7413.587968393328,14392968,2495185.392,2495185.392,4332738.33,14130501,6203.029411764706,6318.247585601404,16047179,7044.415715539947,0.2092,809,89113764,0.191,89113.764,39.11929938542581,13551993.608,5949.075332748024,11714440.67,2125564,668851.19364656,501635,1095.3403827919228,0,2495185.392,620.0679851668726,600,-20.06798516687263
6000,QUITMAN COUNTY,852,6710573.401799382,7876.25986126688,122643.56179938186,143.94784248753695,4898718.583313549,5749.669698724822,-1817986.421514167,1811854.8184858332,2126.590162542058,5112000,288000,405000,51000,744000,0,458546.4,12780,235200,148047.00179938134,694.6762589928057,513.0139463296015,0,42.6,382.122,374.028,80,54,5,6587929.84,7732.312018779343,5063620,1524309.84,2182224.3800000004,1524309.84,4876550,5723.650234741784,5943.215962441314,5645592,6626.281690140845,0.4485,392,77936585,0.439,77936.585,91.47486502347418,3463367.6199999996,4064.985469483568,4121282.16,647440,262512.48480064,196657,1789.0960563380283,0.028960681103165364,2182224.3800000004,501.67602040816325,600,98.32397959183675
1212,QUITMAN SEP,1593,12724348.739107972,7987.663991907076,1326511.7091079727,832.7129372931395,9308588.279107973,5843.432692472048,-3597856.62,3415760.46,2144.231299435028,9558000,507600,1207500,153000,1868100,6000,814723.92,23895,273600,180029.81910797145,2168.5741324921137,513.2402904805544,5,79.65,678.9366,555.957,141,161,15,11397837.03,7154.951054613936,8760615,2637222.0300000003,3415760.46,2637222.0300000003,8369295,5253.79472693032,5499.444444444444,9767489,6131.505963590709,0.4262,456,121991445,0.349,121991.445,76.57968926553673,6351728.54,3987.274664155681,7130266.97,1180662,466266.30219812,202630,1655.5066101694918,0.018835511519980273,3415760.46,444.3640350877193,600,155.6359649122807
6100,RANKIN COUNTY,18720,133607071.2,7137.129871794872,9251505.480000004,494.2043525641029,97533161.97600001,5210.104806410257,-56501492.716,36073909.224,1927.0250653846153,112320000,6912000,5872500,724200,13508700,483600,3106771.2,280800,3907200,0,1330.330930064888,-899.962478490384,403,936,2588.976,2265.12,1920,783,71,124355565.72,6642.925519230769,95582277,28773288.720000003,46621147.18799999,28773288.720000003,94048208,5023.942735042735,5105.890865384616,106567736,5692.720940170941,0.1383,6512,1665040971,0.121,1665040.971,88.94449631410257,59946588.81200001,3202.275043376069,77794447.28,9818362,5436752.45771212,1682297,1537.034653846154,0,46621147.18799999,258.3379914004914,600,341.6620085995086
5620,RICHTON,597,4374104.858839456,7326.808808776308,176561.36283945572,295.74767644799977,3620198.3628394557,6063.983857352522,-630021.794,753906.496,1262.8249514237857,3582000,230400,262500,0,492900,0,158396.04,8955,126000,5853.81883945634,1494.0404040404042,-64.57797356267247,0,29.85,131.9967,167.16000000000005,64,35,0,4197543.496,7031.061132328308,3443637,753906.496,753906.496,1036643.67,3391068,5680.180904522613,5768.236180904522,3839421,6431.19095477387,0.2211,210,26925232,0.28,26925.232,45.10089112227806,3085514.5039999997,5168.366003350084,2802777.33,344990,166920.11940296,0,1262.8249514237857,0.0016342319484802736,753906.496,0,600,600
7012,S. TIPPAH,2485,19021405.2,7654.489014084506,1039832.5519999973,418.44368289738304,16390352.552,6595.715312676056,-3193821.682,2631052.648,1058.7737014084507,14910000,1364400,1515000,102000,2981400,171600,525130.2,37275,396000,0,554.4094754653133,-492.08693766350507,143,124.25,437.6085,703.2550000000001,379,202,10,17981572.648000002,7236.045331187123,15350520,2631052.648,2631052.648,4620991.95,15945273,6416.608853118712,6177.271629778672,17114785,6887.237424547284,0.1761,660,93966166,0.28300000000000003,93966.166,37.813346478873235,14483732.352,5828.463723138833,12493793.05,2653744,740471.62666052,350476,1058.7737014084507,0,2631052.648,531.0242424242424,600,68.9757575757576
6200,SCOTT COUNTY,3989,29832987.84,7478.813697668588,2243673.0720000006,562.4650468789168,26378713.072,6612.8636430183005,-3036079.022,3454274.768,865.9500546502883,23934000,1512000,2107500,153000,3772500,458400,1083252.84,59835.00000000001,525000,0,1338.9567039106146,-54.86354476994666,382,199.45000000000002,902.7107,1081.019,420,281,15,27589314.768,6916.348650789671,24135040,3454274.768,3454274.768,7265410.29,23516599,5895.361995487591,6050.398596139384,26908927,6745.782652293808,0.2263,875,123366956,0.271,123366.956,30.92678766608173,23454652.232,5879.83259764352,19643516.71,2813807,1132778.74890376,437383,865.9500546502883,0,3454274.768,499.8662857142857,600,100.13371428571429
6920,SENATOBIA,1666,12606362.88,7566.844465786315,994508.7700000014,596.944039615847,9807828.008000001,5887.051625450181,-4009425.1080000005,2798534.872,1679.7928403361345,9996000,889200,765000,102000,1756200,28800,567572.88,24990.000000000004,232800,0,1198.2367688022282,179.5778070120898,24,83.30000000000001,472.9774,336.532,247,102,10,11611854.11,6969.900426170468,8925113,2686741.1100000003,2798534.872,2686741.1100000003,8826781,5298.18787515006,5357.210684273709,9950893,5972.924969987996,0.2839,388,99947674,0.202,99947.674,59.99260144057623,7152358.1280000005,4293.132129651861,7264151.89,1326033,482636.63574172,65615,1612.689741896759,0,2798534.872,169.11082474226805,600,430.88917525773195
6400,SIMPSON COUNTY,3008,23280600.96,7739.561489361702,204419.22000000253,67.95851728723301,16994838.7008,5649.879887234043,-4847121.8108,6285762.2592,2089.6816021276595,18048000,1191600,1815000,224400,3231000,60000,1173480.96,45120,723000,0,1303.9983193277312,259.5467927395089,50,150.4,977.9008,878.3359999999999,331,242,22,23076181.74,7671.602972074469,17736834,5339347.74,7191170.112,5339347.74,17149063,5701.151263297872,5896.553856382979,19775362,6574.255984042553,0.3251,1205,256827504,0.292,256827.504,85.38148404255318,12584191.888,4183.574430851064,14436014.26,2455121,919669.9437426,573531,1775.0491156914895,0,7191170.112,475.9593360995851,600,124.04066390041493
6500,SMITH COUNTY,2443,17770249.18022016,7273.945632509276,659843.8102201596,270.0957061891777,13193502.62822016,5400.533208440507,-1793798.7979999995,4576746.552,1873.412424068768,14658000,489600,1147500,224400,1861500,6000,664886.88,36645,373200,170017.30022016022,646.5241157556266,-105.81640619962286,5,122.15,554.0724,583.877,136,153,22,17110405.37,7003.849926320098,13151414,3958991.37,4576746.552,3958991.37,13389319,5480.687269750307,5383.304952926729,14662931,6002.01841997544,0.2268,622,163455234,0.239,163455.234,66.90758657388457,10086184.448,4128.6059959066715,10703939.63,1660431,723516.8301424,293265,1620.5449733933688,0.011598942571985278,4576746.552,471.4871382636656,600,128.5128617363344
6312,SOUTH DELTA,604,4835109.441286043,8005.148081599409,-126055.95871395711,-208.70191840059124,3529629.8921388118,5843.758099567569,-1191079.3508527682,1305479.5491472317,2161.3899820318406,3624000,219600,217500,51000,488100,0,472134.72000000003,9060,88200,153614.72128604312,2360.8526315789472,740.826172564136,0,30.200000000000003,393.4456,301.396,61,29,5,4961165.4,8213.85,3813255,1147910.4,2225227.816,1147910.4,3745880,6201.788079470199,6313.336092715232,4251520,7038.940397350993,0.6514,147,79472422,0.499,79472.422,131.57685761589406,2026292.184,3354.78838410596,3103609.5999999996,263819,180659.9220398,169803,1900.5139072847685,0.04238816812528784,2225227.816,1155.1224489795918,600,-555.1224489795918
5412,SOUTH PANOLA,4313,32274645.96,7483.1082680268955,3776567.5160000026,875.6242791560408,26623766.516000003,6172.911318339903,-7530227.886,5650879.444,1310.1969496869929,25878000,1630800,2010000,153000,3793800,61200,1690350.96,64695,786600,0,1865.190217391304,315.928509317691,51,215.65,1408.6258,1410.351,453,268,15,28498078.444,6607.483988870855,22847199,5650879.444,5650879.444,6877729.44,22396135,5192.704613957802,5297.287039183862,25473072,5906.114537444934,0.3266,1311,201817123,0.327,201817.123,46.79274820310688,19822192.556,4595.917587757942,18595342.56,2421020,1245325.91081956,576931,1310.1969496869929,0,5650879.444,440.06941266209003,600,159.93058733790997
5712,SOUTH PIKE,1557,11826121.92,7595.454026974951,1202470.039999999,772.2993192035956,8722736.068,5602.271077713552,-2190842.228,3103385.852,1993.1829492614002,9342000,511200,652500,102000,1265700,0,833866.9199999999,23355.000000000004,361200,0,1154.9163179916322,523.1172599158629,0,77.85000000000001,694.8891,516.924,142,87,10,10623651.88,6823.154707771356,8165560,2458091.8800000004,3103385.852,2458091.8800000004,8151934,5235.6673089274245,5244.41875401413,9104044,5847.170199100835,0.4463,602,110835209,0.332,110835.209,71.18510533076429,6000658.148,3853.987249839435,6645952.119999999,989675,470358.4380626,301940,1578.7359537572256,0,3103385.852,501.5614617940199,600,98.43853820598008
5321,STARKVILLE OKTIBBEHA,4894,36440309.76,7445.91535758071,4572529.059999999,934.313252962811,26601426.124799997,5435.518211033918,-21296452.554800004,9838883.6352,2010.3971465467919,29364000,1620000,2115000,102000,3837000,123600,2036099.76,73410,1006200,0,1230.7304582210245,355.4434374241389,103,244.70000000000002,1696.7498,1150.09,450,282,10,31867780.7,6511.602104617899,24494240,7373540.7,13201235.824,7373540.7,24650767,5036.936452799346,5004.953003677973,27309410,5580.181855333061,0.3467,1677,471472708,0.235,471472.708,96.33688353085412,14108174.176,2882.749116469146,19935869.3,2923798,1433001.17863928,633622,1506.6491009399265,0,13201235.824,377.8306499701849,600,222.16935002981512
6600,STONE COUNTY,2518,18402741.12,7308.47542494043,748233.7080000006,297.1539745830032,14688856.708,5833.541186656076,-3513194.558,3713884.4119999995,1474.9342382843524,15108000,709200,967500,153000,1829700,24000,863271.12,37770,540000,0,1761.7624633431087,220.2738398228172,20,125.9,719.3926,581.658,197,129,15,17654507.412,7011.321450357426,13940623,3713884.411999999,3713884.411999999,4196568.42,13232967,5255.348292295473,5536.387212073074,15542846,6172.694996028594,0.2857,900,132638729,0.231,132638.729,52.676222795869734,11828961.588,4697.760757744241,11346277.58,1228939,704807.74965788,293713,1474.9342382843524,0,3713884.4119999995,326.34777777777776,600,273.65222222222224
6711,SUNFLOWER CONS,2929,22946734.695205856,7834.323897304833,2553544.2752058543,871.8143650412612,16885108.55120586,5764.80319262747,-6357872.646,6061626.143999999,2069.520704677364,17574000,658800,1725000,153000,2536800,0,1997109.36,43935.00000000001,654000,140890.33520585654,1414.390186915888,662.6810212672581,0,146.45000000000002,1664.2578,1772.0449999999998,183,230,15,20393190.42,6962.509532263572,15674631,4718559.42,6061626.143999999,4718559.42,15747713,5376.481051553431,5351.529873677023,17476146,5966.591328098327,0.5682,1090,216486648,0.605,216486.648,73.91145373847729,11414519.856,3897.070623420963,12757586.58,1931441,894237.301444,315043,1610.9796585865483,0.008016975942065354,6061626.143999999,289.0302752293578,600,310.9697247706422
6900,TATE COUNTY,2014,15265383.6,7579.634359483614,529433.6679999996,262.8766971201585,11866286.668,5891.900033763654,-2534992.8779999996,3399096.932,1687.7343257199602,12084000,777600,1012500,102000,1892100,88800,729873.6,30210,440400,0,1914.4819944598344,221.4462378293665,74,100.7,608.228,398.772,216,135,10,14735949.932,7316.757662363456,11336853,3399096.932,3399096.932,3412751.1300000004,11083581,5503.267626613704,5629.023336643496,12639819,6275.9776564051635,0.302,734,121396319,0.198,121396.319,60.27622591857001,9240722.068,4588.2433306852035,9227067.87,1200972,595183.79765752,362274,1687.7343257199602,0,3399096.932,493.56130790190736,600,106.43869209809264
7100,TISHOMINGO,2897,21470377.8,7411.245357266138,980023.5600000024,338.2891128753881,15981647.448,5516.619761132206,-4654041.298,5488730.352,1894.6255961339316,17382000,1249200,1320000,153000,2722200,96000,615322.8,43455,611400,0,1729.6022304832713,-449.30166173797556,80,144.85,512.769,556.224,347,176,15,20490354.24,7072.95624439075,15749313,4741041.24,5488730.352,4741041.24,16077407,5549.674490852606,5436.42147048671,17559412,6061.239903348292,0.177,1019,196026084,0.192,196026.084,67.66519986192613,12070681.648,4166.6143072143595,12818370.76,1791674,845710.76378772,617761,1636.5347739040387,0,5488730.352,606.2423945044161,600,-6.242394504416097
7200,TUNICA COUNTY,1671,12808482.415126903,7665.160032990367,1431863.7951269038,856.8903621345908,9350192.163042638,5595.566824082967,-11003623.857915735,3458290.252084264,2069.593208907399,10026000,284400,705000,102000,1091400,30000,1188081,25065.000000000004,315600,132336.41512690298,-43.61202185792354,707.7970647217892,25,83.55000000000001,990.0675,698.478,79,94,10,11376618.62,6808.269670855776,8744306,2632312.62,5357212.643999999,2632312.62,8664842,5185.423099940155,5232.977857570318,9749306,5834.414123279474,0.5925,526,191329023,0.418,191329.023,114.4997145421903,4392093.356000001,2628.422116098145,7116993.38,1099381,487314.12962356,281292,1575.291813285458,0.013199323272182624,5357212.643999999,534.7756653992395,600,65.22433460076047
4120,TUPELO,7132,52553993.76,7368.759641054402,6152155.979999997,862.6130089736389,38364415.4448,5379.194537969714,-25998548.654799998,14189578.315200001,1989.5651030846889,42792000,2332800,3022500,499800,5855100,468000,2515313.76,106980,816600,0,1251.8281818181822,202.69237985327754,390,356.6,2096.0948,1526.248,648,403,49,46401837.78,6506.146632080763,35665419,10736418.78,17528233.996,10736418.78,35179805,4932.670358945597,5000.759814918676,39764514,5575.506730229949,0.2939,1361,626008357,0.214,626008.357,87.77458735277621,22236280.004,3117.8182843522154,29028095.22,4478089,2090451.31658992,599098,1505.3868171620866,0,17528233.996,440.1895664952241,600,159.81043350477592
5131,UNION CITY,927,7249311.24,7820.184724919094,230921.28000000026,249.1060194174761,6548665.28,7064.3638403452,-912836.76,700645.96,755.8208845738942,5562000,558000,562500,102000,1222500,0,264306.24,13905,186600,0,1670.8833333333332,-36.98298854619566,0,46.35,220.2552,253.99799999999996,155,75,10,7018389.96,7571.078705501618,6317744,700645.96,700645.96,1901840.58,5986271,6457.681769147788,6815.2578209277235,7043854,7598.548004314995,0.2376,311,25023070,0.27399999999999997,25023.07,26.993603020496224,6343208.04,6842.7271197411,5142013.42,821488,272451.93553884,135974,755.8208845738942,0,700645.96,437.2154340836013,600,162.78456591639872
7300,UNION COUNTY,2980,21557517.6,7234.066308724833,1387503.120000001,465.6050738255044,18682347.12,6269.244000000001,-4782128.0600000005,2875170.48,964.8223087248322,17880000,1220400,1065000,214200,2499600,32400,617217.6,44700,483600,0,1144.7171314741036,-482.885459302418,27,149,514.348,563.2199999999999,339,142,21,20170014.48,6768.461234899329,17294844,2875170.48,2875170.48,5206294.98,17216159,5777.234563758389,5803.638926174496,19282574,6470.662416107382,0.1726,806,102684660,0.18899999999999997,102684.66,34.45793959731544,16407403.52,5505.84010738255,14076279.02,1924952,865588.77022128,97769,964.8223087248322,0,2875170.48,121.3014888337469,600,478.69851116625307
7500,VICKSBURG WARREN,6862,51110463.12,7448.333302244243,3920256.0700000003,571.2993398426115,37310638.077599995,5437.283310638297,-25967121.567599997,13799825.0424,2011.049991605946,41172000,2260800,1972500,234600,4467900,91200,3703833.1199999996,102930,1572600,0,198.76914660831517,541.2807488948681,76,343.1,3086.5276,2291.908,628,263,23,47190207.05,6877.0339624016315,36271376,10918831.05,17506014.26,10918831.05,34724195,5060.360682016904,5285.831535995337,40440115,5893.3423200233165,0.4498,2621,625214795,0.33399999999999996,625214.795,91.11261949868845,22934100.74,3342.1889740600404,29521283.95,4286225,2033155.14918732,632074,1591.2024264062957,0,17506014.26,241.1575734452499,600,358.8424265547501
0618,W. BOLIVAR CONS,938,7497699.043194275,7993.282562040806,-1146409.5368057247,-1222.1850072555699,5473320.301531821,5835.096270289788,-2238668.1983375456,2024378.7416624546,2158.1862917510175,5628000,392400,337500,102000,831900,6000,664554.24,14070.000000000002,165600,187574.80319427533,1046.4634146341468,709.0846263718429,5,46.900000000000006,553.7952,476.504,109,45,10,8644108.58,9215.467569296376,6644042,2000066.58,2755138.6799999997,2000066.58,6648896,7088.37526652452,7083.200426439233,7407654,7897.285714285715,0.5904,276,98397810,0.508,98397.81,104.90171641791044,4652515.32,4960.037654584222,5407587.42,660280,271866.57752148,178822,2132.267142857143,0.0333288562889615,2755138.6799999997,647.9057971014493,600,-47.90579710144925
6812,W. TALLAHATCHIE,513,4056159.8703287574,7906.744386605765,-1048396.1296712426,-2043.657172848426,2960996.705339993,5771.923402222208,-1348705.3150112354,1095163.1649887646,2134.8209843835566,3078000,190800,217500,102000,510300,0,273695.76,7695.000000000001,89400,97069.11032875784,144.20652173913095,489.9378131895942,0,25.650000000000002,228.0798,237.006,53,29,10,5104556,9950.40155945419,3923468,1181088,2144998.688,1181088,3925194,7651.450292397661,7648.085769980507,4374400,8527.095516569201,0.4446,149,76607096,0.462,76607.096,149.3315711500975,2229401.312,4345.8115243664715,3193312,497033,161950.84155528,15745,2302.315789473684,0.03153642310875823,2144998.688,105.67114093959732,600,494.3288590604027
7400,WALTHALL COUNTY,1684,12679884.856327794,7529.622836299165,-63957.88367220573,-37.97974089798481,9531717.092327794,5660.164544137645,-2503109.566,3148167.764,1869.4582921615201,10104000,568800,720000,102000,1390800,25200,672724.32,25260,378000,83900.53632779459,764.344696969697,319.2617877784586,21,84.2,560.6035999999999,559.0880000000001,158,96,10,12743842.74,7567.60257719715,9795183,2948659.74,3148167.764,2948659.74,9421614,5594.782660332541,5816.616983372922,10920962,6485.131828978622,0.3329,630,112434563,0.332,112434.563,66.76636757719714,7772794.236,4615.673536817102,7972302.26,1189013,493745.01242896,397528,1750.985593824228,0.008303695202671673,3148167.764,630.9968253968254,600,-30.996825396825443
8113,WATER VALLEY,1041,7713444.96,7409.649337175792,181312.06799999997,174.17105475504286,6283110.068,6035.648480307396,-1269064.358,1430334.892,1374.0008568683957,6246000,367200,420000,51000,838200,14400,382629.9600000001,15615.000000000002,216600,0,1435.0245398773004,219.9388649608935,12,52.050000000000004,318.85830000000004,337.284,102,56,5,7532132.892,7235.47828242075,6101798,1430334.892,1430334.892,1836834.03,5998354,5762.1075888568685,5861.477425552353,6803089,6535.147934678194,0.3063,361,51083389,0.324,51083.389,49.07145917387128,5372754.108,5161.147077809798,4966254.97,604291,312500.62741464,179329,1374.0008568683957,0,1430334.892,496.7562326869806,600,103.24376731301942
7700,WAYNE COUNTY,2900,22906201.93111251,7898.690321073279,171369.3191125095,59.09286865948616,18295998.31911251,6308.964937625004,-3186466.8880000003,4610203.612,1589.7253834482758,17400000,1634400,1185000,234600,3054000,74400,1513800,43500,573000,247501.93111251,598.3968503937003,539.332091867935,62,145,1261.5,919.3,454,158,23,22734832.612,7839.597452413793,18124629,4610203.612,4610203.612,5456086.29,17353589,5983.9962068965515,6249.872068965517,20207727,6968.181724137931,0.435,955,164650129,0.317,164650.129,56.775906551724134,15597523.388,5378.456340689655,14751640.71,2674018,833432.5661086,551503,1589.7253834482758,0.01422424891451207,4610203.612,577.4900523560209,600,22.509947643979103
7800,WEBSTER COUNTY,1739,13046457.104135513,7502.275505540836,827764.1761355139,476.0001012855173,10871447.176135514,6251.550992602366,-1840411.2219999996,2175009.9280000003,1250.7245129384705,10434000,878400,637500,102000,1617900,13200,463060.92,26085,401400,90811.1841355129,774.4926253687318,-131.78769965178662,11,86.95,385.8841,415.621,244,85,10,12218692.928,7026.275404255319,10043683,2175009.9280000003,2175009.9280000003,3023466.2100000004,10287189,5915.577343300748,5775.550891316849,11198023,6439.346175963197,0.2219,669,77678926,0.239,77678.926,44.668732604945376,9023013.072,5188.621663024727,8174556.789999999,1355347,513915.6978712,353648,1250.7245129384703,0.008703391233995869,2175009.9280000003,528.6218236173393,600,71.37817638266074
3112,WEST JASPER,1411,10873867.525644254,7706.497183305637,616657.9356442541,437.03609896828766,7937923.293720305,5625.742943813115,-2399316.6180760516,2935944.231923949,2080.754239492522,8466000,799200,570000,153000,1522200,18000,538776.24,21165,229800,77926.28564425465,705.194888178914,341.201415053136,15,70.55,448.9802,340.05100000000004,222,76,15,10257209.59,7269.461084337349,7883905,2373304.5900000003,3243860.676,2373304.5900000003,7552672,5352.708717221829,5587.459248759745,8790017,6229.636428065202,0.3182,383,115852167,0.241,115852.167,82.10642593905033,5546156.324,3930.656501771793,6416712.41,1301474,385583.56042916,102635,1682.0018355776049,0.009204616778201587,3243860.676,267.97650130548305,600,332.02349869451695
1321,WEST POINT CONS,2609,19946152.44,7645.133169796857,1778035.75,681.5008623993863,14560691.281200001,5580.947213951706,-4334138.9212,5385461.1588,2064.1859558451515,15654000,853200,1387500,173400,2414100,14400,1304917.44,39135.00000000001,519600,0,781.4191343963557,465.566565416589,12,130.45000000000002,1087.4312,819.226,237,185,17,18168116.69,6963.632307397471,13964393,4203723.69,6134930.704,4203723.69,13996944,5364.8692985818325,5352.392870831736,15569347,5967.5534687619775,0.4168,866,219104668,0.314,219104.668,83.98032502874665,9434416.296,3616.104367957072,11365623.31,2071057,798645.83108916,381618,1611.2394365657342,0,6134930.704,440.6674364896074,600,159.33256351039262
7613,WESTERN LINE,1632,12262009.630122783,7513.486292967391,1352855.740122782,828.955723114449,8951267.02998963,5484.844993866195,-5650988.669866848,3310742.6001331517,2028.641299101196,9792000,669600,375000,153000,1197600,0,871096.32,24480.000000000004,336000,40833.310122782925,672.1434262948214,529.8968532338283,0,81.60000000000001,725.9136,466.75200000000007,186,50,15,10909153.89,6684.530569852942,8385003,2524150.89,5024405.3719999995,2524150.89,8168065,5004.941789215686,5137.869485294118,9348707,5728.374387254902,0.4448,560,179443049,0.28600000000000003,179443.049,109.95284865196078,4324301.6280000005,2649.694625,6824556.109999999,1028892,486436.98764036,38899,1546.6610845588236,0.00417006843574172,5024405.3719999995,69.4625,600,530.5375
7900,WILKINSON COUNTY,891,6974776.256595261,7828.031713350461,487606.3765952615,547.2574372561858,5091586.667314541,5714.463150745837,-836848.210719279,1883189.5892807208,2113.5685626046247,5346000,342000,367500,0,709500,6000,500064.84,13365.000000000002,202800,197046.41659526117,-121.08333333333394,487.27458018226605,5,44.550000000000004,416.7207,322.54200000000003,95,49,0,6487169.88,7280.774276094276,4986174,1500995.88,1917044.864,1500995.88,5232876,5873.037037037037,5596.154882154882,5559244,6239.331088664422,0.4677,338,68465888,0.362,68465.888,76.84162514029181,3642199.136,4087.765584736251,4058248.12,726936,297007.43585424,233847,1684.619393939394,0.03685866378512181,1917044.864,691.8550295857988,600,-91.85502958579877
4911,WINONA-MONTG CONS,1144,9048936.300902838,7909.909353936047,484007.03090283833,423.08306897101284,7026610.708902838,6142.142228061921,-1490417.1779999998,2022325.5920000002,1767.7671258741261,6864000,471600,607500,153000,1232100,0,595246.0800000001,17160,190200,150230.22090283706,1339.0396475770926,506.94944273644944,0,57.2,496.0384,358.072,131,81,15,8564929.27,7486.826284965035,6583183,1981746.27,2022325.592,1981746.27,6549279,5724.8942307692305,5754.5305944055945,7339801,6415.909965034965,0.4336,317,72225914,0.313,72225.914,63.13454020979022,5317475.408,4648.142839160839,5358054.73,928138,343779.68954412,270631,1732.2956905594406,0.02188668719446927,2022325.5920000002,853.7255520504732,600,-253.7255520504732
8220,YAZOO CITY,2029,15528602.64,7653.328063085264,1636378.1640000008,806.494905864959,13885835.164,6843.684161655989,-1309289.964,1642767.476,809.6439014292755,12174000,615600,660000,102000,1377600,0,1556567.64,30435,390000,0,-32.95910780669146,721.324404021556,0,101.45,1297.1397,890.731,171,88,10,13892224.476,6846.833157220305,12249457,1642767.476,1642767.476,3687473.97,12508965,6165.088713652045,6037.1892557910305,13657311,6731.0551996057175,0.6393,650,58670267,0.439,58670.267,28.915853622474124,12014543.524,5921.411298176442,9969837.03,1386466,620909.1189648,251512,809.6439014292755,0,1642767.476,386.94153846153847,600,213.05846153846153
8200,YAZOO COUNTY,1320,10267119.880567458,7778.121121642013,650338.9605674576,492.6810307329224,7494997.512814244,5678.02841879867,-4757594.412246786,2772122.3677532137,2100.092702843344,7920000,446400,637500,142800,1226700,15600,638035.2000000001,19800,165600,281384.68056745845,908.7085201793716,446.7645251891307,13,66,531.696,376.2,124,85,14,9616780.92,7285.440090909091,7391658,2225122.92,6535404.3440000005,2225122.92,6995746,5299.807575757576,5599.740909090909,8241196,6243.330303030303,0.4028,276,233407298,0.285,233407.298,176.82371060606062,1705791.6559999995,1292.2664060606055,6016073.08,1024058,400492.28901504,47938,1685.6991818181818,0.03552836875851748,6535404.3440000005,173.68840579710144,600,426.31159420289856
