dist_id,district,total_enroll,model_9_total_funding,model_9_pp_funding,model_9_diff_total,model_9_diff_pp,model_9_state_share,model_9_state_share_pp,model_9_state_total_diff,model_9_local_share_total,model_9_local_share_pp,model_9_local_mills_total,base_funding,sped_tier_1_funding,sped_tier_2_funding,sped_tier_3_funding,total_sped_funding,ell_funding,ed_funding,gifted_funding,vocational_funding,conc_pov_funding,sparsity_funding,local_share_expected_total,maep_rev_fy24,maep_fy24_pp,maep_rev_full_funding_fy24,maep_full_pp_fy24,maep_expected_local_total,maep_expected_local_pp,sped_pp_diff,ed_pp_diff,ell_enroll,gifted_enroll,econ_dis_enroll,stpov_enroll,sped_tier_1_enroll,sped_tier_2_enroll,sped_tier_3_enroll,local_funding_28_mill,local_funding_27_pct,totalEnrollment,direct_cert_pct,vocational_enroll,assessed_value,stpov_rate,ada_addon_fy24,teacher_addon_fy24,mill_1_value,mill_1_value_pp,local_share_mills,local_share_pp_mills,local_share_pct,sped_funding,at_risk_funding,cte_funding,local_share_expected_pp,sparsity_weight_adj,conc_pov_weight_adj,conc_pov_adm,sparsity_weighted_enroll,cte_pp_funding
4820,ABERDEEN,998,9023919.582553498,9042.003589732964,551364.517553499,552.469455732964,6587461.295264054,6600.662620505064,53466.27526405454,2436458.287289445,2441.3409692279006,3032312.136,6636700,295260,631750,56525,983535,0,836423.301,16591.750000000004,210805,46523.267,293341.26455349923,1938560.045,6533995.02,6547.089198,7179852.02,7194.240501,8472555.065,8489.534134,1550.1419354838708,1267.766137845794,0,49.900000000000006,419.2598,308.382,74,76,5,3032312.136,1938560.045,998,0.4201,317,108296862,0.309,232105.88,682414.14,108296.862,108.5138898,4147539.884,4155.851587,5241291.975,743263,304899.9236,56314,1942.444935,0.03359929364,0.0701,69.9598,1312.86892,177.64668769716087
200,ALCORN COUNTY,3188,26521956.93,8319.308949184442,1286474.8900000006,403.5366641844421,21705898.886,6808.625748431618,1286474.886,4816058.044,1510.683200752823,4816058.044,21200200,1552110,1330000,226100,3108210,38570,1211591.43,53000.5,910385,0,0,4816058.044,20419424,6405.089084,22479115,7051.165307,25235482.04,7915.772285,1302.8400702987701,487.8963783150066,29,159.4,607.314,599.344,389,160,20,4816058.044,6069361.05,3188,0.1905,1369,172002073,0.188,711043.38,1787412.62,172002.073,53.95297146,17663056.96,5540.482107,16409753.95,2366894,915285.1289,703630,1510.683201,0,0,0,3988.2642,513.9737034331629
2545,AMBITION PREP,480,4151709.41724,8649.394619249999,527040.91824,1098.001912249999,3404589.8681199998,7092.895558583333,527040.9181199996,747119.54912,1556.4990606666665,747119.54912,3192000,83790,124687.5,0,208477.5,0,538841.52,7980,0,67893.84000000001,136516.55724000005,747119.5492,2877548.95,5994.893646,3184415.95,6634.199896,3624668.499,7551.392707,4629.208333333334,1496.27050196967,0,24,270.096,192.48,21,15,0,747119.5492,859792.3065,395,0.5627,0,26682841.04,0.401,89289.47,118269.48,26682.84104,55.58925217,2437296.401,5077.700835,2324623.644,41826,134704.8425,0,1556.499061,0.034,0.2127,102.096,603.7884000000001,NA
300,AMITE COUNTY,853,8702024.898648238,10201.670455625132,789474.5976482378,925.5270786251313,6352478.176013214,7447.219432606346,252987.50601321366,2349546.722635024,2754.4510230187857,3221128.96,5672450,634410,482125,113050,1229585,0,934252.515,14181.125000000002,182210,112881.75500000003,556464.5036482379,1813059.631,6099490.67,7150.633845,6715035.67,7872.257526,7912550.301,9276.143377,711.3127753303961,1441.9238177908464,0,42.650000000000006,468.297,247.37,159,58,10,3221128.96,1813059.631,853,0.549,274,115040320,0.29,201251.92,542503.75,115040.32,134.8655569,3493906.71,4096.021934,4901976.039,1068117,259003.9169,194411,2125.509532,0.06831506694,0.19900000000000007,169.74700000000004,1224.8963,709.529197080292
4821,AMORY,1518,12665689.351,8343.668874176548,729676.050999999,480.6825131765481,10181407.215,6707.119377470356,729676.0549999997,2484282.136,1636.5494967061923,2484282.136,10094700,674310,598500,169575,1442385,15960,715007.601,25236.750000000004,372400,0,0,2484282.136,9451731.16,6226.436864,10401802.16,6852.307088,11936013.3,7862.986361,1320.28125,741.3399653124809,12,75.9,358.3998,315.744,169,72,15,2484282.136,2808486.583,1518,0.2361,560,88724362,0.208,355521.69,829830.47,88724.362,58.44819631,7917520.024,5215.757592,7593315.577,1104393,449311.5057,236621,1636.549497,0,0,0,1904.6149400000002,422.5375
400,ATTALA COUNTY,1004,9215216.788370246,9178.502777261201,553229.7053702455,551.0256032612015,6727108.25551028,6700.307027400677,46743.24551028013,2488108.5328599666,2478.1957498605243,2935606.8279999997,6676600,466830,498750,56525,1022105,0,724477.8659999999,16691.5,223440,7811.622000000029,544090.8003702454,1981622.073,6680365.01,6653.75001,7339341.01,7310.100608,8661987.083,8627.477174,825.9285714285706,1188.3994602182916,0,50.2,363.1468,294.172,117,60,5,2935606.828,1981622.073,1004,0.3617,336,104843101,0.293,221821.22,724921.79,104843.101,104.4253994,4403734.182,4386.189424,5357718.937,871786,292914.4049,336354,1973.727164,0.06274742186,0.011700000000000044,11.746800000000043,1303.92872,1001.0535714285714
5920,BALDWYN,756,6235140.548,8247.540407407409,-4519.274999999441,-5.977876592591201,4551652.60004,6020.704497407407,-259398.77995999996,1683487.9479600003,2226.8359100000002,2409164.94,5027400,283290,274312.5,0,557602.5,6650,427429.548,12568.500000000002,203490,0,0,1428608.443,4811051.38,6363.824577,5291142.38,6998.865582,6239659.823,8253.518284,812.7932692307695,968.9465270543253,5,37.800000000000004,214.2504,185.976,71,33,0,2409164.94,1428608.443,756,0.2834,306,86041605,0.246,176942.75,456930.63,86041.605,113.8116468,2881977.44,3812.139471,3862533.937,473072,219832.367,264705,1889.693707,0,0,0,937.61512,865.0490196078431
2320,BAY ST. LOUIS,1672,14262584.84,8530.254090909091,406016.7400000002,242.83298090909193,10411686.9332,6227.085486363636,-271509.27680000104,3850897.9068,2303.1686045454544,7071755.796,11118800,762090,789687.5,113050,1664827.5,45220,979010.3400000001,27797.000000000004,426930,0,0,3173371.887,10683196.21,6389.471417,11753229.21,7029.443307,13856568.1,8287.42111,1392.6875,960.8615800477655,34,83.60000000000001,490.732,411.312,191,95,10,7071755.796,3173371.887,1672,0.2935,642,252562707,0.246,373286.09,999761.12,252562.707,151.0542506,4681473.414,2799.924291,8579857.323,1252592,507484.8151,119480,1897.949693,0,0,0,2144.7495999999996,186.10591900311528
500,BENTON COUNTY,961,8922297.49979346,9284.388657433361,825319.2277934607,858.8129324333604,7443987.687793461,7746.085002906827,825319.2277934607,1478309.8120000002,1538.303654526535,1478309.8120000002,6390650,486780,598500,56525,1141805,27930,663732.909,15976.625000000002,206150,0,476052.96579346136,1478309.812,6618668.46,6887.272071,7287806.46,7583.565515,8096978.272,8425.575725,1909.0804020100504,1189.2660777846108,21,48.050000000000004,332.6982,281.573,122,72,5,1478309.812,1967707.744,961,0.3462,310,52796779,0.293,220886.26,575744.2,52796.779,54.93941623,5809496.648,6045.261861,5320098.716,761898,268066.2256,188397,1538.303655,0.05636267857,0,0,1270.11196,607.7322580645161
2420,BILOXI,5812,48926488.688,8418.184564349622,4300385.267999999,739.9148773496217,35716336.74224,6145.274731975223,1307414.812239997,13210151.94576,2272.909832374398,17883311.824,38649800,1767570,2959250,169575,4896395,708890,3828649.188,96624.50000000001,746130,0,0,10217181.49,34408921.93,5920.323801,37841412.93,6510.91069,44626103.42,7678.269687,1972.6130221130225,1084.4021303695897,533,290.6,1919.1224,1511.12,443,356,15,17883311.82,10217181.49,5812,0.3302,1122,638689708,0.26,1316669.08,3226824.85,638689.708,109.8915533,19958101.11,3433.947196,27624231.44,3290688,1747548.769,432143,1757.945886,0,0,0,7357.36672,385.15418894830657
5921,BOONEVILLE,1321,11049594.5805,8364.568191143073,1154294.4984999988,873.8035571430728,9630230.3685,7290.106259273278,1154294.4985000007,1419364.2119999998,1074.4619318697955,1419364.2119999998,8784650,542640,748125,169575,1460340,0,476742.9555,21961.625,305900,0,0,1419364.212,8475935.87,6416.302702,9334019.87,7065.874239,9895300.082,7490.764634,2758.9460580912864,430.4038299544418,0,66.05,238.9689,290.62,136,90,15,1419364.212,2520185.365,1321,0.1809,460,50691579,0.22,298956.11,710956.76,50691.579,38.37364042,7914655.658,5991.412307,6813834.505,795434,373889.8257,116419,1074.461932,0,0,0,1661.5931699999999,253.08478260869566
4320,BROOKHAVEN,2586,21906775.533999998,8471.297576952822,1860639.4339999966,719.5048099528221,15991946.139819998,6184.04723117556,536469.1198199987,5914829.39418,2287.2503457772623,6022839.676,17196900,1101240,955937.5,113050,2170227.5,38570,2016680.463,42992.25000000001,371070,70335.32100000008,0,4590659.075,15455477.02,5976.595909,17002441.02,6574.8031789999995,20046136.1,7751.792767,1402.809226932668,1226.6293297221773,29,129.3,1010.8674,724.08,276,115,10,6022839.676,4590659.075,2586,0.3909,558,215101417,0.28,578745.37,1416898.65,215101.417,83.17920224,10979601.34,4245.785516,12411781.94,1607701,776720.8617,280855,1775.196858,0,0.04090000000000005,105.76740000000012,3294.2519600000005,503.32437275985666
700,CALHOUN COUNTY,2080,18455098.354865897,8872.643439839374,1757295.8948658966,844.8537938393738,15599876.110865898,7499.940437916297,1757295.8908658978,2855222.244,1372.703001923077,2855222.244,13832000,1181040,673312.5,113050,1967402.5,178220,1125371.52,34580,530670,0,786854.3348658963,2855222.244,13842580.22,6655.086644,15225279.22,7319.845779,16697802.46,8027.789646,1547.905684754522,865.2641881878262,134,104,564.096,673.92,296,81,10,2855222.244,4110825.389,2080,0.2712,798,101972223,0.324,464211.75,1347776.47,101972.223,49.02510721,12370056.98,5947.142777,11114453.83,1368363,637279.4525,489806,1372.703002,0.04453494835,0,0,2656.8788,613.7919799498746
4520,CANTON,3166,27715572.878000002,8754.12914655717,3993368.0780000016,1261.3291455571707,20232368.20094,6390.514276986734,1941339.8509400003,7483204.6770600015,2363.6148695704364,8080929.3040000005,21053900,646380,1363250,180880,2190510,409640,3071553.471,52634.75000000001,650370,286964.65700000006,0,5431176.455,18291028.35,5777.330496,20115468.35,6353.590761,23722204.8,7492.800001,1545.581871345029,1411.9070339689033,308,158.3,1539.6258,987.792,162,164,16,8080929.304,5431176.455,3166,0.4863,978,288604618,0.312,718289.38,1698647.97,288604.618,91.15749147,12034539.05,3801.181,14684291.9,1661921,897744.9743,393681,1715.469506,0,0.13630000000000003,431.5258000000001,4167.755319999999,402.5368098159509
800,CARROLL COUNTY,805,7475004.187734873,9285.719487869408,945162.0897348728,1174.1143968694078,5456753.057046457,6778.575226144667,422618.28704645764,2018251.1306884158,2507.1442617247403,2510623.22,5353250,375060,315875,56525,747460,43890,686554.3125,13383.125,118370,41487.68750000001,470609.0627348729,1495707.328,5034134.77,6253.583565,5539656.77,6881.561205,6529842.098,8111.605091,621.6569343065694,1272.1125430968725,33,40.25,344.1375,177.905,94,38,5,2510623.22,1495707.328,805,0.4275,178,89665115,0.221,180916.36,454766.41,89665.115,111.385236,3029033.55,3762.774596,4043949.442,662293,248772.6822,99740,1858.021525,0.06718768064,0.07750000000000001,62.38750000000001,1053.2925,560.3370786516854
911,CHICKASAW COUNTY CONSOL,2214,19464296.733434614,8791.461939220693,2392025.8734346144,1080.4091552206928,17245312.329434615,7789.210627567577,2392025.8694346137,2218984.404,1002.2513116531165,2218984.404,14723100,853860,1180375,113050,2147285,61180,1463328.909,36807.75,557270,0,475325.07443461276,2218984.404,14853286.46,6708.801472,16361201.46,7389.883225,17072270.86,7711.052784,1713.2295081967213,1113.8229755710377,46,110.7,733.4982,584.496,214,142,10,2218984.404,4417524.394,2214,0.3313,838,79249443,0.264,492494.54,1240723.92,79249.443,35.7946897,14142217.06,6387.631913,11943677.07,1520243,646341.7613,378375,1002.251312,0.02503163852,0,0,2855.48446,451.5214797136038
1000,CHOCTAW COUNTY,1230,11142647.318322374,9059.062860424694,416404.1483223736,338.53995642469454,8134132.542375333,6613.115888110026,-139640.42762466706,3008514.775947041,2445.946972314667,7774436.208,8179500,702240,881125,0,1583365,6650,568802.4299999999,20448.75,247380,0,536501.1383223742,2452470.202,8273772.97,6726.644691,9083222.97,7384.734122,10726243.17,8720.522904,1230.4680851063831,746.1736105557775,5,61.5,285.114,364.08,176,106,0,7774436.208,2452470.202,1230,0.2318,372,277658436,0.296,269270.86,961634.11,277658.436,225.7385659,1308786.762,1064.054278,6630752.768,1236373,356057.8872,239967,1993.878213,0.050583984910000004,0,0,1594.9092,645.0725806451613
1100,CLAIBORNE COUNTY,1188,11656092.92041005,9811.526027281187,1971184.2284100503,1659.2459832811865,9471255.46841005,7972.437262971423,1971184.2284100503,2184837.452,1839.0887643097644,2184837.452,7900200,315210,739812.5,180880,1235902.5,0,1328655.636,19750.500000000004,391020,166378.21200000003,614186.0724100508,2184837.452,7500071.24,6313.191279,8261275.24,6953.935387,9684908.692,8152.280044,2176.573369565217,1453.78889066068,0,59.400000000000006,665.9928,472.824,79,89,16,2184837.452,2230544.315,1188,0.5606,588,78029909,0.398,267400.93,609582.31,78029.909,65.68174158,6076437.788,5114.846623,6030730.925,835413,360442.7021,371360,1839.088764,0.055623189079999996,0.2106,250.1928,1660.43712,631.5646258503401
1420,CLARKSDALE,2118,18758899.614000004,8856.893113314449,3082380.4540000036,1455.3259923144487,16741677.302000005,7904.47464683664,3082380.452000005,2017222.312,952.4184664778093,2017222.312,14084700,454860,847875,226100,1528835,35910,2388624.273,35211.75,382375,303243.5910000001,0,2017222.312,13659296.85,6449.148654,15045532.85,7103.651015,15676519.16,7401.567121,249.10593220338978,1480.3179271554277,27,105.9,1197.3054,1092.888,114,102,20,2017222.312,4062293.87,2118,0.5653,575,72043654,0.516,471224.01,1126703.84,72043.654,34.01494523,13028310.54,6151.232549,10983238.98,1470046,616231.6251,213402,952.4184665,0,0.21530000000000005,456.0054000000001,2820.88716,371.1339130434783
1425,CLARKSDALE COLLEGIATE,600,5021361.8,8368.936333333333,544262.034,907.1033893333333,4534675.963719999,7557.793272866666,544262.03371999925,486685.83627999993,811.1430604666665,486685.83627999993,3990000,163590,166250,0,329840,0,623397.6000000001,9975,0,68149.20000000003,0,486685.8364,3990413.93,6650.689883,4422362.93,7370.604883,4477099.766,7461.832944,4286.377049180328,1393.8851270481314,0,30,312.48,309.6,41,20,0,486685.8364,1194037.991,511,0.5208,0,17381637.01,0.516,118507.23,113604.7,17381.63701,28.96939502,3935677.094,6559.461823,3228324.939,68371,187836.3755,0,811.1430606,0,0.17080000000000006,102.48000000000003,755.0920000000001,NA
614,CLEVELAND,2818,24825101.434,8809.475313697658,2404272.6840000004,853.1840606976575,18684950.27,6630.571422995032,1396073.9699999988,6140151.164000001,2178.903890702626,6140151.164000001,18739700,1097250,1305062.5,282625,2684937.5,82460,2511869.388,46849.25,577885,181400.296,0,5131952.451,17288876.3,6135.158375,19007231.3,6744.936586,22420828.75,7956.291253,1338.6816192560173,1327.0268237408447,62,140.9,1259.0824,1141.29,275,157,25,6140151.164,5131952.451,2818,0.4468,869,219291113,0.405,637882.11,1699925.19,219291.113,77.8179961,12867080.14,4566.032696,13875278.85,2073160,841033.2699,366002,1821.132878,0,0.0968,272.7824,3733.0979600000005,421.1760644418872
2521,CLINTON,5211,41107808.0455,7888.660150738822,1717208.3855000064,329.5352887388226,32834505.637500003,6300.998970926886,1717208.387500003,8273302.408,1587.6611798119363,8273302.408,34653150,1723680,1537812.5,113050,3374542.5,315210,1839042.6705,86632.875,839230,0,0,8273302.408,31117297.25,5971.463683,34272499.25,6576.952456,39390599.66,7559.124862,1661.7535885167467,347.241163976842,237,260.55,921.8259,807.705,432,185,10,8273302.408,9253574.798,5211,0.1769,1262,295475086,0.155,1193720.75,2470788.5,295475.086,56.70218499,25999196.84,4989.291277,25018924.45,2332623,1518946.772,423413,1587.66118,0,0,0,6181.6252699999995,335.5095087163233
1400,COAHOMA COUNTY,988,9649364.073300172,9766.562827226895,1087224.8393001724,1100.4299992268952,7044035.773509125,7129.590863875633,442251.57350912504,2605328.2997910464,2636.9719633512614,4089162.9239999996,6570200,426930,490437.5,169575,1086942.5,0,1052940.2519999999,16425.500000000004,242725,121023.08400000002,559107.7373001706,1960355.034,6601784.2,6681.967814,7260574.2,7348.759312,8562139.234,8666.132828,520.2955801104972,1409.5527791756413,0,49.400000000000006,527.7896,434.72,107,59,15,4089162.924,1960355.034,988,0.5342,365,146041533,0.44,226729.81,643050.39,146041.533,147.8153168,3171411.276,3209.930441,5300219.166,992769,308992.9545,107670,1984.165014,0.061506267440000005,0.18420000000000003,181.98960000000002,1366.95584,294.986301369863
8111,COFFEEVILLE,417,4010621.0987315807,9617.796399835925,394657.5807315805,946.4210578359252,2927753.402074054,7020.991371880225,139534.522074054,1082867.6966575268,2596.8050279556996,1406185.228,2773050,163590,207812.5,56525,427927.5,0,419035.5855,6932.625000000001,87115,42621.77850000002,253938.60973158063,827744.6376,2788218.88,6686.376211,3065720.88,7351.848633,3615963.518,8671.375342,1690.2605633802823,1436.9013649116441,0,20.85,210.0429,146.367,41,25,5,1406185.228,827744.6376,417,0.5037,131,50220901,0.351,96067.99,277663.89,50220.901,120.4338153,1659535.652,3979.701803,2237976.242,307919,117224.6558,57880,1984.999131,0.06759650582,0.15370000000000006,64.09290000000003,564.9146600000001,441.8320610687023
4620,COLUMBIA,1646,14527697.197999999,8826.061481166464,1291506.3379999995,784.633256166464,12104715.909999998,7354.019386391251,1291506.339999998,2422981.288,1472.0420947752127,2422981.288,10945900,837900,1263500,56525,2157925,6650,1058687.4479999999,27364.750000000004,331170,0,0,2422981.288,10813209.57,6569.38613,11919949.57,7241.767661,13236190.86,8041.428225,1911.8746594005447,1128.4820645734148,5,82.30000000000001,530.6704,490.508,210,152,5,2422981.288,3218386.384,1646,0.3224,498,86535046,0.298,367442.53,816243.04,86535.046,52.57293196,9496968.282,5769.725566,8701563.186,1456267,459835.4194,79052,1472.042095,0,0,0,2184.6161199999997,158.73895582329317
4420,COLUMBUS,3090,28434986.37,9202.26096116505,4222791.93,1366.5993301650497,22276129.134,7209.103279611651,3609610.204,6158857.2360000005,1993.157681553398,6158857.2360000005,20548500,997500,2094750,169575,3261825,59850,3373858.215,51371.25,734160,405421.905,0,5545675.511,18666518.93,6040.944638,20539538.93,6647.099977,24212194.44,7835.661631,1715.220502901354,1439.6073509437622,45,154.5,1691.157,1016.61,250,252,15,6158857.236,5545675.511,3090,0.5473,1104,219959187,0.329,694447.69,1675292.24,219959.187,71.18420291,14380681.69,4653.942296,14993863.42,2375056,939256.1662,337991,1794.7169940000001,0,0.19730000000000003,609.657,4275.9378,306.151268115942
1500,COPIAH COUNTY,2205,19628784.457657304,8901.94306469719,2060532.697657302,934.4819476971907,15945169.725657303,7231.3694900940145,2060532.6956573036,3683614.732,1670.5735746031746,3683614.732,14663250,869820,980875,192185,2042880,136990,1731436.56,36658.125,369740,63931.77000000005,583898.0026573036,3683614.732,13884637.03,6296.887542,15294706.03,6936.374617,17568251.76,7967.461117,1584.0028328611897,1220.9664800066369,103,110.25,867.888,544.635,218,118,17,3683614.732,4129570.628,2205,0.3936,556,131557669,0.247,509557.71,1106346.32,131557.669,59.66334195,11611091.3,5265.801042,11165135.4,1483727,671774.4036,137076,1670.573575,0.030659043520000005,0.04360000000000003,96.13800000000006,2863.8927,246.53956834532374
220,CORINTH,2490,21000715.96,8434.022473895582,3788455.1999999993,1521.4679528955821,17870255.732,7176.809530923695,3788455.2020000014,3130460.228,1257.2129429718875,3130460.228,16558500,873810,798000,169575,1841385,307230,1610479.71,41396.25,641725,0,0,3130460.228,14081800.53,5655.341578,15517490.53,6231.923908,17212260.76,6912.554521,1611.0212121212116,1089.319865643945,231,124.5,807.258,672.3,219,96,15,3130460.228,4189722.443,2490,0.3242,965,111802151,0.27,548826.38,1041315.15,111802.151,44.90046225,12387030.3,4974.710965,11327768.09,1309748,731117.5339,149433,1257.212943,0,0,0,3158.0024,154.85284974093264
1600,COVINGTON COUNTY,2609,23350739.37106954,8950.072583775216,1649577.8510695398,632.2644137752159,17046039.740880765,6533.552986155908,314051.240880765,6304699.630188776,2416.5195976193086,8160987.716,17349850,1915200,1088937.5,56525,3060662.5,81130,1996620.7380000001,43374.62500000001,371735,58295.496000000036,389071.01206953934,4969173.015,16731988.5,6413.180721,18404344.5,7054.175738,21701161.52,8317.80817,211.59496753246822,1234.0987021144024,61,130.45000000000002,1000.8124,746.174,480,131,5,8160987.716,4969173.015,2609,0.3836,559,291463847,0.286,600717.12,1580427.38,291463.847,111.7147746,10243356.78,3926.162048,13435171.49,2930320,761519.4541,323221,1904.627449,0.01694437033,0.03360000000000002,87.66240000000005,3452.88246,578.2128801431127
1700,DESOTO COUNTY,35003,285219606.2275,8148.433169371197,21461005.92750001,613.1190443711976,226588937.4595,6473.4147775762085,21461005.959500015,58630668.768,1675.018391794989,58630668.768,232769950,10928610,20141187.5,1503565,32573362.5,2084110,12325168.8525,581924.875,4885090,0,0,58630668.77,205127931.5,5860.295733,225828625.5,6451.693442,263758600.3,7535.314125,1264.5292728989616,364.00735258709915,1567,1750.15,6178.0295,4445.381,2739,2423,133,58630668.77,60973728.9,35003,0.1765,7346,2093952456,0.127,8036987.35,16978282.19,2093952.456,59.82208542,167197956.8,4776.67505,164854896.6,25877680,10076320.69,1562060,1675.018392,0,0,0,42890.16635,212.64089300299483
6811,E. TALLAHATCHIE,853,7662902.431453468,8983.472955982965,629474.2814534679,737.9534369829653,6111593.371453469,7164.8222408598695,629474.2814534688,1551309.0599999998,1818.6507151230946,1551309.0599999998,5672450,279300,299250,56525,635075,0,686309.7255000001,14181.125000000002,212800,30234.15850000001,411852.4224534686,1551309.06,5482119.09,6426.868804,6024643.09,7062.887562,7033428.15,8245.519519,-109.65765765765809,1225.967749652704,0,42.650000000000006,344.0149,367.643,70,36,5,1551309.06,1626653.634,853,0.4033,320,55403895,0.431,195642.11,566081.98,55403.895,64.95181125,4473334.03,5244.236846,4397989.456,647247,264558.5527,59279,1818.650715,0.056799004550000004,0.053300000000000014,45.464900000000014,1090.38346,185.246875
3111,EAST JASPER,755,6912234.842467386,9155.277937042896,434468.12246738654,575.4544670428968,5045931.435001192,6683.352894041313,51202.585001192056,1866303.4074661944,2471.925043001582,2451217.468,5020750,231420,498750,56525,786695,6650,560014.455,12551.875,140980,10945.235000000022,373648.2774673857,1483037.87,4994728.85,6615.534901,5492732.85,7275.142848,6477766.72,8579.82347,1198.3252032520322,1172.294836645779,5,37.75,280.709,224.235,58,60,5,2451217.468,1483037.87,755,0.3718,212,87543481,0.297,171800.42,489891.43,87543.481,115.9516305,3041515.382,4028.497195,4009694.98,639301,230940.7437,43920,1964.288569,0.057145114430000005,0.02180000000000004,16.45900000000003,983.2461000000001,207.16981132075472
1211,ENTERPRISE,955,8046882.9209245145,8426.055414580644,453452.3809245145,474.81924658064327,6262095.6649245145,6557.168235523051,407028.7749245148,1784787.256,1868.8871790575918,1784787.256,6350750,315210,665000,56525,1036735,0,238153.125,15876.875,193515,0,211852.92092451476,1738363.65,5855066.89,6130.960094,6438383.89,6741.763236,7593430.54,7951.236168,2174,-289.7641424083772,0,47.75,119.375,138.475,79,80,5,1784787.256,1738363.65,955,0.125,291,63742402,0.145,208497.93,571244.96,63742.402,66.74597068,4653596.634,4872.876057,4700020.24,680199,272743.7195,123212,1820.276074,0.027039197159999997,0,0,1178.2,423.40893470790377
6220,FOREST SEPARATE,1645,13989206,8504.07659574468,1722067.3800000008,1046.84946874468,11322325.896,6882.8728851063825,1722067.3760000002,2666880.104,1621.2037106382977,2666880.104,10939250,750120,490437.5,113050,1353607.5,678300,869670.375,27348.125,121030,0,0,2666880.104,9600258.52,5836.023416,10568378.52,6424.546213,12267138.62,7457.227127,1323.9630350194557,885.8326485060504,510,82.25,435.925,463.89,188,59,10,2666880.104,2853462.2,1645,0.265,182,95245718,0.282,378194.67,798644.85,95245.718,57.90013252,7901498.416,4803.342502,7714916.32,1013349,483513.7777,26415,1621.203711,0,0,0,2103.64,145.13736263736263
1800,FORREST COUNTY,2129,18802299.21544629,8831.51677569107,1649986.3554462902,775.0053336910705,13725678.427275792,6447.007246254482,500438.57727579214,5076620.788170499,2384.509529436589,5323374.588,14157850,1097250,1088937.5,113050,2299237.5,134330,1442401.7580000001,35394.625,382375,0,350710.33244628896,3927073.01,13225239.85,6211.949202,14544714.85,6831.712001,17152312.86,8056.511442,1022.296875,1121.6587875050968,101,106.45,723.0084,536.508,275,131,10,5323374.588,3927073.01,2129,0.3396,575,190120521,0.252,480573.7,1264178.15,190120.521,89.30038563,9221340.262,4331.301203,10617641.84,1873962,631433.0327,233371,1844.56224,0.019007053249999996,0,0,2774.67502,405.86260869565217
1900,FRANKLIN COUNTY,1211,11103290.447580379,9168.695662741848,741864.5275803786,612.6048927418469,9151011.335580379,7556.574182973062,741864.5255803782,1952279.112,1612.121479768786,1952279.112,8053150,758100,723187.5,113050,1594337.5,0,621622.6485,20132.875,200165,0,613882.4240803802,1952279.112,8409146.81,6943.96929,9260178.81,7646.720735,10361425.92,8556.09077,1262.0714285714284,875.7422361992656,0,60.550000000000004,311.5903,380.254,190,87,10,1952279.112,2500248.279,1211,0.2573,301,69724254,0.314,271608.29,732875.52,69724.254,57.57576713,7307899.698,6034.599255,6759930.531,1232123,348749.8624,275179,1612.12148,0.058524029449999994,0,0,1577.35459,914.2159468438538
2000,GEORGE COUNTY,4165,34603055.8825,8308.056634453782,3798430.9224999994,911.9882164537821,29241213.802500002,7020.699592436975,3798430.922500003,5361842.08,1287.3570420168066,5361842.08,27697250,1895250,1787187.5,169575,3852012.5,73150,2001680.2574999998,69243.125,909720,0,0,5361842.08,25442782.88,6108.711376,28023543.88,6728.341868,30804624.96,7396.068418,1752.4560283687943,805.3998919617661,55,208.25,1003.3485,837.165,475,215,15,5361842.08,7566356.848,4165,0.2409,1368,191494360,0.201,932630.86,2055456.02,191494.36,45.97703721,22661701.8,5440.984826,20457187.03,2616531,1193583.484,534023,1287.357042,0,0,0,5203.46705,390.3676900584795
2100,GREENE COUNTY,1640,14342065.818472354,8745.162084434362,366227.5384723544,223.30947343436128,10770353.926472355,6567.288979556314,-3689.083527645096,3571711.892,2177.8731048780487,3571711.892,10906000,602490,556937.5,113050,1272477.5,6650,849032.1,27265,507395,0,773246.2184723536,3201795.273,10774043.01,6569.538421,11858501.01,7230.793299,13975838.28,8521.852611,497.0065789473683,855.4366213167912,5,82,425.58,383.76,151,67,10,3571711.892,3201795.273,1640,0.2595,763,127561139,0.234,382168.28,956220.73,127561.139,77.78118232,8286789.118,5052.920194,8656705.737,1159160,484975.3827,433484,1952.314191,0.05698699233,0,0,2040.4239999999998,568.1310615989515
7620,GREENVILLE,3542,31377928.442,8858.816612648221,3991999.762000002,1127.0467986482208,25975421.682,7333.546494071146,3991999.7619999982,5402506.760000001,1525.2701185770752,5402506.760000001,23554300,1177050,648375,169575,1995000,17290,4441869.894,58885.75000000001,654360,656222.7980000002,0,5402506.76,21983421.92,6206.499695,24196271.92,6831.245601,27385928.68,7731.769814,55.159793814433215,1513.4077161063287,13,177.10000000000002,2226.5012,1512.434,295,78,15,5402506.76,6532993.418,3542,0.6286,984,192946670,0.427,793554.33,1936298.59,192946.67,54.47393281,18793765.16,5305.975483,17663278.5,1973598,1072265.798,421923,1525.270119,0,0.27860000000000007,986.8012000000002,4718.485479999999,428.7835365853659
4211,GREENWOOD-LEFLORE CONS,4030,36513173.48462297,9060.34081504292,5862685.224622969,1454.7606010429208,28404304.21262297,7048.214444819596,4773509.652622972,8108869.272,2012.126370223325,8108869.272,26799500,1264830,1421437.5,169575,2855842.5,168910,4726627.815,66998.75,819280,637560.105,438454.3146229764,7019693.701,23630794.56,5863.720734,25998865.56,6451.331404,30650488.26,7605.580214,985.0725646123265,1504.1715666267241,127,201.5,2369.237,1906.19,317,171,15,8108869.272,7019693.701,4030,0.5879,1232,289602474,0.473,912529.04,2114143.52,289602.474,71.86165608,17889996.29,4439.205034,18979171.86,2360351,1162888.885,371679,1741.859479,0.012154060370000002,0.2379,958.737,5424.7698,301.6875
2220,GRENADA,3864,33555745.188,8684.199065217392,2921977.1680000015,756.2052702173914,26902765.876000002,6962.413528985508,2921977.166000001,6652979.312,1721.785536231884,6652979.312,25695600,941640,3408125,373065,4722830,6650,2305666.188,64239.00000000001,760760,0,0,6652979.312,23980788.71,6206.208258,26413351.71,6835.753548,30633768.02,7927.993795,2010.827687776141,1032.3050976601298,5,193.20000000000002,1155.7224,1329.216,236,410,33,6652979.312,7131604.962,3864,0.2991,1144,237606404,0.344,859235.85,1956298.86,237606.404,61.49234058,19760372.4,5113.968012,19281746.75,3357478,1112608.063,380913,1721.785536,0,0,0,5045.976720000001,332.96590909090907
2421,GULFPORT,6113,53955497.32300001,8826.353234582039,6170056.34300001,1009.3336075820389,41789592.495000005,6836.183951415018,4953499.565000005,12165904.828000002,1990.1692831670214,12165904.828000002,40651450,2302230,3258500,305235,5865965,425600,5434285.836,101628.62500000001,1087940,388627.8620000001,0,10949348.05,36836092.93,6025.861759,40553140.93,6633.918032,47785440.98,7817.019627,1152.4859437751002,1313.6361746062562,320,305.65000000000003,2723.9528,2005.064,577,392,27,12165904.83,10949348.05,6113,0.4456,1636,434496601,0.328,1394972.68,3099817.25,434496.601,71.0774744,28387236.1,4643.748749,29603792.88,4718089,1856002.9,560025,1791.157869,0,0.09560000000000002,584.4028000000001,8113.60862,342.3135696821516
2300,HANCOCK COUNTY,4060,33957469.56,8363.90875862069,920182.8600000031,226.6460246206898,24788952.778800003,6105.653393793104,-680320.301199995,9168516.781200001,2258.2553648275866,12012236.936,26999000,1923180,2003312.5,192185,4118677.5,0,1901809.56,67497.5,870485,0,0,7568013.622,25469273.08,6273.21997,28029680.08,6903.862089,33037286.7,8137.262734,1507.2277027027021,727.290542837002,0,203,953.288,856.66,482,241,17,12012236.94,7568013.622,4060,0.2348,1309,429008462,0.211,931929.63,2259750.45,429008.462,105.6671089,16017443.14,3945.18304,20461666.46,3003329,1208492.213,628698,1864.042764,0,0,0,5106.3863999999985,480.28877005347596
2400,HARRISON COUNTY,14355,122261061.965,8516.967047370255,12286688.465000004,855.9169923702557,91927233.76900001,6403.847702473006,7147756.849000007,30333828.196,2113.119344897248,30333828.196,95460750,4807950,8054812.5,621775,13484537.5,829920,9977557.59,238651.875,2269645,0,0,25194896.62,84779476.92,5905.919674,93314431.92,6500.482892,109974373.5,7661.050055,1978.720278151638,1158.0985561302082,624,717.75,5001.282,3244.23,1205,969,55,30333828.2,25194896.62,14355,0.3484,3413,1083351007,0.226,3296698.16,7221819.76,1083351.007,75.46854803,62980603.72,4387.363547,68119535.3,9073970,4185580.127,966721,1755.130381,0,0,0,18385.1221,283.246703779666
1820,HATTIESBURG,3667,33241362.581,9065.002067357513,5170208.2809999995,1409.9286293575124,24266194.684129998,6617.451509170984,2620757.6941299997,8975167.89687,2447.5505581865286,10077916.015999999,24385550,1001490,1812125,327845,3141460,268660,3948995.967,60963.87500000001,972895,462837.7389999999,0,6425717.307,21645436.99,5902.764382,23798952.99,6490.03354,28071154.3,7655.073438,1481.4859437751002,1458.764215715645,202,183.35000000000002,1979.4466,1243.113,251,218,29,10077916.02,6425717.307,3667,0.5398,1463,359925572,0.339,828148.16,2079969.83,359925.572,98.15259667,13721036.97,3741.760833,17373235.68,2403680,1061450.1,680291,1752.309056,0,0.18979999999999997,695.9965999999998,4998.70114,464.99726589200276
1520,HAZLEHURST,1368,12440909.333954958,9094.23196926532,2294083.1139549576,1676.9613382653197,9281300.657954957,6784.576504353039,1457508.3479549577,3159608.676,2309.655464912281,3159608.676,9097200,187530,482125,113050,782705,182210,1397875.752,22743.000000000004,348460,147556.584,462158.9979549577,2323033.914,7823792.31,5719.146425,8603829.31,6289.348911,10146826.22,7417.270631,1055.391304347826,1405.4917916578183,137,68.4,700.6896,433.656,47,58,10,3159608.676,2323033.914,1368,0.5122,524,112843167,0.317,309941.99,726902.32,112843.167,82.48769518,5444220.634,3979.693446,6280795.396,661335,413062.2707,132461,1698.124206,0.03858157028,0.1622,221.8896,1801.3158400000002,252.7881679389313
2500,HINDS COUNTY,4968,40720155.51330938,8196.488629893192,2263022.0733093843,455.51974089319265,29725713.52471585,5983.43669982203,73225.96471584961,10994441.988593534,2213.051930071162,12272488.311999999,33037200,1568070,1845375,237405,3650850,98420,2990196.972,82593,805980,0,54915.54130937766,8804645.881,29652487.56,5968.697174,32609799.56,6563.969316,38457133.44,7740.968889,1143.1572327044023,992.5114554828064,74,248.4,1498.8456,1013.472,393,222,21,12272488.31,8804645.881,4968,0.3017,1212,438303154,0.204,1141362.53,2780140.03,438303.154,88.22527254,20337311.25,4093.661684,23805153.68,2923802,1502575.544,0,1772.271715,0.0013504295400000022,0,0,6115.07368,0
7611,HOLLANDALE,548,5341717.995145455,9747.660575082948,669427.5311454553,1221.5830860829483,4401035.931145455,8031.087465593895,669427.5311454549,940682.064,1716.5731094890511,940682.064,3644200,203490,216125,56525,476140,0,799501.0380000001,9110.5,13300,138953.346,260513.11114545495,940682.064,3731608.4,6809.50438,4108613.4,7497.469708,4672290.464,8526.077489,1709.5609756097565,1612.7659527428907,0,27.400000000000002,400.7524,200.568,51,26,5,940682.064,1109325.618,548,0.7313,20,33595788,0.366,123415.81,327941.59,33595.788,61.30618248,3167931.336,5780.896599,2999287.782,335956,153181.2118,0,1716.573109,0.05126994819,0.3813,208.95239999999998,764.09096,0
4720,HOLLY SPRINGS,1025,9313167.445046397,9086.017019557461,898515.0450463966,876.6000445574609,6798612.234883869,6632.792424276945,310090.38488386944,2514555.2101625274,2453.2245952805147,2606961.5039999997,6816250,510720,457187.5,113050,1080957.5,29260,879296.25,17040.625,227430,54530.000000000015,208403.0700463971,1926130.55,6488521.85,6330.26522,7133816.85,6959.821317,8414652.4,8209.416975,536.6502590673572,1281.3376170164493,22,51.25,440.75,337.225,128,55,10,2606961.504,1926130.55,1025,0.43,342,93105768,0.329,236079.49,637854.36,93105.768,90.83489561,4526855.346,4416.44424,5207686.301,977384,314546.6953,162627,1879.151756,0.022889452319999996,0.08000000000000002,82.00000000000001,1369.1375,475.5175438596491
2611,HOLMES CONSOL,2544,23598534.19152106,9276.153377170227,4377377.731521059,1720.6673491702268,20049706.33552106,7881.173874025574,4377377.735521061,3548827.856,1394.9795031446542,3548827.856,16917600,837900,814625,113050,1765575,6650,2871593.4239999996,42294,583870,365081.80799999996,1045869.9595210629,3548827.856,15672328.6,6160.506525,17255154.6,6782.686557,19221156.46,7555.486028,1464.663522012579,1486.8634452164351,5,127.2,1439.3952,1101.552,210,98,10,3548827.856,4658891.742,2544,0.5658,878,126743852,0.433,569395.68,1331077.92,126743.852,49.82069654,13706326.74,5387.707053,12596262.86,1299812,731409.3179,344157,1394.979503,0.0463745635,0.2158,548.9952,3391.3780800000004,391.9783599088838
2700,HUMPHREYS COUNTY,1207,12004273.420137705,9945.545501356839,1314209.7401377056,1088.8233173568387,9587674.844137706,7943.392580064379,1314209.7441377062,2416598.5760000004,2002.1529212924609,2416598.5760000004,8026550,534660,482125,169575,1186360,0,1531224.9435,20066.375,426265,229479.06450000007,584328.0371377048,2416598.576,8273465.1,6854.569263,9122495.1,7557.990969,10690063.68,8856.722184,1352.376811594203,1516.245657473513,0,60.35,767.5313,522.631,134,58,15,2416598.576,2463073.677,1207,0.6359,641,86307092,0.433,277451.84,608771.26,86307.092,71.50546147,6705896.524,5555.838048,6659421.423,906418,367458.9429,234793,2002.152921,0.051167323269999995,0.28590000000000004,345.08130000000006,1717.2850199999998,366.29173166926677
2900,ITAWAMBA COUNTY,3375,29579915.689811792,8764.419463647939,1870872.9998117909,554.3327416479387,24953781.14181179,7393.712930907198,1870873.0018117912,4626134.5479999995,1370.7065327407406,4626134.5479999995,22443750,1252860,3291750,169575,4714185,29260,1205902.6875,56109.375,646380,0,484328.62731179333,4626134.548,23082908.14,6839.38019,25418521.14,7531.413671,27709042.69,8210.086722,2771.1351724137935,355.0450453088488,22,168.75,604.4625,536.625,314,396,15,4626134.548,6863000.708,3375,0.1791,972,165219091,0.159,774387.48,1986813.66,165219.091,48.95380474,20792386.59,6160.707138,18555520.43,2705112,991291.2718,431103,1370.706533,0.01664611978,0,0,4375.27625,443.5216049382716
3000,JACKSON COUNTY,8906,71095128.986,7982.835053447115,4005214.0560000017,449.7208684471143,54410563.27,6109.427719514934,2690947.6799999997,16684565.715999998,1873.4073339321803,16684565.715999998,59224900,3076290,3748937.5,520030,7345257.5,252700,2821474.236,148062.25,1302735,0,0,15370299.34,51719615.59,5807.277744,56927034.59,6391.986817,67089914.93,7533.114185,1942.98619873817,171.28745246320227,190,445.3,1414.2728,1353.712,771,451,46,16684565.72,15370299.34,8906,0.1588,1959,595877347,0.152,2053657.83,4357233.76,595877.347,66.90740478,40242468.87,4518.579483,41556735.25,4881551,2579227.051,675496,1725.836441,0,0,0,10690.99684,344.8167432363451
2520,JACKSON PUBLIC,18710,164584825.37,8796.623483164083,19658992.47,1050.7211381640827,129195947.482,6905.181586424372,17423333.181999996,35388877.888000004,1891.4418967397116,35388877.888000004,124421500,4416930,8545250,497420,13459600,551950,20126421.84,311053.75,3360245,2354054.7800000007,0,33153218.55,111772614.3,5973.950525,122789698.3,6562.784517,144925832.9,7745.902345,1149.1909132629644,1434.357923312562,415,935.5,10088.432,7502.71,1107,1028,44,35388877.89,33153218.55,18710,0.5392,5053,1263888496,0.401,4155700.27,11759441.05,1263888.496,67.55149631,87400820.43,4671.342621,89636479.77,10955513,5655999.467,1437620,1771.95182,0,0.18920000000000003,3539.9320000000007,24749.597800000003,284.50821294280627
3300,JEFF DAVIS COUNTY,1235,11314981.827147866,9161.92860497803,645273.7571478654,522.4888689780291,8324595.463147866,6740.563128054952,97120.74314786587,2990386.364,2421.365476923077,2990386.364,8212750,570570,565250,113050,1248870,6650,929601.1725,20531.875,337820,22420.80750000004,536337.9721478671,2442233.354,8227474.72,6661.92285,9045308.72,7324.136615,10669708.07,8639.439736,1526.3619909502258,1192.6019132317733,5,61.75,465.9655,459.42,143,68,10,2990386.364,2442233.354,1235,0.3773,508,106799513,0.372,288437.71,823222.01,106799.513,86.47733846,6054922.356,4902.771138,6603075.366,911544,373889.8257,250985,1977.5168860000001,0.04975931846,0.027300000000000046,33.715500000000056,1620.8487,494.06496062992125
3200,JEFFERSON COUNTY,1063,9890336.456687357,9304.173524635331,1491256.7646873575,1402.875601635331,8371843.284687357,7875.675714663553,1491256.7646873575,1518493.172,1428.497809971778,1518493.172,7068950,335160,407312.5,56525,798997.5,0,1076671.7745,17672.375000000004,260680,111477.34150000005,555887.465687359,1518493.172,6880586.52,6472.800113,7578893.52,7129.721091,8399079.692,7901.297923,1004.735507246377,1433.2899681684744,0,53.150000000000006,539.6851,456.027,84,49,5,1518493.172,2046301.25,1063,0.5077,392,54231899,0.429,235845.75,568908.77,54231.899,51.01777893,6060400.348,5701.223281,5532592.27,660344,303146.5347,176238,1428.49781,0.05955225276,0.15770000000000006,167.63510000000008,1403.6765400000002,449.58673469387753
3400,JONES COUNTY,8524,72662910.642,8524.508522055374,7132859.012000002,836.7971630553739,61977103.174,7270.894318864383,7132859.014000006,10685807.468,1253.61420319099,10685807.468,56684600,3451350,5170375,1107890,9729615,780710,4011569.142,141711.50000000003,1314705,0,0,10685807.47,54844244.16,6434.097156,60447744.16,7091.476321,65530051.63,7687.711359,1925.211356466877,753.3172759695638,587,426.20000000000005,2010.8116,1755.944,865,622,98,10685807.47,16320890.92,8524,0.2359,1977,381635981,0.206,1923229.75,4166069.41,381635.981,44.77193583,49761936.69,5837.862118,44126853.24,6678155,2496790.025,718492,1253.614203,0,0,0,10926.75348,363.42539200809307
3500,KEMPER COUNTY,884,8371688.7263437305,9470.23611577345,377961.42334373016,427.5581707734509,6111332.770230923,6913.272364514619,-55312.75976907741,2260355.956112807,2556.9637512588315,9677971.520000001,5878600,267330,457187.5,56525,781042.5,0,865917.7799999999,14696.500000000002,212135,82888.26000000001,536408.6863437301,1827081.773,6166645.53,6975.84336,6766969.53,7654.942907,7993727.303,9042.677945,935.3661417322837,1378.745052114532,0,44.2,434.044,335.92,67,55,5,9677971.52,1827081.773,884,0.491,319,345641840,0.38,200784.44,742557.09,345641.84,390.9975566,-2911001.99,-3292.988676,4939887.757,662251,267481.7626,212390,2066.834585,0.06846069108,0.14100000000000001,124.644,1178.2376000000002,665.7993730407524
420,KOSCIUSKO,2123,18241638.807,8592.38756806406,1887573.1569999997,889.1065250640595,15188363.883000001,7154.198720207254,1887573.1530000009,3053274.9239999996,1438.1888478568062,3053274.9239999996,14117950,885780,1305062.5,113050,2303892.5,34580,1368876.432,35294.875,381045,0,0,3053274.924,13300790.73,6265.092195,14629662.73,6891.032845,16354065.65,7703.281043,1368.4948586118253,1058.5603902683015,26,106.15,686.1536,639.023,222,157,10,3053274.924,3950008.937,2123,0.3232,573,109045533,0.301,459536.91,1279002.82,109045.533,51.36388742,11576387.81,5452.843997,10679653.79,1771548,642541.4094,37629,1438.188848,0,0,0,2743.1035799999995,65.67015706806282
3600,LAFAYETTE COUNTY,2872,24531977.36760544,8541.774849444791,2265198.38760544,788.7181004447912,19545332.93560544,6805.478041645349,2265198.3856054395,4986644.432,1736.2968077994428,4986644.432,19098800,1372560,1546125,260015,3178700,51870,921899.076,47747,579880,0,653081.2916054388,4986644.432,17280134.55,6016.759941,19004670.55,6617.225122,22266778.98,7753.056749,2341.754068716094,238.88840648268547,39,143.6,462.1048,450.904,344,186,23,4986644.432,5131261.049,2872,0.1609,872,178094444,0.157,642089.47,1633197.08,178094.444,62.01060028,14018026.12,4880.928314,13873409.5,1883710,811507.5967,343697,1736.296808,0.027349727120000004,0,0,3590.81144,394.1479357798165
3700,LAMAR COUNTY,10276,86041628.82,8373.066253405994,6125884.769999996,596.1351474059938,67584837.96399999,6576.959708446865,5962299.963999987,18456790.856,1796.1065449591279,18456790.856,68335400,4532640,6251000,486115,11269755,444220,3813115.32,170838.50000000003,2008300,0,0,18293206.05,61622538,5996.743675,67752615,6593.286785,79915744.05,7776.931106,1940.279647850854,415.83944057978283,334,513.8000000000001,1911.336,1716.092,1136,752,43,18456790.86,18293206.05,10276,0.186,3020,659171102,0.167,2338823.16,5947122.84,659171.102,64.14666232,49295824.14,4797.18024,49459408.95,7523075,3018306.427,905221,1780.187432,0,0,0,12938.5908,299.7420529801324
3800,LAUDERDALE COUNTY,5910,49283350.83,8338.976451776649,2855843.6599999964,483.22227677664887,39929444.478,6756.25118071066,2855843.658,9353906.352,1582.7252710659898,9353906.352,39301500,1863330,3150437.5,474810,5488577.5,127680,2975909.58,98253.75,1291430,0,0,9353906.352,37073600.82,6273.028904,40808544.82,6904.999124,46427507.17,7855.754175,1912.0016891891892,844.0496847857858,96,295.5,1491.684,1093.35,467,379,42,9353906.352,11018307.1,5910,0.2524,1942,334068084,0.185,1350561.68,3226031.14,334068.084,56.52590254,31454638.47,5322.273852,29790237.72,3790720,1716854.17,890464,1582.725271,0,0,0,7411.030199999998,458.529351184346
3420,LAUREL,2712,24220851.312000003,8930.992371681417,4332923.042000003,1597.685485681417,18159680.112000003,6696.047238938055,2826350.4320000038,6061171.2,2234.945132743363,6061171.2,18034800,865830,1596000,339150,2800980,258020,2575910.4839999997,45087,278635,227418.8280000001,0,4554598.594,15333329.68,5653.882625,16868883.68,6220.089853,19887928.27,7333.306886,2387.9134396355357,1361.0668466721063,194,135.6,1291.1832,911.232,217,192,30,6061171.2,4554598.594,2712,0.4761,419,216470400,0.336,603054.54,1369722.14,216470.4,79.81946903,10807712.48,3985.14472,12314285.09,1752686,818523.8375,182120,1679.42426,0,0.12610000000000005,341.9832000000001,3642.2332800000004,434.65393794749406
3900,LAWRENCE COUNTY,1696,15149217.680859817,8932.321745789986,742246.1808598172,437.6451537899866,11679579.620859817,6886.544587771118,570925.2508598175,3469638.06,2045.777158018868,3469638.06,11278400,782040,723187.5,226100,1731327.5,22610,1111147.968,28196.000000000004,386365,0,591171.2128598177,3298317.13,11108654.37,6549.914133,12215989.37,7202.823921,14406971.5,8494.676592,1599.318481848185,1065.9955469486133,17,84.80000000000001,556.9664,435.872,196,87,20,3469638.06,3298317.13,1696,0.3284,581,123915645,0.257,394790.36,1079159.01,123915.645,73.06346993,8746351.31,5157.046763,8917672.24,1246734,517424.2658,300491,1944.762459,0.04060786687,0,0,2189.1799199999996,517.1962134251291
4000,LEAKE COUNTY,2532,22845187.518818706,9022.585907906283,2361065.4588187076,932.4903059062826,19114017.474818707,7548.980045347041,2361065.454818707,3731170.044,1473.6058625592418,3731170.044,16837800,953610,1645875,146965,2746450,363090,1582584.8220000002,42094.5,467495,0,805673.1968187048,3731170.044,16752952.02,6616.489739,18452427.02,7287.688397,20484122.06,8090.095602,1276.7844444444445,1045.349856594606,273,126.60000000000001,793.2756,731.748,239,198,13,3731170.044,4982155.295,2532,0.3133,703,133256073,0.289,585523.89,1380629.13,133256.073,52.62878081,14721256.98,5814.082534,13470271.72,2171897,753334.2873,330948,1473.605863,0.036555850779999996,0,0,3314.21268,470.7652916073969
4100,LEE COUNTY,6303,51774365.685,8214.241739647787,1986494.0350000039,315.166433647787,41493167.261,6583.082224496272,1986494.0310000032,10281198.424,1631.1595151515153,10281198.424,41914950,2613450,2576875,237405,5427730,166250,3093323.31,104787.37500000001,1067325,0,0,10281198.42,39506673.23,6267.915791,43435255.23,6891.203432,49787871.65,7899.075306,1771.305273833672,816.4707611164642,125,315.15000000000003,1550.538,1235.388,655,310,21,10281198.42,11727518.91,6303,0.246,1605,367185658,0.196,1458784.26,3866068.97,367185.658,58.25569697,33154056.81,5260.043917,31707736.32,3681223,1827354.369,540267,1631.159515,0,0,0,7785.6188999999995,336.614953271028
4225,LEFLORE LEGACY,300,2824213.77,9414.0459,436874.1549999998,1456.2471829999995,2339291.31464,7797.637715466667,436874.1546400001,484922.45536,1616.4081845333335,484922.45536,1995000,63840,124687.5,56525,245052.5,0,336476.7,4987.5,3325,42333.900000000016,197038.17,484922.4552,1902417.16,6341.390533,2108171.16,7027.2372,2387339.615,7957.798717,5528.458333333333,1409.2261427724416,0,15,168.66,141.9,16,15,5,484922.4552,569206.2132,241,0.5622,5,17318659.12,0.473,55396.87,56793.29,17318.65912,57.72886372,1623248.705,5410.829016,1538964.947,46028,98796.61876,0,1616.408184,0.075,0.21220000000000006,63.66000000000002,395.064,0
7612,LELAND,700,6618188.601087865,9454.555144411237,955962.178087865,1365.660255411237,4831277.678794142,6901.825255420203,465084.29879414197,1786910.9222937238,2552.729888991034,1821726.508,4655000,271320,249375,56525,577220,0,823376.4,11637.5,164920,111533.80000000003,274500.9010878656,1296033.043,4366193.38,6237.419114,4800122.38,6857.317686,5662226.423,8088.894889,1686.2135922330099,1518.3124840085288,0,35,412.72,213.5,68,30,5,1821726.508,1296033.043,700,0.5896,248,65061661,0.305,152867.31,437800.07,65061.661,92.94523,2978395.872,4254.851246,3504089.337,403540,196738.4716,139560,1851.475775,0.04327150296,0.23960000000000004,167.72000000000003,953.938,562.741935483871
4300,LINCOLN COUNTY,2795,23415315.854309008,8377.572756461183,1442820.844309006,516.2149704611829,20097111.20230901,7190.379678822544,1442820.8423090093,3318204.652,1187.1930776386403,3318204.652,18586750,1228920,1030750,169575,2429245,15960,1306462.6575,46466.875,665000,0,365431.3218090076,3318204.652,18654290.36,6674.164708,20564677.36,7357.666318,21972495.01,7861.357786,1841.9060402684563,750.0050909457393,12,139.75,654.8685,570.18,308,124,15,3318204.652,5552462.887,2795,0.2343,1000,118507309,0.204,649101.73,1383288.63,118507.309,42.39975277,17246472.71,6170.473241,15012214.47,1605913,815307.9486,325768,1187.193078,0.015853932860000003,0,0,3466.1480500000007,325.768
2422,LONG BEACH,2929,24527664.091,8374.074459201092,1238232.1909999996,422.7491252010923,20276264.547,6922.589466370774,1238232.186999999,4251399.544,1451.4849928303174,4251399.544,19477850,1109220,1837062.5,214795,3161077.5,63840,1339296.966,48694.62500000001,436905,0,0,4251399.544,19038032.36,6499.840341,20984620.36,7164.43167,23289431.9,7951.325334,1524.093629343629,725.6604673014692,48,146.45000000000002,671.3268,500.859,278,221,19,4251399.544,5665847.497,2929,0.2292,657,151835698,0.171,668969.81,1432179.55,151835.698,51.83874974,16733220.82,5712.946677,15318772.86,2371597,852141.6466,222298,1451.484993,0,0,0,3688.3705400000003,338.3531202435312
8020,LOUISVILLE,2523,21793123.17657755,8637.78167918254,1262731.31657755,500.4880371825411,17239959.28857755,6833.119020442945,1262731.3185775485,4553163.888,1804.6626587395958,4553163.888,16777950,786030,673312.5,113050,1572392.5,6650,1903122.8684999999,41944.875,637070,47146.03950000003,806846.8935775452,4553163.888,15977227.97,6332.630983,17575097.97,6965.952426,20530391.86,8137.293642,395.30381944444434,1190.5879760737057,5,126.15,953.9463,756.9,197,81,10,4553163.888,4745276.452,2523,0.3781,958,162612996,0.3,574304.27,1500172.7,162612.996,64.45223781,13021934.08,5161.289767,12829821.52,1458545,767365.8739,483678,1804.662659,0.03844640577,0.028100000000000014,70.89630000000004,3155.8310199999996,504.8830897703549
4400,LOWNDES COUNTY,5261,43722055.3805,8310.597867420644,2557848.400500007,486.1905344206434,31917100.427765004,6066.73644321707,185165.28776500374,11804954.952735001,2243.8614242035737,14721070.056,34985650,2142630,2618437.5,339150,5100217.5,38570,2465438.7555,87464.125,1044715,0,0,9432271.838,31731935.14,6031.540608,34934340.14,6640.247128,41164206.98,7824.407333,1789.6831065759638,740.105091086494,29,263.05,1235.8089,957.502,537,315,30,14721070.06,9432271.838,5261,0.2349,1571,525752502,0.182,1197694.37,2670741.77,525752.502,99.9339483,20213270.08,3842.096576,25502068.3,3521717,1550810.297,514790,1792.866725,0,0,0,6574.74517,327.6830044557607
4500,MADISON COUNTY,13162,105810316.57,8039.075867649293,5270938.969999999,400.4664136492929,77241531.09609999,5868.525383383983,-287066.643900007,28568785.4739,2170.5504842653095,43065030.428,87527300,3239880,6566875,847875,10654630,796670,3361048.3200000003,218818.25,3251850,0,0,23010779.9,77528597.74,5890.335644,85225110.74,6475.088189,100539377.6,7638.609454,2217.0638044126417,-266.27074687072627,599,658.1,1684.736,1329.362,812,790,75,43065030.43,23010779.9,13162,0.128,4890,1538036801,0.101,3033504.59,7529248.15,1538036.801,116.8543383,42160080.31,3203.166716,62214330.84,6936614,3809644.233,1200043,1748.273811,0,0,0,15911.3258,245.4075664621677
4600,MARION COUNTY,1904,16887593.423198592,8869.53436092363,822311.8531985916,431.8864779236301,14051293.243198592,7379.880905041277,822311.8531985916,2836300.1799999997,1489.6534558823528,2836300.1799999997,12661600,953610,798000,56525,1808135,6650,1226529.192,31654,503405,0,649620.2311985935,2836300.18,13228981.39,6947.994428,14574913.39,7654.891486,16065281.57,8437.647883,1358.2147058823525,1071.6044079911308,5,95.2,614.8016,521.696,239,96,5,2836300.18,3935226.615,1904,0.3229,757,101296435,0.274,436162.7,1082127.69,101296.435,53.20190914,11738613.21,6165.23803,10639686.77,1346342,567705.0874,483338,1489.653456,0.04000623868,0,0,2441.8004800000003,638.4914134742404
4700,MARSHALL COUNTY,2777,23863580.941594053,8593.295261647121,2220560.9715940543,799.6258446471211,17420414.08736366,6273.105541002398,734160.1973636597,6443166.854230395,2320.1897206447225,9647182.243999999,18467050,805980,1072312.5,271320,2149612.5,308560,1587796.959,46167.625,670985,0,633408.8575940536,4956766.08,16686253.89,6008.733846,18358392.89,6610.872485,21643019.97,7793.669417,1203.007042253521,981.9863131530283,232,138.85,795.8882,772.006,202,129,24,9647182.244,4956766.08,2777,0.2866,1009,344542223,0.278,640687.01,1496618.88,344542.223,124.0699399,8711210.646,3136.914169,13401626.81,1722545,806245.6398,195664,1784.935571,0.02726664509,0,0,3493.25896,193.9187314172448
5720,MCCOMB,2140,18866624.560000002,8816.179700934581,1800068.9300000034,841.1537069345814,14893432.596000003,6959.547942056076,1734445.086000003,3973191.9639999997,1856.6317588785046,3973191.9639999997,14231000,574560,1022437.5,56525,1653522.5,55860,2185454.67,35577.5,474810,230399.8900000001,0,3907568.118,13158987.51,6149.059584,14472474.51,6762.838556,17066555.63,7975.025994,-168.08639705882433,1396.7120841723981,42,107,1095.466,796.08,144,123,5,3973191.964,3907568.118,2140,0.5119,714,141899713,0.372,478937.5,1251661.01,141899.713,66.3082771,10499282.55,4906.206797,10564906.39,1699242,655404.07,396130,1825.96641,0,0.16190000000000004,346.4660000000001,2837.0864,554.8039215686274
3820,MERIDIAN,4614,42479583.146,9206.671683138275,8011009.625999995,1736.2396251382743,32184218.794,6975.340007368877,5600401.173999999,10295364.352,2231.3316757693974,10295364.352,30683100,849870,3133812.5,542640,4526322.5,98420,5549652.297,76707.75,769405,775975.5989999999,0,7884755.897,26583817.62,5761.555618,29202799.62,6329.172003,34468573.52,7470.432058,2388.5399686520377,1494.9945272463256,74,230.70000000000002,2781.7806,1674.882,213,377,48,10295364.35,7884755.897,4614,0.6029,1157,367691584,0.363,1024257.75,2772313.87,367691.584,79.69041699,18907435.27,4097.840327,21318043.72,3002434,1390905.524,469928,1708.8764410000001,0,0.2529,1166.8806,6387.9072400000005,406.1607605877269
2525,MIDTOWN PUBLIC CHARTER,360,3216824.5032,8935.62362,401689.7342000003,1115.8048180000005,2679655.0046,7443.486123888889,401689.7346000001,537169.4986,1492.1374961111112,537169.4986,2394000,39900,166250,0,206150,0,414473.22,5985,3325,54367.73999999999,138523.5432,537169.4987,2277965.27,6327.681306,2518475.27,6995.764639,2815134.769,7819.818802,4200,1476.2951106105238,0,18,207.756,144.36,10,20,0,537169.4987,679988.3229,284,0.5771,5,19184624.95,0.401,65214.04,120124.23,19184.62495,53.29062487,1981305.771,5503.627143,1838486.947,80150,107764.053,0,1492.137496,0.045,0.22709999999999997,81.75599999999999,462.90239999999994,0
4800,MONROE COUNTY,2119,18083145.200014155,8533.810854183179,285372.41001415625,134.67315118317856,14359965.348014155,6776.765147717865,285372.4080141559,3723179.852,1757.0457064653137,3723179.852,14091350,1049370,1088937.5,169575,2307882.5,6650,613396.4655,35228.375,561925,0,466712.85951415566,3723179.852,14074592.94,6642.091996,15484093.94,7307.264719,17797772.79,8399.137703,1236.9034229828849,-36.79422207723792,5,105.95,307.4669,326.326,263,131,15,3723179.852,4180705.364,2119,0.1451,845,132970709,0.154,490390.86,1320409.08,132970.709,62.75163237,11760914.09,5550.219013,11303388.58,1801989,624709.4709,515714,1757.045706,0.026493040729999997,0,0,2649.08757,610.312426035503
3020,MOSS POINT,1569,14332018.155000001,9134.492131931167,-1018258.6049999986,-648.9857270688335,10462373.253150001,6668.179256309752,-1369989.156849999,3869644.9018500005,2466.312875621415,4780407.772,10433850,510720,931000,56525,1498245,93100,1665242.46,26084.625,425600,189896.07000000007,0,3517914.351,11832362.41,7541.339968,13029312.41,8304.21441,15350276.76,9783.477859,878.0816326530612,1442.0056495205508,70,78.45,834.708,465.993,128,112,5,4780407.772,3517914.351,1569,0.532,640,170728849,0.297,362300.21,1055633.2,170728.849,108.813798,8248904.638,5257.428068,9511398.059,1283115,461588.8083,330910,2242.137891,0,0.18200000000000005,285.5580000000001,2155.1907,517.046875
617,N. BOLIVAR CONS,780,7442922.35168286,9542.208143183154,-98027.93831713963,-125.67684381684558,6426267.9716828605,8238.805091901104,-98027.93831713963,1016654.38,1303.4030512820514,1016654.38,5187000,287280,299250,56525,643055,6650,934126.83,12967.5,228095,129830.60999999999,301197.41168286017,1016654.38,6524295.91,8364.481936,7192635.91,9221.32809,7540950.29,9667.884987,1683.787610619469,1468.6949149356947,5,39,468.234,471.9,72,36,5,1016654.38,1942011.696,780,0.6003,343,36309085,0.605,181851.33,527345.58,36309.085,46.55010897,6175981.53,7917.925038,5250624.214,452787,246433.9352,232073,1303.403051,0.04217432262,0.25029999999999997,195.23399999999998,1073.9436,676.5976676384839
7011,N. TIPPAH,1286,10998251.500807403,8552.295101716487,963578.5408074018,749.2834657164867,9665574.616807403,7515.998924422553,963578.536807403,1332676.884,1036.2961772939348,1332676.884,8551900,961590,540312.5,56525,1558427.5,0,455132.118,21379.75,258685,0,152727.1328074015,1332676.884,8701996.08,6766.715459,9588523.08,7456.083266,10034672.96,7803.011636,2133.0498392282957,336.89265456981,0,64.3,228.1364,330.502,241,65,5,1332676.884,2588901.232,1286,0.1774,389,47595603,0.257,292645.07,695852.01,47595.603,37.01057776,8255846.196,6419.787089,6999621.848,895049,378274.6406,59502,1036.296177,0.01408204229,0,0,1630.90592,152.96143958868893
130,"NATCHEZ-ADAMS",2842,25925516.429104354,9122.278827974791,2857078.4091043547,1005.3055619747911,18925626.99324618,6659.2635444215975,1139694.5432461798,6999889.435858176,2463.0152835531935,8975601.04,18899300,1264830,1562750,169575,2997155,17290,2675006.9220000003,47248.25,587860,230193.47400000005,471462.78310435626,5282505.572,17785932.45,6258.245056,19564835.45,6884.178554,23068438.02,8116.973266,1409.7269230769225,1378.2283779849226,13,142.1,1340.8556,1008.91,317,188,15,8975601.04,5282505.572,2842,0.4718,884,320557180,0.355,654711.54,1653340.91,320557.18,112.7928149,10589234.41,3725.979736,14282329.88,2264097,827001.6833,271731,1858.72821,0.01852211006,0.12180000000000002,346.15560000000005,3827.67724,307.38800904977376
5000,NESHOBA COUNTY,3038,26391448.763858993,8687.112825496706,653097.5638589934,214.9761564967066,22892811.523858994,7535.487664206384,653097.5638589934,3498637.24,1151.6251612903227,3498637.24,20202700,1568070,1180375,237405,2985850,6650,1713390.987,50506.75,851200,0,581151.0268589931,3498637.24,22239713.96,7320.511508,24551399.96,8081.435142,25738351.2,8472.136669,647.9766187050354,942.8953545154839,5,151.9,858.8426,853.678,393,142,21,3498637.24,6628877.989,3038,0.2827,1280,124951330,0.281,692577.75,1433615.21,124951.33,41.12947005,21052762.72,6929.80998,17922521.97,2625575,903592.2892,304320,1151.625161,0.022516246530000002,0,0,3881.2477799999997,237.75
4111,NETTLETON,1112,9334720.444,8394.532773381296,545654.7860000003,490.6967503812957,8079675.576,7265.895302158274,545654.7860000003,1255044.868,1128.6374712230215,1255044.868,7394800,506730,482125,56525,1045380,14630,588108.444,18487,273315,0,0,1255044.868,7534020.79,6775.198552,8295780.79,7460.234523,8789065.658,7903.836023,1627.3157894736842,842.7011739156394,11,55.6,294.7912,246.864,127,58,5,1255044.868,2239860.813,1112,0.2651,411,44823031,0.222,258518.73,647574.06,44823.031,40.30848112,7040735.922,6331.597052,6055919.977,736190,339687.5537,96437,1128.637471,0,0,0,1403.7173599999999,234.63990267639903
7320,NEW ALBANY,2114,17875349.093,8455.699665562914,1247766.3429999985,590.2395175629135,14869241.121,7033.699678807947,1247766.341,3006107.972,1421.9999867549668,3006107.972,14058100,1017450,1022437.5,56525,2096412.5,252700,928256.343,35145.25,504735,0,0,3006107.972,13621474.78,6443.460161,15000366.78,7095.726954,16627582.75,7865.460148,1073.1449086161883,667.4593878158935,190,105.7,465.2914,475.65,255,123,5,3006107.972,4050099.031,2114,0.2201,759,107360999,0.225,482677.38,1141325.4,107360.999,50.78571381,11994258.81,5673.726967,10950267.75,1685398,617693.23,414684,1421.999987,0,0,0,2688.02242,546.3557312252965
5100,NEWTON COUNTY,1688,14400599.413097033,8531.160789749427,852504.3630970325,505.03812974942684,12338089.033097032,7309.294450886868,852504.3630970325,2062510.3800000001,1221.8663388625594,2062510.3800000001,11225200,446880,1055687.5,113050,1615617.5,0,658021.2239999999,28063.000000000004,342475,0,531222.6890970336,2062510.38,11485584.67,6804.256321,12654967.67,7497.018762,13548095.05,8026.12266,1382.7409638554218,485.6461066011143,0,84.4,329.8352,396.68,112,127,10,2062510.38,3416841.271,1688,0.1954,515,73661085,0.235,386375.64,924635.03,73661.085,43.63808353,10592457.29,6275.1524230000005,9238126.399,1271315,497838.0433,194110,1221.866339,0.03830184295,0,0,2085.6205600000003,376.9126213592233
5130,NEWTON MUNICIPAL,816,7412800.272017973,9084.314058845555,449224.30801797286,550.5199848455559,5411344.19857312,6631.5492629572545,41570.99857311975,2001456.0734448526,2452.7647958883,2037048.356,5426400,275310,498750,169575,943635,0,679656.6,13566.000000000002,164255,36628.200000000004,148659.4720179726,1593802.764,5369773.2,6580.604412,5902973.2,7234.035784,6963575.964,8533.794074,2043.5277777777774,1273.3566038511212,0,40.800000000000004,340.68,283.152,69,60,15,2037048.356,1593802.764,816,0.4175,247,72751727,0.347,185357.46,545151.74,72751.727,89.15652819,3865924.844,4737.652995,4309170.436,649367,245849.4722,167684,1953.189662,0.020464839010000003,0.0675,55.080000000000005,1092.3519999999999,678.8825910931174
5411,NORTH PANOLA,1219,11239455.740531513,9220.226202240781,1580947.1145315133,1296.9213412407817,8784318.944531513,7206.168125128395,1335679.6645315131,2455136.796,2014.0580771123873,2455136.796,8106350,359100,631750,56525,1047375,6650,1205981.6895,20265.875,311220,118271.64650000003,423341.5295315126,2209869.346,7448639.28,6110.450599,8184701.28,6714.275045,9658508.626,7923.304861,875.1286549707602,1389.0647652009811,5,60.95,604.5021,498.571,90,76,5,2455136.796,2209869.346,1219,0.4959,468,87683457,0.409,277685.58,766625.7,87683.457,71.93064561,5729564.484,4700.216968,5974831.934,897728,366289.1219,287541,1812.854262,0.03913989084,0.14590000000000003,177.85210000000004,1626.4833399999998,614.4038461538462
5711,NORTH PIKE,2245,19005943.39,8465.89906013363,1310452.379999999,583.7204361336298,16637385.17,7410.861991091314,1310452.3800000008,2368558.22,1055.0370690423163,2368558.22,14929250,1125180,947625,113050,2185855,0,1435895.265,37323.125,417620,0,0,2368558.22,15326932.79,6827.141555,16901632.79,7528.566944,17695491.01,7882.178624,1066.2931034482763,1093.7381563243748,0,112.25,719.747,594.925,282,114,10,2368558.22,4563440.853,2245,0.3206,628,84591365,0.265,517504.94,1108270.85,84591.365,37.67989532,14533074.57,6473.529875,12338191.94,1752940,648680.5082,289277,1055.037069,0,0,0,2858.0366000000004,460.63216560509557
5200,NOXUBEE COUNTY,1397,13359649.46486798,9563.099115868274,2240011.43486798,1603.4441168682733,11110439.90086798,7953.070795181088,2240011.4308679793,2249209.5640000002,1610.028320687187,2249209.5640000002,9290050,331170,714875,169575,1215620,35910,1556269.176,23225.125000000004,289940,193604.64200000002,755030.5218679784,2249209.564,8870428.47,6349.626679,9783962.47,7003.552233,11119638.03,7959.654999,1124.831521739131,1473.7343787495925,27,69.85000000000001,780.0848,544.83,83,86,15,2249209.564,2641669.867,1397,0.5584,436,80328913,0.39,314383.08,607567.39,80328.913,57.50101145,7534752.906,5393.523913,7142292.603,1008651,406631.3879,178319,1610.028321,0.059901098580000006,0.20840000000000003,291.13480000000004,1895.43142,408.98853211009174
3021,OCEAN SPRINGS,5861,47817790.447,8158.640240061422,2419518.2969999984,412.81663506142286,38261838.390999995,6528.209928510492,2419518.3009999916,9555952.056,1630.43031155093,9555952.056,38975650,2190510,3142125,633080,5965715,140980,1398446.322,97439.125,1239560,0,0,9555952.056,35842320.09,6115.393293,39463825.09,6733.292116,45398272.15,7745.823605,2231.40996948118,-467.99720275570235,106,293.05,700.9756,650.571,549,378,56,9555952.056,10655232.77,5861,0.1196,1864,341284002,0.111,1360846.33,2971475.76,341284.002,58.22965398,29907873.03,5102.861804,28808592.32,3772239,1726500.942,666214,1630.430312,0,0,0,7190.645179999999,357.4109442060086
921,OKOLONA,511,4793490.909586457,9380.608433632988,74424.67358645704,145.64515363298779,4007083.6935864566,7841.651063769974,74424.67358645657,786407.216,1538.9573698630138,786407.216,3398150,211470,340812.5,56525,608807.5,0,434283.57,8495.375,150290,25825.940000000002,167638.52458645622,786407.216,3932659.02,7696.00591,4326340.02,8466.418826,4719066.236,9234.96328,1869.196969696969,1295.3497248330164,0,25.55,217.686,160.965,53,41,5,786407.216,1168111.805,511,0.426,226,28085972,0.315,118974.71,388343.31,28085.972,54.96276321,3539932.804,6927.461456,3158228.215,423757,152304.0698,245521,1538.95737,0.036239488560000005,0.07600000000000001,38.836000000000006,695.6169,1086.3761061946902
3620,OXFORD,4766,38518551.477,8081.945337180025,4732991.647,993.0742011800248,28118542.578209996,5899.820096141418,2070922.4882099964,10400008.89879,2182.125241038607,17257134.832,31693900,1843380,1587687.5,271320,3702387.5,500080,1645864.227,79234.75,897085,0,0,7737939.744,26047620.09,5465.300061,28659036.09,6013.226204,33785559.83,7088.871136,2179.531019202363,319.31803432410334,376,238.3,824.9946,729.198,462,191,24,17257134.83,7737939.744,4766,0.1731,1349,616326244,0.153,1053475.51,2272725.58,616326.244,129.3172984,11401901.26,2392.34185,20921096.35,2226845,1382428.573,478640,1623.571075,0,0,0,5792.263379999999,354.81097108969607
3022,PASCAGOULA,6565,56102184.355,8545.64879741051,4195371.904999994,639.0513184105093,40954594.57915,6238.323622109672,917736.3091499954,15147589.77585,2307.3251753008376,28618271.808000002,43657250,1831410,3175375,621775,5628560,808640,4665213.735,109143.125,1206310,27067.49500000017,0,11869954.18,40036858.27,6098.531343,43962793.27,6696.541244,51906812.45,7906.597479,1483.9642857142853,1172.0592186372787,608,328.25,2338.453,1700.335,459,382,55,28618271.81,11869954.18,6565,0.3562,1814,1022081136,0.259,1500390.35,4377684.92,1022081.136,155.6863878,15344521.46,2337.322386,32092839.09,4298928,1924408.339,972749,1808.066136,0,0.006200000000000039,40.70300000000025,8436.418699999998,536.2453142227122
2423,PASS CHRISTIAN,1944,16528232.924,8502.177430041153,1735598.6440000013,892.7976580411523,12065610.03452,6206.589523930042,659636.414520001,4462622.88948,2295.5879061111114,6409989.712,12927600,546630,1313375,180880,2040885,27930,1059933.924,32319,439565,0,0,3386660.657,11405973.62,5867.270381,12543187.62,6452.257006,14792634.28,7609.379772,2878.6591639871376,906.6615375030683,21,97.2,531.2952,359.64,137,158,16,6409989.712,3386660.657,1944,0.2733,661,228928204,0.185,431487.86,1079808.76,228928.204,117.7614218,6133197.908,3154.937195,9156526.963,1145622,578229.0011,59475,1742.109392,0,0,0,2485.44856,89.97730711043873
6120,PEARL,4216,35202918.268,8349.83829886148,3112107.5979999974,738.1659378614795,28441106.596,6745.993025616698,3112107.596000001,6761811.672,1603.8452732447818,6761811.672,28036400,1743630,2136312.5,113050,3992992.5,246050,2064039.7679999997,70091,793345,0,0,6761811.672,25328999,6007.827087,27893342,6616.067837,32090810.67,7611.672361,1449.644176136364,844.7317279305444,185,210.8,1034.6064,851.632,437,257,10,6761811.672,7531202.34,4216,0.2454,1193,241493274,0.202,949460.29,2067694.71,241493.274,57.28018833,21131530.33,5012.222564,20362139.66,2972443,1190074.916,205305,1603.845273,0,0,0,5293.67192,172.0913663034367
5500,PEARL RIVER COUNTY,3284,26984058.514,8216.82658769793,2328337.7639999986,708.9944456979292,23105420.029999997,7035.755185749085,2328337.759999998,3878638.484,1181.071401948843,3878638.484,21838600,1240890,1579375,203490,3023755,57190,1397452.014,54596.50000000001,612465,0,0,3878638.484,20777082.27,6326.76074,22899306.27,6972.992165,24655720.75,7507.832142,1767.9055876685934,603.6224373898251,43,164.20000000000002,700.4772,505.736,311,190,18,3878638.484,6182812.693,3284,0.2133,921,138522803,0.154,759427.99,1552602.28,138522.803,42.1811215,19020667.79,5791.920763,16716493.58,2106212,974628.2592,279225,1181.071402,0,0,0,4057.7531599999998,303.1758957654723
5600,PERRY COUNTY,933,8881659.29331283,9519.463336884062,552841.9573128307,592.5422908840628,6483611.284118366,6949.208235925366,61856.74411836639,2398048.0091944644,2570.2551009586973,2967449.156,6204450,478800,581875,56525,1117200,0,705818.2320000001,15511.125000000002,300580,18116.994000000002,519982.9423128304,1907062.796,6421754.54,6882.909475,7063195.54,7570.413226,8328817.336,8926.921046,1954.5589743589749,1207.563089609309,0,46.650000000000006,353.7936,258.441,120,70,5,2967449.156,1907062.796,933,0.3792,452,105980327,0.277,216445.16,624258.38,105980.327,113.5909185,4095746.384,4389.867507,5156132.744,736061,278590.1393,302157,2044.011571,0.06218644689,0.029200000000000004,27.243600000000004,1257.39494,668.4889380530974
1821,PETAL,4392,37388429.064,8512.848147540984,2823170.6440000013,642.7984165409844,31015797.344000004,7061.884641165757,2823170.644000005,6372631.72,1450.9635063752276,6372631.72,29206800,2002980,3075625,350455,5429060,179550,1722617.064,73017.00000000001,777385,0,0,6372631.72,28192626.7,6419.086225,31077554.7,7075.94597,34565258.42,7870.049731,2336.607973421927,551.407426941058,135,219.60000000000002,863.4672,702.72,502,370,31,6372631.72,8390939.769,4392,0.1966,1169,227593990,0.16,1004389.68,2087050.02,227593.99,51.82012523,24704922.98,5624.982464,22686614.93,3319103,1246494.837,532536,1450.963506,0,0,0,5622.320159999999,455.5483319076133
5020,PHILADELPHIA,829,7757877.631,9358.115357056695,954509.7690000003,1151.3989980566948,6037341.107,7282.679260554885,791611.5070000002,1720536.524,2075.4360965018095,1720536.524,5512850,434910,706562.5,113050,1254522.5,14630,835858.317,13782.125000000002,40565,85669.689,0,1557638.262,5245729.6,6327.779976,5769030.6,6959.023643,6803367.862,8206.716359,2240.1004901960787,1418.679848946218,11,41.45,418.9766,268.596,109,85,10,1720536.524,1557638.262,829,0.5054,61,61447733,0.324,183721.27,508866.33,61447.733,74.12271773,4048494.076,4883.587546,4211392.338,797542,241464.6574,0,1878.936384,0,0.15539999999999998,128.82659999999998,1166.59814,0
5520,PICAYUNE,3431,29244465.999,8523.598367531333,4508610.479000002,1314.0805825313328,23941660.967,6978.041669192655,4508610.477000002,5302805.032,1545.5566983386766,5302805.032,22816150,1212960,1512875,260015,2985850,154280,2477149.4055000003,57040.37500000001,726845,27151.218500000054,0,5302805.032,19433050.49,5663.961087,21406168.49,6239.046485,24735855.52,7209.517785,1830.8388998035366,1214.54571073085,116,171.55,1241.6789,881.767,304,182,23,5302805.032,5779665.492,3431,0.3619,1093,189385894,0.257,727405.32,1537937.17,189385.894,55.19845351,16103363.46,4693.489787,15626503,2053953,969073.6234,418962,1545.556698,0,0.011900000000000022,40.828900000000075,4397.664060000001,383.31381518755717
5820,PONTOTOC CITY,2302,20230395.92,8788.182415291052,2222123.990000002,965.301472291052,17792804.12,7729.280677671591,2222123.99,2437591.8000000003,1058.9017376194615,2437591.8000000003,15308300,1380540,1479625,169575,3029740,331170,1070050.17,38270.75,452865,0,0,2437591.8,15570680.13,6763.979205,17142727.13,7446.88407,18008271.93,7822.880943,2368.280148423006,742.5447668196716,249,115.10000000000001,536.366,476.514,346,178,15,2437591.8,4628536.325,2302,0.233,681,87056850,0.207,531061.98,1361549.15,87056.85,37.8179192,14705135.33,6387.982333,12514190.8,1753237,671774.4036,107904,1058.901738,0,0,0,3042.1648,158.44933920704847
5800,PONTOTOC COUNTY,3466,28506304.428,8224.554076168493,1413317.7780000009,407.76623816849315,25176472.16,7263.840784766301,1413317.7800000012,3329832.268,960.7132914021928,3329832.268,23048900,1516200,1280125,293930,3090255,287280,1337297.1779999998,57622.25000000001,684950,0,0,3329832.268,23763154.38,6856.074547,26194785.38,7557.641483,27092986.65,7816.787838,961.3589285714288,480.8530735267875,216,173.3,670.3244,734.792,380,154,26,3329832.268,7072592.053,3466,0.1934,1030,118922581,0.212,803371.5,1802644.88,118922.581,34.31118898,22864953.11,6596.928192,19122193.33,2551894,1014969.63,522068,960.7132914,0,0,0,4286.6623199999995,506.8621359223301
5530,POPLARVILLE,1909,16368976.137257082,8574.633911606643,1349064.857257083,706.6866736066431,13172069.249257082,6899.983891700934,1349064.8592570815,3196906.888,1674.6500199057098,3196906.888,12694850,614460,1097250,113050,1824760,17290,891559.3155,31737.125,264670,0,644109.6967570818,3196906.888,11823004.39,6193.297218,13027755.39,6824.387318,15019911.28,7867.947238,2034.4290540540542,797.9374889376052,13,95.45,446.8969,381.8,154,132,10,3196906.888,3517493.955,1909,0.2341,398,114175246,0.2,437097.67,903606.72,114175.246,59.80892928,9830848.502,5149.737298,9510261.435,1222569,534963.5253,242338,1674.65002,0.04096121892,0,0,2364.6415700000002,608.8894472361809
5900,PRENTISS COUNTY,2278,20258367.55638091,8893.049849157554,1447842.7063809074,635.5762531575547,17763182.164380908,7797.709466365632,1447842.7043809071,2495185.392,1095.3403827919228,2495185.392,15148700,1607970,1479625,113050,3200645,6650,950732.412,37871.75,537985,0,375783.39438090986,2495185.392,16315339.46,7162.133213,17969550.46,7888.301343,18810524.85,8257.473596,1819.0879864636208,591.4945400094343,5,113.9,476.5576,435.098,403,178,10,2495185.392,4851778.624,2278,0.2092,809,89113764,0.191,510258.94,1412112.52,89113.764,39.11929939,15474365.07,6792.96096,13117771.84,2125564,668851.1936,501635,1095.340383,0.01890012844,0,0,2989.8622800000003,620.0679851668726
6000,QUITMAN COUNTY,852,8030507.624783418,9425.478432844387,439957.2347834185,516.3817308443868,5862270.566091895,6880.599255976403,9185.566091895103,2168237.058691523,2544.879176867985,2182224.3800000004,5665800,319200,448875,56525,824600,0,762333.39,14164.5,260680,55808.13000000002,447121.60478341824,1737465.39,5853085,6869.818075,6435057,7552.883803,7590550.39,8909.096702,1274.5323741007196,1308.0139463312764,0,42.6,382.122,374.028,80,54,5,2182224.38,1737465.39,852,0.4485,392,77936585,0.439,195174.63,594290.37,77936.585,91.47486502,4252832.62,4991.587582,4697591.61,647440,262512.4848,196657,2039.278627,0.058960681099999995,0.09850000000000003,83.92200000000003,1140.3588000000002,501.67602040816325
1212,QUITMAN SEP,1593,15140466.842081232,9504.373409969387,2135715.5220812317,1340.6877119693863,11724706.382081233,7360.142110534359,1698804.542081233,3415760.46,2144.231299435028,3415760.46,10593450,562590,1338312.5,169575,2070477.5,6650,1354478.517,26483.625000000004,303240,80722.08900000005,704965.1110812305,2978849.477,10025901.84,6293.723691,11032775.84,6925.78521,13004751.32,8163.685698,2806.988958990536,1308.2402904777855,5,79.65,678.9366,555.957,141,161,15,3415760.46,2978849.477,1593,0.4262,456,121991445,0.349,356924.14,908362.7,121991.445,76.57968927,7617015.38,4781.553911,8053926.363,1180662,466266.3022,202630,1869.962007,0.04883551152,0.07620000000000005,121.38660000000007,2170.75214,444.3640350877193
6100,RANKIN COUNTY,18720,149802839.62,8002.288441239317,7281786.219999999,388.98430423931677,109356072.9226,5841.670562104701,-529737.677399993,40446766.6974,2160.6178791346156,46621147.18799999,124488000,7660800,6508687.5,802655,14972142.5,535990,5165007.12,311220,4330480,0,0,32635242.8,109885810.6,5869.968517,120871269.6,6456.798592,142521053.4,7613.304137,1857.8877072819032,-104.96247860157837,403,936,2588.976,2265.12,1920,783,71,46621147.19,32635242.8,18720,0.1383,6512,1665040971,0.121,4271168.85,10032364.79,1665040.971,88.94449631,74250122.45,3966.352695,88236026.84,9818362,5436752.458,1682297,1743.33562,0,0,0,22526.7428,258.3379914004914
2515,REIMAGINE PREP,600,5341470.4294,8902.450715666666,689810.4643999999,1149.684107666666,4369269.2946,7282.115491,689810.4645999996,972201.1348000001,1620.3352246666668,972201.1348000001,3990000,55860,274312.5,0,330172.5,6650,698688.9,9975,97755,93246.3,114982.72940000003,972201.1349,3679458.83,6132.431383,4063552.83,6772.58805,4651659.965,7752.766608,4959.521276595744,1418.0549049169094,5,30,350.22,240.6,14,33,0,972201.1349,1097159.264,514,0.5837,147,34721469.1,0.401,117806,219727.83,34721.4691,57.86911517,3091351.695,5152.252825,2966393.566,97075,202057.7112,0,1620.335225,0.022000000000000002,0.23370000000000002,140.22,785.9380000000001,0
5620,RICHTON,597,5085189.27045775,8517.904975641122,677206.56445775,1134.3493546411219,4331282.77445775,7255.080024217336,677206.56445775,753906.496,1262.8249514237857,753906.496,3970050,255360,290937.5,0,546297.5,0,263333.4165,9925.125,139650,0,155933.22895774982,753906.496,3654076.21,6120.73067,4049860.21,6783.685444,4407982.706,7383.555621,2033.4090909090905,730.4220264597523,0,29.85,131.9967,167.16,64,35,0,753906.496,1093462.257,597,0.2211,210,26925232,0.28,137206.6,73232.61,26925.232,45.10089112,3295953.714,5520.860492,2956397.953,344990,166920.1194,0,1262.824951,0.03163423195,0,0,741.24151,0
7012,S. TIPPAH,2485,21373067.0825,8600.831823943661,1370196.6624999978,551.3869879436616,18742014.4345,7542.058122535212,1370196.6645000018,2631052.648,1058.7737014084507,2631052.648,16525250,1512210,1679125,113050,3304385,190190,873028.9575,41313.125,438900,0,0,2631052.648,17371817.77,6990.671135,19136082.77,7700.63693,20002870.42,8049.444836,1100.9153976311336,302.91306224627715,143,124.25,437.6085,703.255,379,202,10,2631052.648,5166742.348,2485,0.1761,660,93966166,0.283,561682.19,1459615.58,93966.166,37.81334648,16505030.12,6641.863228,13969340.42,2653744,740471.6267,350476,1058.773701,0,0,0,3213.99505,531.0242424242424
6200,SCOTT COUNTY,3989,33773007.38062175,8466.534815899162,3297259.8106217533,826.5880698991623,30318732.612621754,7600.584761248873,3297259.8126217537,3454274.768,865.9500546502883,3454274.768,26526850,1675800,2335812.5,169575,4181187.5,508060,1800907.8465,66317.125,581875,0,107809.90912175154,3454274.768,27021472.8,6773.996691,29795359.8,7469.380747,30475747.57,7639.946746,1909.7493016759777,740.1364551234408,382,199.45000000000002,902.7107,1081.019,420,281,15,3454274.768,8044747.146,3989,0.2263,875,123366956,0.271,908789.17,1977643.63,123366.956,30.92678767,26341085.03,6603.430692,21750612.65,2813807,1132778.749,437383,865.9500547,0.0032024142800000013,0,0,5062.43571,499.8662857142857
6920,SENATOBIA,1666,14286582.163,8575.379449579832,1228862.2930000015,737.612419579832,11488047.291000001,6895.586609243698,1228862.2910000011,2798534.872,1679.7928403361345,2798534.872,11078900,985530,847875,113050,1946455,31920,943589.913,27697.250000000004,258020,0,0,2798534.872,10259185,6157.97419,11284965,6773.688475,13057719.87,7837.76703,1728.194986072424,974.5778071002969,24,83.30000000000001,472.9774,336.532,247,102,10,2798534.872,3046940.55,1666,0.2839,388,99947674,0.202,374688.54,959383.46,99947.674,59.99260144,8486430.128,5093.895635,8238024.45,1326033,482636.6357,65615,1679.79284,0,0,0,2148.35822,169.11082474226805
6400,SIMPSON COUNTY,3008,27218458.078598406,9048.68952081064,1165873.798598405,387.5910218106401,20027287.966598406,6658.007967619151,-53170.08340159431,7191170.112,2390.6815531914895,7191170.112,20003200,1320690,2011625,248710,3581025,66500,1950912.096,50008,801325,0,765487.9825984064,5972126.233,20080458.05,6675.684192,22118986.05,7353.38632,26052584.28,8661.098499,1892.275630252101,1054.5467927830719,50,150.4,977.9008,878.336,331,242,22,7191170.112,5972126.233,3008,0.3251,1205,256827504,0.292,695616.4,1648007.65,256827.504,85.38148404,14927815.94,4962.704767,16146859.82,2455121,919669.9437,573531,1985.414306,0.028937695080000003,0,0,3977.89024,475.9593360995851
2505,SMILOW COLLEGIATE,575,4933107.571875,8579.317516304349,439215.51887500007,763.8530763043491,3856877.1326750005,6707.6124046521745,396467.49267500034,1076230.4392,1871.7051116521739,1076230.4392,3823750,147630,124687.5,0,272317.5,6650,625756.6875,9559.375,0,74754.3125,120319.69687500001,1033482.413,3460409.64,6018.103722,3827712.64,6656.891548,4493892.053,7815.46444,3940.2596153846152,1377.651932252022,5,28.75,313.6625,230.575,37,15,0,1076230.439,1033482.413,569,0.5455,0,38436801.4,0.401,128324.4,136250.24,38436.8014,66.84661113,2751482.201,4785.186436,2794230.227,67424,193638.9383,0,1797.360718,0.025,0.1955,112.41250000000001,723.7275000000001,NA
2535,SMILOW PREP,600,5176755.3026,8627.925504333334,431463.37760000024,719.1056303333344,4085393.32824,6808.9888804,430340.9782400001,1091361.9743599999,1818.936623933333,1091361.9743599999,3990000,63840,124687.5,56525,245052.5,6650,640155.6,9975,99750,73735.20000000004,111437.0026,1090239.575,3655052.35,6091.753917,4037924.35,6729.873917,4745291.925,7908.819874,4396.458333333333,1365.3013238593867,5,30,320.88,240.6,16,15,5,1091361.974,1090239.575,577,0.5348,150,38977213.37,0.401,130428.08,193326.27,38977.21337,64.96202229,2946562.376,4910.937293,2947684.776,86780,202057.7112,0,1817.065958,0.022000000000000002,0.18480000000000008,110.88000000000005,761.702,0
6500,SMITH COUNTY,2443,20702176.67959581,8474.079688741633,1166694.7995958105,477.56643574163263,16125430.127595808,6600.667264672865,1064507.0675958078,4576746.552,1873.412424068768,4576746.552,16245950,542640,1271812.5,248710,2063162.5,6650,1105374.438,40614.875,413630,0,826794.8665958093,4474558.816,15060923.06,6164.929619,16572440.06,6783.643086,19535481.88,7996.513253,1294.9565916398706,689.1835938769013,5,122.15,554.0724,583.877,136,153,22,4576746.552,4474558.816,2443,0.2268,622,163455234,0.239,570798.14,1338710.92,163455.234,66.90758657,11995693.51,4910.230662,12097881.24,1660431,723516.8301,293265,1831.583633,0.04159894256999999,0,0,2988.77922,471.4871382636656
6312,SOUTH DELTA,604,5974658.717043319,9891.819067952514,250158.3950433191,414.1695279525138,4361500.863441623,7221.027919605336,-52805.256558377296,1613157.8536016962,2670.791148347179,2225227.816,4016600,243390,241062.5,56525,540977.5,0,784923.9720000001,10041.500000000002,97755,121060.32400000001,403300.42104331835,1310194.202,4414306.12,7308.453841,4852571.12,8034.058146,5724500.322,9477.64954,2917.4578947368423,1535.8261726652936,0,30.200000000000003,393.4456,301.396,61,29,5,2225227.816,1310194.202,604,0.6514,147,79472422,0.499,137206.6,463844.52,79472.422,131.5768576,2627343.304,4349.906132,3542376.918,263819,180659.922,169803,2169.195699,0.07238816813,0.3014,182.0456,837.7982400000001,1155.1224489795918
5412,SOUTH PANOLA,4313,36707802.096,8510.967330396476,4996700.966000002,1158.5209743964751,31056922.652000003,7200.770380709483,4996700.962000001,5650879.444,1310.1969496869929,5650879.444,28681450,1807470,2227750,169575,4204795,67830,2810208.471,71703.625,871815,0,0,5650879.444,26060221.69,6042.249406,28686094.69,6651.076905,31711101.13,7352.446356,2423.607336956522,1110.9285091895945,51,215.65,1408.6258,1410.351,453,268,15,5650879.444,7745245.566,4313,0.3266,1311,201817123,0.327,956005.07,2257017.62,201817.123,46.7927482,23035215.25,5340.879955,20940849.12,2421020,1245325.911,576931,1310.19695,0,0,0,5519.970240000001,440.06941266209003
5712,SOUTH PIKE,1557,13872989.290007314,8910.076615290503,1733706.9600073136,1113.4919482905034,10769603.438007314,6916.893666029103,1410633.638007313,3103385.852,1993.1829492614002,3103385.852,10354050,566580,723187.5,113050,1402817.5,0,1386303.7545,25885.125000000004,400330,99709.50150000001,203893.40900731465,2780312.526,9358969.8,6010.899037,10297453.8,6613.650482,12139282.33,7796.584667,1728.6297071129711,1318.1172598620412,0,77.85000000000001,694.8891,516.924,142,87,10,3103385.852,2780312.526,1557,0.4463,602,110835209,0.332,352716.78,840693.02,110835.209,71.18510533,7194067.948,4620.467532,7517141.274,989675,470358.4381,301940,1785.68563,0.014916378579999999,0.0963,149.9391,2055.5031400000003,501.5614617940199
5321,STARKVILLE OKTIBBEHA,4894,41516348.601,8483.111687985289,4663836.811000004,952.9703329852891,30306934.47873,6192.67153222926,1887709.3687300012,11209414.122270001,2290.440155756028,13201235.824,32545100,1795500,2344125,113050,4252675,136990,3385015.8510000003,81362.75,1115205,0,0,8433286.68,28419225.11,5806.952413,31234395.11,6382.181265,36852511.79,7530.141355,1790.9393530997304,1150.4434372115443,103,244.70000000000002,1696.7498,1150.09,450,282,10,13201235.82,8433286.68,4894,0.3467,1677,471472708,0.235,1106067.48,2818917.63,471472.708,96.33688353,18033159.29,3684.748526,22801108.43,2923798,1433001.179,633622,1723.1889410000001,0,0,0,6243.05994,377.8306499701849
6600,STONE COUNTY,2518,21364688.489653938,8484.784944262883,1897886.6996539384,753.7278382628829,17650804.077653937,7009.85070597853,1897886.6976539362,3713884.4119999995,1474.9342382843524,3713884.4119999995,16744700,786030,1072312.5,169575,2027917.5,26600,1435188.237,41861.75,598500,0,489921.0026539386,3713884.412,15752917.38,6256.122867,17355140.38,6892.430651,19466801.79,7731.057106,2343.045454545454,1015.2738397642678,20,125.9,719.3926,581.658,197,129,15,3713884.412,4685887.903,2518,0.2857,900,132638729,0.231,580147.82,1232146.56,132638.729,52.6762228,13641255.97,5417.496413,12669252.48,1228939,704807.7497,293713,1474.934238,0.023469531000000002,0,0,3139.0627799999997,326.34777777777776
6711,SUNFLOWER CONS,2929,27827382.911333922,9500.64285125774,4325243.481333923,1476.6963052577403,21765756.767333925,7431.122146580377,3643134.4173339233,6061626.143999999,2069.520704677364,6061626.143999999,19477850,730170,1911875,169575,2811620,0,3320194.311,48694.62500000001,724850,425006.68700000015,1019167.2883339234,5379517.085,18122622.35,6187.30705,19924137.35,6802.368505,23502139.43,8023.946546,2056.4929906542056,1457.6810212936962,0,146.45000000000002,1664.2578,1772.045,183,230,15,6061626.144,5379517.085,2929,0.5682,1090,216486648,0.605,656815.22,1791176.13,216486.648,73.91145374,13862511.21,4732.8478,14544620.27,1931441,894237.3014,315043,1836.639496,0.03801697594,0.21820000000000006,639.1078000000002,4031.3106200000007,289.0302752293578
6900,TATE COUNTY,2014,17741728.277152143,8809.199740393318,1425717.0271521434,707.9031903933183,14342631.345152143,7121.465414673358,1425717.025152143,3399096.932,1687.7343257199602,3399096.932,13393100,861840,1122187.5,113050,2097077.5,98420,1213414.8599999999,33482.75,488110,0,418123.167152143,3399096.932,12916914.32,6413.562224,14219880.32,7060.516544,16316011.25,8101.29655,2482.286703601108,1016.4462377595244,74,100.7,608.228,398.772,216,135,10,3399096.932,3839367.686,2014,0.302,734,121396319,0.198,465146.72,1114914.6,121396.319,60.27622592,10820783.39,5372.782218,10380512.63,1200972,595183.7977,362274,1687.734326,0.024136036609999998,0,0,2605.0534,493.56130790190736
7100,TISHOMINGO,2897,24420048.068209797,8429.42632661712,919105.8982097954,317.26126861712055,18931317.7162098,6534.800730483189,811463.0362097993,5488730.352,1894.6255961339316,5488730.352,19265050,1384530,1463000,169575,3017105,106400,1022974.155,48162.625,677635,0,282721.2882097951,5381087.494,18119854.68,6254.696127,19929953.68,6879.51456,23500942.17,8112.165058,2277.7527881040887,345.6983382380761,80,144.85,512.769,556.224,347,176,15,5488730.352,5381087.494,2897,0.177,1019,196026084,0.192,668268.58,1702273.1,196026.084,67.66519986,14441223.33,4984.888964,14548866.19,1791674,845710.7638,617761,1857.468931,0.011713032300000004,0,0,3629.6731999999997,606.2423945044161
7200,TUNICA COUNTY,1671,15624267.157399058,9350.249645361495,2392009.5773990583,1431.4838873614954,11405715.024901312,6825.682241113891,1200275.9849013127,4218552.132497746,2524.5674042476035,5357212.643999999,11112150,315210,781375,113050,1209635,33250,1975184.6625,27780.375000000004,349790,269469.63750000007,647007.48239906,3026818.541,10205439.04,6107.384225,11210439.04,6708.820491,13232257.58,7918.765758,602.4808743169397,1502.7970647455854,25,83.55000000000001,990.0675,698.478,79,94,10,5357212.644,3026818.541,1671,0.5925,526,191329023,0.418,370948.67,1090184.37,191329.023,114.4997145,5853226.396,3502.828484,8183620.499,1099381,487314.1296,281292,1811.381532,0.04319932327,0.24250000000000005,405.2175000000001,2252.2194999999997,534.7756653992395
4120,TUPELO,7132,59641246.126,8362.485435501963,6263790.605999999,878.2656495019637,43538109.67198,6104.614367916433,2380078.2819800004,16103136.454020001,2257.87106758553,17528233.996,47427800,2585520,3349937.5,553945,6489402.5,518700,4181709.1259999997,118569.50000000001,905065,0,0,12219424.13,41158031.39,5770.896157,45257126.39,6345.643072,53377455.52,7484.219786,1828.4668181818188,997.6923796576375,390,356.6,2096.0948,1526.248,648,403,49,17528234,12219424.13,7132,0.2939,1361,626008357,0.214,1578927.68,3913684.71,626008.357,87.77458735,27728892.39,3887.954626,33037702.26,4478089,2090451.317,599098,1713.323629,0,0,0,8968.60844,440.1895664952241
5131,UNION CITY,927,8181122.999,8825.375403451995,416284.409,449.06624445199486,7480477.039,8069.554518878102,416284.409,700645.96,755.8208845738942,700645.96,6164550,618450,623437.5,113050,1354937.5,0,439409.124,15411.375,206815,0,0,700645.96,7064192.63,7620.488274,7790302.63,8403.778457,7764838.59,8376.309159,2222.70625,758.0170116301454,0,46.35,220.2552,253.998,155,75,10,700645.96,2103381.71,927,0.2376,311,25023070,0.274,212004.06,534444.57,25023.07,26.99360302,7089656.67,7647.957573,5686920.92,821488,272451.9355,135974,755.8208846,0,0,0,1230.24406,437.2154340836013
7300,UNION COUNTY,2980,24234956.76,8132.535825503356,1929598.950000003,647.5164265033563,21359786.28,7167.713516778524,1929598.950000003,2875170.48,964.8223087248322,2875170.48,19817000,1352610,1180375,237405,2770390,35910,1026124.2599999999,49542.5,535990,0,0,2875170.48,19430187.33,6520.197091,21417917.33,7187.220581,22305357.81,7485.019399,1684.139442231076,312.1145407389547,27,149,514.348,563.22,339,142,21,2875170.48,5782837.679,2980,0.1726,806,102684660,0.189,675280.84,1460062.49,102684.66,34.4579396,18542746.85,6222.398272,15635079.65,1924952,865588.7702,97769,964.8223087,0,0,0,3644.3543999999997,121.3014888337469
7500,VICKSBURG WARREN,6862,59155381.166,8620.720076654037,4945628.2260000035,720.726934654037,43183428.25118,6293.125655957447,1384850.7611799985,15971952.91482,2327.59442069659,17506014.26,45632300,2505720,2186187.5,260015,4951922.5,101080,6157622.562,114080.75000000001,1742965,455410.35400000005,0,12411175.45,41798577.49,6091.311205,45967316.49,6698.821989,54209752.94,7899.993142,728.3342450765867,1336.2807489555576,76,343.1,3086.5276,2291.908,628,263,23,17506014.26,12411175.45,6862,0.4498,2621,625214795,0.334,1524232.04,4002969.45,625214.795,91.1126195,28461302.23,4147.668643,33556141.04,4286225,2033155.149,632074,1808.681937,0,0.0998,684.8276,8895.546040000001,241.1575734452499
618,W. BOLIVAR CONS,938,9166195.112481784,9772.063019703395,-636517.0555182155,-678.5896102966053,6691322.432111703,7133.606004383479,-865005.8578882972,2474872.6803700817,2638.4570153199165,2755138.6799999997,6237700,434910,374062.5,113050,922022.5,6650,1104821.424,15594.250000000002,183540,149954.30800000005,545912.6304817826,2246383.878,7556328.29,8055.78709,8319940.29,8869.872377,9802712.168,10450.65263,1595.9908536585363,1504.0846264106299,5,46.900000000000006,553.7952,476.504,109,45,10,2755138.68,2246383.878,938,0.5904,276,98397810,0.508,218315.09,693971.2,98397.81,104.9017164,5564801.61,5932.624318,6073556.412,660280,271866.5775,178822,2394.865542,0.06332885629,0.24040000000000006,225.49520000000007,1296.2830800000002,647.9057971014493
6812,W. TALLAHATCHIE,513,4853278.332232185,9460.58154431225,-860962.6437678151,-1678.2897556877506,3542893.182529495,6906.224527347944,-860641.727470505,1310385.1497026898,2554.3570169643076,2144998.688,3411450,211470,241062.5,113050,565582.5,0,455019.201,8528.625,99085,32272.317000000006,281340.68923218414,1310706.066,4403534.91,8583.888713,4854466.91,9462.89846,5714240.976,11138.8713,745.103260869565,1284.9378129935224,0,25.650000000000002,228.0798,237.006,53,29,10,2144998.688,1310706.066,513,0.4446,149,76607096,0.462,126688.2,353378.71,76607.096,149.3315712,2709468.222,5281.614468,3543760.844,497033,161950.8416,15745,2554.982584,0.06153642311,0.09460000000000002,48.52980000000001,687.50942,105.67114093959732
7400,WALTHALL COUNTY,1684,14882370.97771804,8837.51245707722,584686.7477180399,347.20115407722005,11734203.21371804,6968.0541649157,584686.7437180392,3148167.764,1869.4582921615201,3148167.764,11198600,630420,798000,113050,1541470,27930,1118404.182,27996.5,418950,0,549020.2957180402,3148167.764,11149516.47,6620.853011,12275295.47,7289.367856,14297684.23,8490.311303,1335.064393939394,1114.2617878301176,21,84.2,560.6036,559.088,158,96,10,3148167.764,3314329.777,1684,0.3329,630,112434563,0.332,391284.23,963049.24,112434.563,66.76636758,9127127.706,5419.909564,8960965.693,1189013,493745.0124,397528,1869.458292,0.038303695199999994,0,0,2155.3910800000003,630.9968253968254
8113,WATER VALLEY,1041,8765210.137380073,8419.990525821395,445458.6653800728,427.91418382139454,7334875.245380073,7045.989668953,445458.6653800728,1430334.892,1374.0008568683957,1430334.892,6922650,406980,465500,56525,929005,15960,636122.3084999999,17306.625,240065,0,4101.2038800726505,1430334.892,6889416.58,6618.075485,7590707.58,7291.745994,8319751.472,7992.076342,1992.1104294478528,1014.9388650068069,12,52.050000000000004,318.8583,337.284,102,56,5,1430334.892,2049491.047,1041,0.3063,361,51083389,0.324,237949.43,549669.15,51083.389,49.07145917,6160372.688,5917.745137,5541216.533,604291,312500.6274,179329,1374.000857,4.681146999999974e-4,0,0,1317.45999,496.7562326869806
7700,WAYNE COUNTY,2900,27271182.382186454,9403.855993857398,2186858.212186452,754.0890378573986,22660978.770186454,7814.130610409122,2186858.2101864554,4610203.612,1589.7253834482758,4610203.612,19285000,1811460,1313375,260015,3384850,82460,2516692.5,48212.5,635075,163922.50000000006,1154969.8821864536,4610203.612,20474120.56,7060.041572,22557218.56,7778.351228,25084324.17,8649.766956,1119.4204724409446,1334.3320918747522,62,145,1261.5,919.3,454,158,23,4610203.612,6090449.011,2900,0.435,955,164650129,0.317,665229.93,1684261.63,164650.129,56.77590655,17947014.95,6188.625844,16466769.55,2674018,833432.5661,551503,1589.725383,0.04422424891000001,0.08500000000000002,246.50000000000006,3927.25,577.4900523560209
7800,WEBSTER COUNTY,1739,15181467.682875022,8729.998667553204,1536937.652875023,883.8054365532034,13006457.754875023,7479.2741546147345,1536937.6548750233,2175009.9280000003,1250.7245129384705,2175009.9280000003,11564350,973560,706562.5,113050,1793172.5,14630,769838.7795,28910.875,444885,0,565680.5283750221,2175009.928,11469520.1,6595.468718,12623860.1,7259.264002,13644530.03,7846.193231,1291.520648967552,663.2123002735793,11,86.95,385.8841,415.621,244,85,10,2175009.928,3408442.227,1739,0.2219,669,77678926,0.239,391284.23,1034552.87,77678.926,44.6687326,10448850.17,6008.539489,9215417.873,1355347,513915.6979,353648,1250.724513,0.03870339123,0,0,2197.8627300000003,528.6218236173393
3112,WEST JASPER,1411,12744881.67078947,9032.517130254762,1117089.4107894711,791.7005062547632,9501020.99478947,6733.537203961354,537917.0447894707,3243860.676,2298.979926293409,3243860.676,9383150,885780,631750,169575,1687105,19950,895715.4990000001,23457.875,254695,0,480808.29678947164,2664688.307,8963103.95,6352.30613,9869215.95,6994.48331,11627792.26,8240.816624,1232.0479233226843,1136.2014151180833,15,70.55,448.9802,340.051,222,76,15,3243860.676,2664688.307,1411,0.3182,383,115852167,0.241,317187.99,762010.96,115852.167,82.10642594,6625355.274,4695.503383,7204527.643,1301474,385583.5604,102635,1888.510494,0.03920461678,0,0,1844.22156,267.97650130548305
1321,WEST POINT CONS,2609,23321612.22509384,8938.908480296604,2586775.4050938413,991.4815672966042,17186681.52109384,6587.459379491698,1201249.051093841,6134930.704,2351.4491008049063,6134930.704,17349850,945630,1537812.5,192185,2675627.5,15960,2169425.244,43374.62500000001,575890,115896.99800000005,375587.8580938413,4749404.347,15985432.47,6127.034293,17590386.47,6742.194891,20734836.82,7947.426913,1377.153758542142,1260.5665654066206,12,130.45000000000002,1087.4312,819.226,237,185,17,6134930.704,4749404.347,2609,0.4168,866,219104668,0.314,592302.41,1428737.06,219104.668,83.98032503,11455455.77,4390.74579,12840982.12,2071057,798645.8311,381618,1820.392621,0.016368319500000002,0.06680000000000003,174.28120000000007,3450.52998,440.6674364896074
7613,WESTERN LINE,1632,14613603.013302734,8954.413611092361,1962733.4633027334,1202.6553110923605,10667930.199710995,6536.721936097423,911497.5497109946,3945672.8135917387,2417.691674994938,5024405.3719999995,10852800,742140,415625,169575,1327340,0,1448197.632,27132.000000000004,372400,102884.544,482848.83730273583,2894436.896,9756432.65,5978.206281,10720136.65,6568.711183,12650869.55,7751.7583,1189.0358565737051,1324.8968532894273,0,81.60000000000001,725.9136,466.752,186,50,15,5024405.372,2894436.896,1632,0.4448,560,179443049,0.286,370714.92,1000714.73,179443.049,109.9528487,5695731.278,3490.03142,7825699.755,1028892,486436.9876,38899,1773.552019,0.03417006844000001,0.0948,154.71359999999999,2124.9254399999995,69.4625
7900,WILKINSON COUNTY,891,8384273.874559301,9409.959455173177,832591.454559301,934.4460771731774,6467229.010559301,7258.393951245007,642856.1605593013,1917044.864,2151.5655039281705,1917044.864,5925150,379050,407312.5,0,786362.5,6650,831357.7965,14812.875000000002,224770,69739.01550000002,525431.68755930115,1727309.57,5824372.85,6536.894332,6397442.85,7180.070539,7551682.42,8475.513378,412.6840277777774,1282.2745800724563,5,44.550000000000004,416.7207,322.542,95,49,0,1917044.864,1727309.57,891,0.4677,338,68465888,0.362,202888.12,635310.73,68465.888,76.84162514,4480397.986,5028.505035,4670133.28,726936,297007.4359,233847,1938.619045,0.06685866379,0.11770000000000003,104.87070000000003,1181.7807799999998,691.8550295857988
4911,WINONA-MONTG CONS,1144,10788357.762913043,9430.382659889023,1242722.9209130425,1086.2962598890226,8766032.1709130425,7662.615534014897,1242722.9209130425,2022325.5920000002,1767.7671258741261,2022325.5920000002,7607600,522690,673312.5,169575,1365577.5,0,989596.608,19019,210805,63599.536,532160.1189130429,2022325.592,7523309.25,6576.319274,8279927.25,7237.698645,9545634.842,8344.0864,1927.0462555066083,1301.9494428253943,0,57.2,496.0384,358.072,131,81,15,2022325.592,2235580.358,1144,0.4336,317,72225914,0.313,261791.12,678335.13,72225.914,63.13454021,6257601.658,5469.931519,6044346.893,928138,343779.6895,270631,1767.767126,0.051886687189999996,0.08360000000000001,95.6384,1542.2853599999999,853.7255520504732
8220,YAZOO CITY,2029,18463813.976999998,9099.957603252833,3071958.7869999986,1514.0260182528327,16821046.501,8290.313701823557,3071958.7909999974,1642767.476,809.6439014292755,1642767.476,13492850,682290,731500,113050,1526840,0,2587793.7015,33732.125,432250,390348.1505,0,1642767.476,13749087.71,6776.287684,15156941.71,7470.153627,15391855.19,7585.931585,521.8364312267659,1516.3244039944193,0,101.45,1297.1397,890.731,171,88,10,1642767.476,4092374.262,2029,0.6393,650,58670267,0.439,463043.04,1036587.67,58670.267,28.91585362,13514174.23,6660.509726,11064567.45,1386466,620909.119,251512,809.6439014,0,0.2893,586.9897,2776.51338,386.94153846153847
8200,YAZOO COUNTY,1320,12218892.07763452,9256.736422450394,1252945.1076345202,949.2008414503944,8919791.2166732,6757.417588388787,465797.7466731984,3299100.860961321,2499.3188340616066,6535404.3440000005,8778000,494760,706562.5,158270,1359592.5,17290,1060733.52,21945,183540,46347.84000000001,751443.2176345214,2511953.497,8453993.47,6404.540508,9303531.47,7048.129902,10965946.97,8307.535581,1504.6390134529147,1241.7645252174175,13,66,531.696,376.2,124,85,14,6535404.344,2511953.497,1320,0.4028,276,233407298,0.285,291943.85,770391.62,233407.298,176.8237106,2768127.126,2097.066005,6791577.973,1024058,400492.289,47938,1902.995073,0.06552836876,0.052800000000000014,69.69600000000001,1724.4283999999998,173.68840579710144
