geoid,dist_id,district,maep_expected_local_addon_total,maep_expected_local_addon_pp,maep_rev_fy24,local_share_expected_total,local_funding_28_mill,local_funding_27_pct,total_enroll,st_per_sq_mile,maep_rev_fy23,maep_fy23_pp,maep_fy24_pp,maep_fy24_addon_total,maep_full_addon_pp_fy24,gr_prek_enroll,gr_k_enroll,gr_1_enroll,gr_2_enroll,gr_3_enroll,gr_4_enroll,gr_5_enroll,gr_6_enroll,gr_7_enroll,gr_8_enroll,gr_9_enroll,gr_10_enroll,gr_11_enroll,gr_12_enroll,direct_cert_pct,vocational_enroll,ell_enroll,autism,deaf_blind,developmentally_delayed,emotional_disability,hearing_impaired,intellectual_disability,language_speech_impaired,multiple_disabilities,other_health_impairment,orthopedic_impairment,specific_learning_disability,traumatic_brain_injury,visually_impaired,sped_enroll,assessed_value,maep_rev_full_funding_fy24,local_revenue,shortName,sq_miles,stpov_rate,federal_revenue,total_ada,sped_tier_1_enroll,sped_tier_2_enroll,sped_tier_3_enroll,teacher_add_fy24,ada_add_fy24,econ_dis_enroll,stpov_enroll,mill_1_value,mill_1_value_pp,local_share_mills,local_share_pp_mills,local_share_pct,local_share_pp_pct,rev_total_local_state,rev_pp_local_state,local_revenue_total,local_revenue_pp,urbanicity,mpv,mhi,sped_funding,at_risk_funding,cte_funding,local_share_expected_pp
2800360,4820,ABERDEEN,8298173.6754,8314.803281963928,5619475,1764178.6554,3032312.136,1764178.6554,998,4.6400706363317905,5461563,5472.508016032064,5630.736472945891,6533995.02,6547.089198396793,0,76,64,71,87,49,70,79,68,74,103,81,77,78,0.4201,317,0,13,0,11,14,0,16,32,5,28,5,31,0,0,151,108296862,6265332,6114256.61,ABERDEEN,215.08293261435546,0.309,4672500.27,910.472222,74,76,5,682414.14,232105.88,419.2598,308.382,108296.862,108.51388977955911,3501682.8839999996,3508.7002845691377,4769816.364599999,4779.375114829659,11733731,11757,6114256,6126,Town,77200,39991,743263,304899.92361736,56314,1767.7140835671344
2800390,0200,ALCORN COUNTY,25235482.044,7915.772284818067,17920968,4816058.044,4816058.044,5513244.48,3188,8.627912006495674,17423282,5465.270388958595,5621.382685069008,20419424,6405.089084065245,135,210,243,246,219,233,194,233,232,240,256,235,237,200,0.1905,1369,29,43,0,41,5,5,43,128,15,59,5,220,5,0,563,172002073,19980659,9459645.49,ALCORN COUN,369.498436887147,0.188,7744573.91,2814.40782,389,160,20,1787412.62,711043.38,607.314,599.344,172002.073,53.95297145545797,15603365.956,4894.405883312422,14906179.52,4675.715031367628,27380613,8588,9459645,2967,Rural,94100,44520,2366894,915285.1288694399,703630,1510.683200752823
.,2545,AMBITION PREP,3624668.4992121863,9176.375947372624,2669990,747119.549212186,747119.549212186,776938.2165000001,395,Inf,2151984,5448.060759493671,6759.46835443038,2877548.95,7284.934050632912,0,79,79,83,87,67,0,0,0,0,0,0,0,0,0.5627,0,0,5,0,5,0,0,5,11,0,5,0,5,0,0,28,26682841.04329236,2976857,1342962.18,AMBITION PR,0,0.401,1608020.68,277.804469,21,15,0,118269.48,89289.47,222.26649999999998,158.395,26682.84104329236,67.55149631213256,2130429.400787814,5393.4921538932,2100610.7335,5318.001856962025,NA,NA,NA,NA,NA,NA,NA,41826,134704.84246284,0,1891.4418967397114
2800420,0300,AMITE COUNTY,7746353.1509,9081.304983470105,5355735,1646862.4809,3221128.96,1646862.4809,853,1.1684933064056744,5418370,6352.133645955451,6278.704572098476,6099490.67,7150.633845252051,0,71,63,61,73,63,61,59,59,68,65,73,47,62,0.549,274,0,5,0,34,5,5,20,69,5,23,0,56,5,0,219,115040320,5971280,5652860.82,AMITE COUNT,729.9999027156239,0.29,7452499.36,780.137143,159,58,10,542503.75,201251.92,468.297,247.36999999999998,115040.32,134.86555685814773,2878361.71,3374.3982532239156,4452628.1891,5219.9627070339975,11008595,12905,5652860,6627,Rural,83600,33981,1068117,259003.91686784,194411,1930.671138218054
2800450,4821,AMORY,11936013.296,7862.986361001317,8266379,2484282.136,2484282.136,2551967.4132000003,1518,19.73466969355038,8630797,5685.637022397892,5445.572463768116,9451731.16,6226.436864295125,0,119,121,111,103,131,123,87,123,117,122,117,108,99,0.2361,560,12,16,0,23,5,0,17,78,5,34,0,68,5,5,252,88724362,9216450,4662402.55,AMORY,76.92046654807238,0.20800000000000002,5228334.37,1410.86508,169,72,15,829830.47,355521.69,358.3998,315.744,88724.362,58.44819631093544,6967449.024,4589.887367588933,6899763.7468,4545.298910935441,12928781,8516,4662402,3071,Town,108000,42610,1104393,449311.50568,236621,1636.5494967061923
2800510,0400,ATTALA COUNTY,8484063.5627,8450.262512649402,5733622,1803698.5527000001,2935606.8279999997,1803698.5527000001,1004,1.7252578138630295,5643432,5620.948207171315,5710.778884462152,6680365.01,6653.750009960159,48,82,84,67,56,69,56,66,82,84,82,68,72,72,0.3617,336,0,12,0,5,5,5,11,45,5,27,0,67,0,0,180,104843101,6392598,5820060.4,ATTALA COUN,581.9420100187466,0.293,3534710.96,852.659218,117,60,5,724921.79,221821.22,363.14680000000004,294.17199999999997,104843.101,104.42539940239044,3744758.182,3729.838826693227,4876666.4573,4857.2375072709165,11553682,11507,5820060,5796,Rural,60600,34921,871786,292914.40494692,336354,1796.512502689243
2800540,5920,BALDWYN,6110035.2526,8082.057212433862,4177178,1298983.8726000001,2409164.94,1298983.8726000001,756,11.483745047638775,4166149,5510.7791005291,5525.367724867725,4811051.38,6363.824576719577,0,67,58,56,64,58,56,58,68,67,51,56,39,44,0.2834,306,5,5,0,13,5,0,5,38,0,13,5,20,0,0,111,86041605,4657269,4448889.35,BALDWYN,65.83218252093158,0.24600000000000002,2408297.18,688.707339,71,33,0,456930.63,176942.75,214.25039999999998,185.97600000000003,86041.605,113.81164682539682,2401886.44,3177.0984656084656,3512067.5073999995,4645.59194100529,8626067,11410,4448889,5884,Rural,101400,43036,473072,219832.36697524,264705,1718.2326357142858
2800570,2320,BAY ST. LOUIS,13567659.1867,8114.628700179425,9310149,2884462.9767,7071755.796,2884462.9767,1672,89.03631856390174,8998844,5382.0837320574165,5568.270933014354,10683196.209999999,6389.471417464114,58,113,142,109,125,114,117,115,142,131,112,153,133,90,0.2935,642,34,27,0,51,5,5,15,76,5,38,5,64,5,0,294,252562707,10380182,10323680.67,BAY ST. LOU,18.778853696651872,0.24600000000000002,8233825.93,1530.40499,191,95,10,999761.12,373286.09,490.73199999999997,411.31200000000007,252562.707,151.05425059808613,3611440.413999999,2159.952400717703,7798733.233299999,4664.314134748803,19633829,11742,10323680,6174,Suburb,168900,41778,1252592,507484.8150658,119480,1725.157282715311
2800600,0500,BENTON COUNTY,8096978.272,8425.57572528616,5822038,1478309.8120000002,1478309.8120000002,1787040.4842,961,2.3637321434465077,5252649,5465.81581685744,6058.312174817898,6618668.46,6887.272070759625,16,93,62,68,74,58,66,73,70,87,76,71,69,60,0.3462,310,21,17,0,14,5,0,5,42,5,45,0,66,0,0,199,52796779,6491176,2191816.51,BENTON COUN,406.5604483419963,0.293,5808895.95,806.11359,122,72,5,575744.2,220886.26,332.6982,281.573,52796.779,54.93941623309053,5140358.648,5348.9684162330905,4831627.9758,5027.708611654527,8013854,8339,2191816,2280,Rural,78000,36258,761898,268066.22562284,188397,1538.303654526535
2800630,2420,BILOXI,43699330.8511,7518.8112269614585,29865428,9290408.9211,17883311.824,9290408.9211,5812,302.4831359357475,29253636,5033.316586373021,5138.580178940124,34408921.93,5920.323800757054,120,459,485,441,447,419,361,430,405,464,493,409,403,405,0.3302,1122,533,121,0,99,32,11,22,183,5,165,5,161,5,5,810,638689708,33297919,36754607.75,BILOXI,19.214294317665917,0.26,29870477.84,5304.15,443,356,15,3226824.85,1316669.08,1919.1224,1511.1200000000001,638689.708,109.89155333792154,16525610.105999999,2843.360307295251,25118513.0089,4321.83637455265,66620035,11462,36754607,6323,City,159100,47342,3290688,1747548.769029,432143,1598.4874262044048
2800820,5921,BOONEVILLE,9895300.082,7490.7646343679035,7466023,1419364.2119999998,1419364.2119999998,2288502.6849,1321,191.98868213975783,7346069,5560.990915972748,5651.7963663891,8475935.870000001,6416.302702498108,39,100,98,99,93,90,113,98,99,102,86,115,84,82,0.1809,460,0,12,0,15,5,5,15,71,5,53,0,50,5,5,226,50691579,8324107,4253175.59,BOONEVILLE,6.880613926181233,0.22,2787017.86,1164.18436,136,90,15,710956.76,298956.11,238.96890000000002,290.62,50691.579,38.37364042392127,7056571.658000002,5341.840770628313,6187433.1851,4683.900972823619,11719198,8871,4253175,3219,Town,96200,32016,795434,373889.82572456,116419,1074.4619318697955
2800840,4320,BROOKHAVEN,19628455.8154,7590.276804098995,13459833,4172978.7954,6022839.676,4172978.7954,2586,17.19387533487206,13659606,5282.136890951276,5204.885150812065,15455477.02,5976.595908739366,77,196,201,212,196,158,199,159,169,228,220,189,194,150,0.3909,558,29,26,0,38,5,5,18,134,5,61,0,104,5,0,399,215101417,15006797,12128797.01,BROOKHAVEN,150.4023932728626,0.28,7496815.42,2368.99435,276,115,10,1416898.65,578745.37,1010.8674000000001,724.08,215101.417,83.17920224284609,9432637.344,3647.5782459396755,11282498.224599998,4362.915013379737,25588630,9895,12128797,4690,Town,101900,39841,1607701,776720.86168052,280855,1613.680895359629
2800870,0700,CALHOUN COUNTY,16697802.464000002,8027.789646153847,12030592,2855222.244,2855222.244,3737496.6594000002,2080,3.546505165434119,12223903,5876.876442307693,5783.9384615384615,13842580.22,6655.08664423077,86,150,158,134,149,139,155,151,164,138,169,166,150,130,0.2712,798,134,19,0,47,5,5,14,131,5,33,5,118,5,0,382,101972223,13413291,4965747.48,CALHOUN COU,586.492871989203,0.324,7455794.86,1911.48889,296,81,10,1347776.47,464211.75,564.096,673.9200000000001,101972.223,49.02510721153846,10987357.976,5282.383642307692,10105083.560600001,4858.213250288462,16996339,8171,4965747,2387,Rural,70500,37263,1368363,637279.4525084,489806,1372.703001923077
2800900,4520,CANTON,23229606.0045,7337.209729785219,15874091,4938577.654500001,8080929.3040000005,4938577.654500001,3166,16.883714589148912,15486257,4891.426721415035,5013.926405559065,18291028.35,5777.3304958938725,94,231,245,237,260,182,252,240,253,259,252,258,167,168,0.4863,978,308,38,0,13,13,5,27,57,11,76,5,92,5,0,335,288604618,17698531,16544485.96,CANTON,187.51797676293188,0.312,11363603.64,2751.11876,162,164,16,1698647.97,718289.38,1539.6258,987.792,288604.618,91.15749147188882,10210099.046,3224.9207346809853,13352450.695500001,4217.451262002527,32418576,10239,16544485,5225,Rural,153400,41939,1661921,897744.97433396,393681,1559.8792338913458
2800930,0800,CARROLL COUNTY,6393351.157900001,7942.051127826088,4398452,1359216.3879000002,2510623.22,1359216.3879000002,805,1.281231936307605,4615780,5733.888198757764,5463.91552795031,5034134.7700000005,6253.583565217392,20,54,53,50,69,56,54,53,61,79,83,63,47,46,0.4275,178,33,5,0,5,5,5,5,37,5,18,0,52,0,0,137,89665115,4903974,2896775.33,CARROLL COU,628.3015410308437,0.221,3245091.3,738.583333,94,38,5,454766.41,180916.36,344.1375,177.905,89665.115,111.38523602484473,2523511.5500000003,3134.7969565217395,3674918.3821,4565.1160026086955,7295227,9062,2896775,3598,Rural,99000,46052,662293,248772.6821638,99740,1688.467562608696
2800200,0911,CHICKASAW COUNTY CONSOL,17072270.864,7711.052784101174,13120068,2218984.404,2218984.404,4010387.3442,2214,5.496836147575836,12877302,5816.306233062331,5925.956639566396,14853286.459999999,6708.801472448057,59,194,183,174,154,146,134,150,152,171,195,168,150,126,0.3313,838,46,23,0,28,12,5,25,109,5,72,5,77,0,5,362,79249443,14627983,4476040.07,CHICKASAW C,402.7771504479714,0.264,5634791.05,1955.66111,214,142,10,1240723.92,492494.54,733.4982,584.496,79249.443,35.79468970189702,12634302.055999998,5706.55016079494,10842899.115799999,4897.425074887082,17596108,7947,4476040,2021,NA,NA,NA,1520243,646341.7612634,378375,1002.2513116531165
2800990,1000,CHOCTAW COUNTY,10507691.6719,8542.838757642277,7042868,2233918.7019,7774436.208,2233918.7019,1230,2.941601509118056,6945544,5646.783739837399,5725.908943089431,8273772.970000001,6726.644691056911,65,91,105,89,96,83,92,103,88,95,99,86,65,62,0.2318,372,5,14,0,16,5,0,5,79,0,82,0,81,0,0,280,277658436,7852318,11067317.21,CHOCTAW COU,418.1395733539638,0.29600000000000004,4353851.68,1098.55556,176,106,0,961634.11,269270.86,285.11400000000003,364.08000000000004,277658.436,225.7385658536585,499336.76200000104,405.9648471544724,6039854.268100001,4910.450624471546,18110185,14723,11067317,8997,Rural,81400,36777,1236373,356057.88722324,239967,1816.194066585366
2801020,1100,CLAIBORNE COUNTY,9525090.4748,8017.752924915825,6623088,2025019.2348000002,2184837.452,2025019.2348000002,1188,2.437681092409674,6431257,5413.5159932659935,5574.989898989899,7500071.24,6313.19127946128,39,75,91,87,90,61,83,80,97,93,96,109,73,81,0.5606,588,0,5,0,5,5,5,15,30,11,59,0,44,0,5,179,78029909,7384292,5292737.7,CLAIBORNE C,487.34840816509313,0.39799999999999996,3868931.62,1017.72881,79,89,16,609582.31,267400.93,665.9928,472.82399999999996,78029.909,65.68174158249158,5315233.788000001,4474.102515151516,5475052.0052000005,4608.629634006735,11915825,10030,5292737,4455,Rural,67500,29338,835413,360442.7020964,371360,1704.5616454545457
2801050,1420,CLARKSDALE,15676519.162,7401.5671208687445,12061369,2017222.312,2017222.312,3688010.1495000003,2118,112.71631676836104,11613241,5483.116619452314,5694.6973559962225,13659296.85,6449.148654390935,75,173,167,153,179,121,110,183,110,167,190,164,149,133,0.5653,575,27,17,5,30,15,0,41,52,5,24,5,32,5,5,220,72043654,13447605,5040967.68,CLARKSDALE,18.79053592881872,0.516,14527676.69,1745.65093,114,102,20,1126703.84,471224.01,1197.3054,1092.888,72043.654,34.014945231350325,11642074.537999999,5496.730187913125,9971286.7005,4707.878517705382,17102336,8074,5040967,2380,Town,65400,30223,1470046,616231.62508296,213402,952.4184664778093
.,1425,CLARKSDALE COLLEGIATE,4477099.7663701605,8761.447683698943,3758302,486685.83637016045,486685.83637016045,1077411.7611,511,Inf,3152814,6169.890410958904,7354.79843444227,3990413.93,7809.029217221136,0,69,73,78,76,5,70,75,0,0,0,0,0,0,0.5208,0,0,5,0,5,5,0,5,21,0,5,0,15,0,0,58,17381637.013220016,4190251,396211,CLARKSDALE C,0,0.516,1251932,416.883333,41,20,0,113604.7,118507.23,266.1288,263.676,17381.637013220017,34.014945231350325,3503728.09362984,6856.610750743326,2913002.1689,5700.591328571429,NA,NA,NA,NA,NA,NA,NA,68371,187836.37553092,0,952.4184664778091
2800750,0614,CLEVELAND,21956872.901,7791.651135911994,14951069,4667996.601000001,6140151.164000001,4667996.601000001,2818,26.20708102528859,14704672,5218.123491838183,5305.560326472676,17288876.3,6135.158374733854,68,218,217,203,204,184,247,207,203,219,235,227,206,129,0.4468,869,62,34,0,45,5,5,41,153,15,67,5,77,5,5,450,219291113,16669424,12328721.85,CLEVELAND,107.5281904642781,0.405,9162184.58,2530.39444,275,157,25,1699925.19,637882.11,1259.0824,1141.29,219291.113,77.81799609652236,11148725.136,3956.254484031228,12620879.699000001,4478.665613555713,27279790,9680,12328721,4374,Town,129500,35789,2073160,841033.26990588,366002,1656.4927611781409
2801090,2521,CLINTON,39390599.658,7559.124862406448,27452788,8273302.408,8273302.408,8401670.2575,5211,38.89745095683939,27710753,5317.741892151219,5268.2379581654195,31117297.25,5971.463682594512,46,342,324,369,358,383,376,444,405,452,465,468,395,348,0.1769,1262,237,49,0,66,21,5,31,252,5,74,5,114,0,5,630,295475086,30607990,19754262.53,CLINTON,133.9676475402495,0.155,9536034.84,4786.26257,432,185,10,2470788.5,1193720.75,921.8259,807.705,295475.086,56.70218499328344,22843994.842,4383.802502782575,22715626.9925,4359.1684882939935,47207050,9059,19754262,3790,Rural,167600,62362,2332623,1518946.77230744,423413,1587.6611798119363
2801110,1400,COAHOMA COUNTY,8384265.933999999,8486.099123481781,5732004,1782481.734,4089162.9239999996,1782481.734,988,1.8493732558731437,6170910,6245.86032388664,5801.6234817813765,6601784.199999999,6681.967813765182,0,49,61,58,78,50,80,87,72,122,82,79,87,63,0.5342,365,0,5,0,5,5,5,15,36,5,24,5,66,5,5,162,146041533,6390794,5658673.3,COAHOMA COU,534.2350425271701,0.44,5966637.66,962.591506,107,59,15,643050.39,226729.81,527.7896000000001,434.72,146041.533,147.81531680161942,2512621.2759999996,2543.138943319838,4819302.465999999,4877.836504048582,11390677,11529,5658673,5727,Rural,71700,27333,992769,308992.95452468,107670,1804.1313097165992
2801140,8111,COFFEEVILLE,3541037.9776000003,8491.697788009593,2414487,752819.0976000001,1406185.228,752819.0976000001,417,1.2403494183040804,2336671,5603.52757793765,5790.136690647482,2788218.8800000004,6686.376211031176,0,31,26,27,29,24,33,32,20,28,37,36,44,32,0.5037,131,0,5,0,5,5,0,5,15,5,5,5,21,0,0,67,50220901,2691989,1989737.93,COFFEEVILLE,336.1955863777166,0.35100000000000003,2464604.96,368.960894,41,25,5,277663.89,96067.99,210.0429,146.36700000000002,50220.901,120.43381534772182,1382033.6520000005,3314.229381294965,2035399.7824000004,4881.054634052759,4404224,10561,1989737,4771,Rural,74000,38197,307919,117224.65579764,57880,1805.3215769784174
2801170,4620,COLUMBIA,13236190.858000001,8041.428224787363,9629524,2422981.288,2422981.288,2919566.5839000004,1646,24.845600519653804,9044947,5495.107533414338,5850.25759416768,10813209.57,6569.386130012151,5,138,121,140,137,103,98,132,120,120,109,155,106,99,0.3224,498,5,38,0,32,20,0,11,113,5,83,0,65,0,0,363,86535046,10736264,6203323.22,COLUMBIA,66.2491533942982,0.298,6256365.45,1419.66006,210,152,5,816243.04,367442.53,530.6704000000001,490.508,86535.046,52.5729319562576,8390228.282,5097.344035236938,7893642.986099999,4795.65187490887,15832847,9618,6203323,3768,Town,94100,31430,1456267,459835.41939272,79052,1472.0420947752127
2801200,4420,COLUMBUS,23706479.0411,7671.999689676375,16296779,5039960.1111,6158857.2360000005,5039960.1111,3090,46.88638155601814,16151073,5226.884466019417,5274.038511326861,18666518.93,6040.944637540453,95,255,260,250,248,212,191,221,186,250,265,248,193,172,0.5473,1104,45,69,0,61,33,5,31,91,5,109,5,98,5,5,506,219959187,18169799,13334111.09,COLUMBUS,65.90399807901962,0.32899999999999996,13193710.86,2717.00049,250,252,15,1675292.24,694447.69,1691.157,1016.6099999999999,219959.187,71.18420291262136,12507661.693999998,4047.7869559870546,13626558.8189,4409.88958540453,29630890,9589,13334111,4315,Town,127200,40362,2375056,939256.16621032,337991,1631.0550521359223
2801220,1500,COPIAH COUNTY,17568251.762000002,7967.461116553289,12268733,3683614.732,3683614.732,3748851.9981000004,2205,4.93409564785735,12820619,5814.339682539682,5564.051247165533,13884637.030000001,6296.887541950114,0,163,174,145,151,130,165,171,162,186,197,202,164,163,0.3936,556,103,24,0,24,5,5,21,86,12,58,5,108,0,5,350,131557669,13678802,4941811.16,COPIAH COUN,446.89040451770114,0.247,6866971.38,2136.74843,218,118,17,1106346.32,509557.71,867.888,544.635,131557.669,59.66334195011338,10201022.298,4626.313967346939,10135785.0319,4596.727905623583,17210544,7805,4941811,2241,Rural,99400,46493,1483727,671774.403562,137076,1670.5735746031746
2801260,0220,CORINTH,17212260.758,6912.554521285141,12491659,3130460.228,3130460.228,3802086.1431000005,2490,81.66326476738158,12920052,5188.775903614458,5016.730522088354,14081800.530000001,5655.341578313253,119,187,193,200,188,182,204,187,174,154,193,176,132,141,0.3242,965,231,35,0,32,5,0,18,98,5,33,5,89,5,5,318,111802151,13927349,6702195.74,CORINTH,30.4910660514588,0.27,5945567.09,2147.51111,219,96,15,1041315.15,548826.38,807.2579999999999,672.3000000000001,111802.151,44.900462248995986,10951340.302000001,4398.128635341366,10279714.3869,4128.399352168675,19193854,7708,6702195,2691,Town,123400,38646,1309748,731117.53393968,149433,1257.2129429718875
2801290,1600,COVINGTON COUNTY,21249625.395,8144.7395151399005,14550844,4517636.8950000005,8160987.716,4517636.8950000005,2609,6.305562967360604,14578892,5587.923342276735,5577.172863165964,16731988.5,6413.180720582599,0,241,209,188,195,178,177,208,192,226,229,216,179,103,0.3836,559,61,34,0,65,5,5,36,167,5,51,0,248,0,0,618,291463847,16223200,10299071.680000002,COVINGTON C,413.7616281852912,0.28600000000000003,11599438.1,2312.99991,480,131,5,1580427.38,600717.12,1000.8124,746.1740000000001,291463.847,111.7147746262936,8571000.784,3285.167031046378,12214351.605,4681.621926025297,24849915,9524,10299071,3947,Rural,77100,38178,2930320,761519.45408596,323221,1731.5587945573018
2801320,1700,DESOTO COUNTY,260512473.0558,7442.575580830215,180112662,55384541.5158,58630668.768,55384541.5158,35003,73.49241433175584,181119369,5174.395594663315,5145.635002714053,205127931.54,5860.295732937177,5,2388,2584,2490,2574,2485,2564,2684,2736,2877,3092,2794,2597,2437,0.1765,7346,1567,749,5,794,292,66,161,598,110,1131,24,1347,13,5,5297,2093952456,200813356,121174285.74,DESOTO COUN,476.28044769343376,0.127,51394776.14,30014.9157,2739,2423,133,16978282.19,8036987.35,6178.0295,4445.381,2093952.456,59.82208542124961,146497262.77199998,4185.277341142188,149743390.0242,4278.0158850441385,301286947,8607,121174285,3461,Suburb,168500,67038,25877680,10076320.6892928,1562060,1582.2798478930376
2801410,6811,E. TALLAHATCHIE,6962291.2443,8162.1233813599065,4720395,1480172.1543,1551309.0599999998,1480172.1543,853,2.320099544837993,4785661,5610.388042203986,5533.874560375147,5482119.09,6426.8688042203985,20,59,60,50,72,40,57,79,55,79,94,70,51,60,0.4033,320,0,5,0,5,5,0,5,24,0,16,5,41,5,0,107,55403895,5262919,2587029.16,E. TALLAHAT,367.65663865494315,0.431,4882824.79,770.616667,70,36,5,566081.98,195642.11,344.0149,367.643,55403.895,64.95181125439625,3930810.0300000003,4608.218089097304,4001946.9357,4691.6142270808905,7307424,8566,2587029,3032,Town,65600,31982,647247,264558.55273288,59279,1735.2545771395078
2801380,3111,EAST JASPER,6343305.6395,8401.729323841058,4333037,1348576.7895,2451217.468,1348576.7895,755,2.2854885570485277,3672371,4864.067549668875,5739.121854304636,4994728.85,6615.534900662251,5,59,47,55,65,39,58,50,59,56,62,64,54,64,0.3718,212,5,5,0,5,5,5,25,5,5,20,0,48,0,0,116,87543481,4831041,5808166.72,EAST JASPER,330.34512365925144,0.297,3508970.12,682.879915,58,60,5,489891.43,171800.42,280.709,224.23499999999999,87543.481,115.95163046357617,2543511.3819999998,3368.889247682119,3646152.0604999997,4829.3404774834435,10141203,13432,5808166,7692,Rural,75100,31824,639301,230940.74366248,43920,1786.194423178808
2801440,1211,ENTERPRISE,7435934.9503,7786.319319685864,5075324,1580868.0603,1784787.256,1580868.0603,955,5.296080283810711,4969352,5203.509947643979,5314.475392670157,5855066.89,6130.960094240837,54,75,53,69,63,71,66,64,62,69,76,72,75,69,0.125,291,0,17,0,5,5,0,5,37,5,53,0,37,0,0,164,63742402,5658641,3690708.5,ENTERPRISE,180.32203985262188,0.145,1824087.87,798.201117,79,80,5,571244.96,208497.93,119.375,138.475,63742.402,66.74597068062828,4070279.6339999996,4262.072915183246,4274198.8297,4475.600868795811,8766032,9179,3690708,3864,Rural,109200,62896,680199,272743.71950468,123212,1655.3592254450261
2801470,6220,FOREST SEPARATE,12192328.3204,7411.749738844985,8423419,2592069.8004,2666880.104,2592069.8004,1645,18.332709151893855,8395131,5103.423100303951,5120.619452887538,9600258.52,5836.0234164133735,0,152,125,162,149,107,110,125,97,130,146,123,99,92,0.265,182,510,16,0,37,5,5,12,71,5,16,5,80,0,5,243,95245718,9391539,5753213.69,FOREST SEPA,89.73032770936987,0.282,4835253.22,1487.47486,188,59,10,798644.85,378194.67,435.925,463.88999999999993,95245.718,57.90013252279635,6933378.415999999,4214.819705775076,7008188.7195999995,4260.297093981762,14176632,8618,5753213,3497,Town,71100,31197,1013349,483513.77772492,26415,1575.726322431611
2801510,1802,FORREST AHS,4828846.4764,7903.185722422259,3345400,1026605.1564000001,20963441.968000002,1026605.1564000001,611,Inf,3286429,5378.770867430442,5475.2864157119475,3802241.3200000003,6222.980883797054,0,0,0,0,0,0,0,0,0,0,169,171,5,135,0.2814,480,11,5,0,0,5,0,5,0,5,32,5,48,5,5,113,748694356,3729893,2377849.11,FORREST AHS,0,0,1634607.82,525.039106,48,52,15,319167.24,137674.08,171.9354,0,748694.356,1225.3590114566284,-17161200.648000002,-28087.071436988546,2775636.1636,4542.77604517185,5723249,9367,2377849,3891,NA,NA,NA,431797,175397.96518344,303964,1680.2048386252047
2801490,1800,FORREST COUNTY,16796054.6095,7889.175485908877,11480488,3570814.7595,5323374.588,3570814.7595,2129,6.099294674878881,11758426,5522.980742132457,5392.432127759512,13225239.85,6211.949201503053,57,212,221,188,188,196,164,225,198,209,72,61,47,45,0.3396,575,101,28,0,40,14,5,5,142,5,74,5,93,0,5,418,190120521,12799963,9137099.36,FORREST COU,349.05675385199805,0.252,9825275.76,1940.25,275,131,10,1264178.15,480573.7,723.0084,536.508,190120.521,89.30038562705496,7901865.261999999,3711.538403945514,9654425.090499999,4534.722917097229,20617587,9684,9137099,4291,Rural,110900,39531,1873962,631433.0326775201,233371,1677.2262844058243
2801530,1900,FRANKLIN COUNTY,10361425.922,8556.090769611892,7404663,1952279.112,1952279.112,2270469.6387000005,1211,2.1475970546666097,7162297,5914.365813377374,6114.50289017341,8409146.81,6943.969289843105,41,83,88,84,77,79,74,79,100,103,101,122,100,63,0.2573,301,0,14,0,27,18,5,5,55,5,40,5,108,0,5,275,69724254,8255695,3442611.43,FRANKLIN CO,563.8860406185433,0.314,5208620.27,1086.38889,190,87,10,732875.52,271608.29,311.59029999999996,380.254,69724.254,57.5757671345995,6456867.698000001,5331.84781007432,6138677.1713,5069.097581585466,10847274,8957,3442611,2842,Rural,76600,40219,1232123,348749.86243464,275179,1612.121479768786
2801560,2000,GEORGE COUNTY,30804624.96,7396.068417767107,22454696,5361842.08,5361842.08,6869551.3776,4165,8.701916152125772,22230598,5337.478511404562,5391.283553421368,25442782.88,6108.7113757503,123,314,334,328,303,299,292,318,334,312,297,255,273,254,0.2409,1368,55,54,0,72,13,12,32,125,5,99,5,278,5,5,697,191494360,25035457,9944452.61,GEORGE COUN,478.63021513744894,0.201,14084643.9,3607.17978,475,215,15,2055456.02,932630.86,1003.3485000000001,837.1650000000001,191494.36,45.977037214885954,20080940.799999997,4821.354333733492,18573231.5024,4459.359304297719,32399148,7778,9944452,2387,Rural,110800,47292,2616531,1193583.48423916,534023,1287.3570420168066
2801590,2100,GREENE COUNTY,13683034.6227,8343.313794329268,9435654,2908991.6127,3571711.892,2908991.6127,1640,2.3013007668174144,9199826,5609.65,5753.44756097561,10774043.01,6569.538420731707,0,149,149,134,106,124,147,121,129,131,157,103,83,90,0.2595,763,5,22,0,15,5,5,5,59,5,30,0,77,5,0,230,127561139,10520112,6635647.57,GREENE COUN,712.6404438947105,0.23399999999999999,6685145.14,1503.28556,151,67,10,956220.73,382168.28,425.58000000000004,383.76,127561.139,77.78118231707317,7202331.118,4391.665315853658,7865051.397299999,4795.763047134146,16071301,9799,6635647,4046,Rural,77700,49677,1159160,484975.38268264,433484,1773.775373597561
2801620,7620,GREENVILLE,27385928.68,7731.769813664596,19253569,5402506.760000001,5402506.760000001,5935523.9184,3542,94.38547615181574,18699214,5279.281197063806,5435.790231507623,21983421.919999998,6206.49969508752,110,250,289,315,303,271,287,261,285,247,294,198,198,163,0.6286,984,13,17,0,59,5,5,32,68,5,14,5,168,5,5,388,192946670,21466419,11675470.27,GREENVILLE,37.52696012575936,0.42700000000000005,16480297.61,3148.30556,295,78,15,1936298.59,793554.33,2226.5012,1512.4340000000002,192946.67,54.473932806324115,16580915.159999996,4681.229576510445,16047898.001599997,4530.74477741389,30929039,8732,11675470,3296,Town,73000,26150,1973598,1072265.7975342,421923,1525.2701185770752
2800198,4211,GREENWOOD-LEFLORE CONS,30011109.091199998,7446.9253328039695,20604122,6380314.5312,8108869.272,6380314.5312,4030,6.784593962589694,20329784,5044.6114143920595,5112.685359801489,23630794.56,5863.720734491315,106,291,355,301,330,215,324,316,212,265,359,335,290,272,0.5879,1232,127,48,0,42,14,5,38,143,5,61,5,132,5,5,495,289602474,22972193,12187376.13,GREENWOOD-L,593.9928052027067,0.473,16341008.19,3518.66111,317,171,15,2114143.52,912529.04,2369.237,1906.1899999999998,289602.474,71.86165607940447,15521925.287999999,3851.59436426799,17250480.0288,4280.5161361786595,32791498,8136,12187376,3024,NA,NA,NA,2360351,1162888.8850842,371679,1583.2045983126552
2801680,2220,GRENADA,30455601.661700003,7881.884488017599,21165254,6474812.951700001,6652979.312,6474812.951700001,3864,9.15500837734796,22643366,5860.084368530021,5477.550207039338,23980788.71,6206.208258281574,152,346,334,279,271,252,266,250,281,288,280,258,245,253,0.2991,1144,5,156,0,72,21,5,39,89,23,184,5,75,5,5,675,237606404,23597817,9572418.34,GRENADA,422.0640594453864,0.344,15370924.91,3285.71111,236,410,33,1956298.86,859235.85,1155.7223999999999,1329.216,237606.404,61.492340579710145,17327809.398000002,4484.42272204969,17505975.7583,4530.532028545548,30737672,7954,9572418,2477,Town,105000,40122,3357478,1112608.06346152,380913,1675.676229736025
2801710,2421,GULFPORT,46781838.0211,7652.844433355144,32341303,9945745.0911,12165904.828000002,9945745.0911,6113,271.24536213882203,32914005,5384.263863896614,5290.577948634059,36836092.93,6025.8617585473585,81,484,523,498,449,482,456,466,460,485,549,416,360,401,0.4456,1636,320,122,0,112,73,5,37,149,17,150,5,316,5,5,992,434496601,36058351,31515294.04,GULFPORT,22.53679086638686,0.32799999999999996,22103133.67,5786.39444,577,392,27,3099817.25,1394972.68,2723.9528,2005.0639999999999,434496.601,71.07747439882219,24670188.101999998,4035.692475380337,26890347.8389,4398.879083739572,63856597,10446,31515294,5155,City,135900,36464,4718089,1856002.90003748,560025,1626.9826748077867
2801740,2300,HANCOCK COUNTY,32345976.8116,7966.989362463054,22277593,6876703.7316,12012236.936,6876703.7316,4060,10.288330364717133,22007459,5420.556403940886,5487.091871921182,25469273.08,6273.21997044335,5,296,342,338,316,302,289,295,319,344,337,314,293,241,0.2348,1309,0,91,0,75,44,5,29,150,12,67,5,257,0,5,736,429008462,24838000,19348284.81,HANCOCK COU,394.62185369974026,0.21100000000000002,10670942.95,3713.07263,482,241,17,2259750.45,931929.63,953.288,856.6600000000001,429008.462,105.66710886699508,13457036.143999998,3314.540922167487,18592569.348399997,4579.450578423644,41625877,10252,19348284,4765,Rural,135900,53182,3003329,1208492.21282504,628698,1693.7693920197044
2801770,2400,HARRISON COUNTY,107669935.6884,7500.517985956113,74260959,22890458.768400002,30333828.196,22890458.768400002,14355,31.394760263462175,73342961,5109.227516544758,5173.177220480668,84779476.92,5905.919673981191,0,1047,1232,1180,1070,1093,1091,1141,1155,1253,1296,1087,832,784,0.3484,3413,624,256,5,294,104,24,77,579,40,486,22,332,5,5,2228,1083351007,82795914,56565734.38,HARRISON CO,457.24190532222747,0.226,30180940.03,13107.5533,1205,969,55,7221819.76,3296698.16,5001.282,3244.23,1083351.007,75.46854803204458,54445648.72400001,3792.8003290839433,61889018.1516,4311.32136200627,130826693,9113,56565734,3940,Rural,147400,51499,9073970,4185580.12706168,966721,1594.598311974922
2801800,1820,HATTIESBURG,27489704.977300003,7496.510765557678,18737319,5844267.987300001,10077916.015999999,5844267.987300001,3667,151.6861202731426,18204749,4964.4802290700845,5109.713389691846,21645436.990000002,5902.76438232888,96,357,347,305,275,269,209,275,237,269,259,256,235,182,0.5398,1463,202,65,0,62,14,5,37,110,19,92,5,79,5,5,483,359925572,20890835,23641465.01,HATTIESBURG,24.174921168771405,0.33899999999999997,16408732.55,3235.37222,251,218,29,2079969.83,828148.16,1979.4465999999998,1243.1129999999998,359925.572,98.15259667302972,11567520.974000003,3154.491675484048,15801169.002700001,4309.017999100082,42378784,11556,23641465,6447,City,106900,33639,2403680,1061450.09985564,680291,1593.7463832287976
2801830,1520,HAZLEHURST,9936216.2337,7263.315960307017,6786948,2112423.9237,3159608.676,2112423.9237,1368,4.141842971712477,6715514,4909.001461988304,4961.2192982456145,7823792.3100000005,5719.146425438596,39,101,98,89,125,83,97,123,66,131,105,116,90,84,0.5122,524,137,5,0,5,5,5,14,5,5,24,5,37,5,0,107,112843167,7566985,5442692.68,HAZLEHURST,330.28775097052744,0.317,4178602.9,1174.90906,47,58,10,726902.32,309941.99,700.6895999999999,433.656,112843.167,82.4876951754386,4664183.634000001,3409.490960526316,5711368.3863,4174.976890570176,12229640,8939,5442692,3978,Town,89900,37137,661335,413062.27066,132461,1544.1695348684211
2801860,2500,HINDS COUNTY,37658659.2012,7580.245410869566,25730985,8006171.641200001,12272488.311999999,8006171.641200001,4968,7.8649570458118365,25479863,5128.796900161031,5179.344806763285,29652487.560000002,5968.697173913044,86,329,320,326,362,309,380,399,367,391,452,434,352,399,0.3017,1212,74,50,0,56,19,5,42,112,16,101,5,225,5,0,631,438303154,28688297,28401203.2,HINDS COUNT,631.6626996259956,0.204,10854508.62,4539.08777,393,222,21,2780140.03,1141362.53,1498.8456,1013.472,438303.154,88.22527254428341,17379999.248000003,3498.3895426731087,21646315.9188,4357.1489369565215,54132188,10896,28401203,5716,Rural,149700,60334,2923802,1502575.543721,0,1611.548236956522
2801890,7611,HOLLANDALE,4672290.464,8526.077489051095,3280251,940682.064,940682.064,1007534.268,548,2.8730051809394253,3244025,5919.753649635037,5985.859489051095,3731608.4,6809.504379562044,40,33,29,32,45,49,36,30,46,47,47,35,37,32,0.7313,20,0,5,0,5,5,0,5,23,0,11,0,23,0,5,83,33595788,3657256,1852461.6,HOLLANDALE,190.74104134431565,0.366,4336243.53,486.931409,51,26,5,327941.59,123415.81,400.75239999999997,200.56799999999998,33595.788,61.306182481751826,2790926.336,5092.931270072993,2724074.1319999998,4970.9381970802915,5132712,9366,1852461,3380,Rural,67300,32604,335956,153181.21180896,0,1716.5731094890511
2801950,4720,HOLLY SPRINGS,8240422.749500001,8039.436828780488,5614588,1751900.8995000003,2606961.5039999997,1751900.8995000003,1025,5.711054768038826,5870114,5726.940487804878,5477.646829268293,6488521.850000001,6330.2652195121955,17,75,87,90,88,68,73,85,63,71,96,86,72,43,0.43,342,22,15,0,23,5,5,5,65,5,25,0,40,0,5,191,93105768,6259883,5233731.99,HOLLY SPRIN,179.47647879972698,0.32899999999999996,4063947.91,930.405556,128,55,10,637854.36,236079.49,440.75,337.22499999999997,93105.768,90.83489560975609,3881560.346000001,3786.888142439025,4736620.9505,4621.093610243903,10848319,10583,5233731,5106,Town,88900,36744,977384,314546.69534688,162627,1709.171609268293
2800195,2611,HOLMES CONSOL,19221156.456,7555.486028301887,13771855,3548827.856,3548827.856,4231528.722,2544,3.362543650442076,13537544,5321.361635220126,5413.465015723271,15672328.6,6160.506525157232,101,188,176,170,203,134,161,223,174,202,213,220,188,182,0.5658,878,5,5,0,29,32,5,24,90,5,32,0,91,0,5,312,126743852,15354681,6609648.9,HOLMES CONS,756.5701042023762,0.433,20286509.1,2157.23261,210,98,10,1331077.92,569395.68,1439.3952,1101.552,126743.852,49.820696540880505,12123500.743999999,4765.5270220125785,11440799.877999999,4497.169763364779,20381503,8011,6609648,2598,Rural,60400,21504,1299812,731409.31790552,344157,1394.9795031446542
2802040,2700,HUMPHREYS COUNTY,10507300.677,8705.30296354598,7387242,2233835.577,2416598.5760000004,2233835.577,1207,2.883267672983574,7296613,6045.246893123446,6120.333057166528,8273465.1,6854.569262634631,0,78,63,66,105,56,79,108,106,114,121,123,95,68,0.6359,641,0,5,0,5,5,5,21,67,5,22,0,62,5,5,210,86307092,8236272,3266347.3,HUMPHREYS C,418.6222497861288,0.433,4763728.07,1194.56182,134,58,15,608771.26,277451.84,767.5313,522.631,86307.092,71.50546147473074,5856866.523999999,4852.41634134217,6039629.523,5003.835561723281,10653589,8826,3266347,2706,Town,69100,28962,906418,367458.94291916,234793,1850.7337009113505
2802100,2900,ITAWAMBA COUNTY,27709042.688,8210.08672237037,20321707,4626134.5479999995,4626134.5479999995,6232385.1978,3375,6.33538802246196,19941628,5908.630518518518,6021.246518518518,23082908.14,6839.38018962963,0,283,271,256,248,258,227,249,285,268,234,269,230,217,0.1791,972,22,42,0,30,34,5,22,127,5,288,5,157,5,5,727,165219091,22657320,7590614.85,ITAWAMBA CO,532.7219087503436,0.159,7372394.53,3113.61667,314,396,15,1986813.66,774387.48,604.4625,536.625,165219.091,48.953804740740736,18456773.592,5468.673656888889,16850522.9422,4992.74753842963,27912321,8270,7590614,2249,Rural,87600,44567,2705112,991291.2717994,431103,1370.7065327407406
2802160,3000,JACKSON COUNTY,65683911.7993,7375.242735156075,45308724,13964296.2093,16684565.715999998,13964296.2093,8906,17.340467993401976,44651755,5013.671120592859,5087.438131596677,51719615.589999996,5807.277744217381,0,622,676,645,613,664,642,690,709,713,791,697,686,589,0.1588,1959,190,123,0,102,48,14,37,212,36,224,5,457,5,5,1263,595877347,50516143,39052547.89,JACKSON COU,513.5962883694212,0.152,19167342.79,8023.70787,771,451,46,4357233.76,2053657.83,1414.2728,1353.712,595877.347,66.90740478329215,35035049.874,3933.8704102852007,37755319.38069999,4239.3127532786875,84361271,9472,39052547,4384,Rural,146700,56700,4881551,2579227.0511712,675496,1567.964990938693
2802190,2520,JACKSON PUBLIC,141951220.1864,7586.917166563335,95857473,30178605.8664,35388877.888000004,30178605.8664,18710,179.73901008717698,97624406,5217.766221272047,5123.328327097809,111772614.32,5973.9505248530195,800,1273,1357,1325,1473,1134,1365,1361,1046,1280,1775,1560,1339,1336,0.5392,5053,415,191,5,249,84,18,347,373,29,383,5,485,5,5,2181,1263888496,106874557,96927943.61,JACKSON PUB,104.09537690746866,0.401,67919104.22,16679.1833,1107,1028,44,11759441.05,4155700.27,10088.432,7502.71,1263888.496,67.55149631213256,76383736.43199998,4082.5086281133076,81594008.45359999,4360.983883142704,192785416,10303,96927943,5180,City,89100,38399,10955513,5655999.46667,1437620,1612.9666417103153
2802250,3300,JEFF DAVIS COUNTY,10448892.8944,8460.642019757086,7115815,2221418.1744,2990386.364,2221418.1744,1235,3.02406815418243,6801130,5506.987854251012,5761.793522267207,8227474.72,6661.922850202429,0,91,106,80,112,83,95,91,89,92,107,92,99,85,0.3773,508,5,18,0,14,5,5,5,58,5,30,5,71,5,0,209,106799513,7933649,5841123.54,JEFF DAVIS,408.39026669816826,0.37200000000000005,7500445.03,1128.20879,143,68,10,823222.01,288437.71,465.9655,459.4200000000001,106799.513,86.47733846153847,5237088.356,4240.557373279352,6006056.5456,4863.203680647774,12956938,10491,5841123,4729,Rural,94600,32116,911544,373889.82572456,250985,1798.7191695546558
2802220,3200,JEFFERSON COUNTY,8399079.692,7901.297922859831,6075832,1518493.172,1518493.172,1857758.3604,1063,2.044774724268764,5866334,5518.658513640639,5715.740357478833,6880586.52,6472.800112888052,38,83,81,72,73,69,82,79,74,79,100,90,56,66,0.5077,392,0,16,0,15,5,0,5,16,5,23,0,53,0,0,140,54231899,6774139,3264024.33,JEFFERSON C,519.8616685660282,0.429,7157999.7,935.093407,84,49,5,568908.77,235845.75,539.6851,456.027,54231.899,51.0177789275635,5362093.347999999,5044.302302916274,5022828.1596,4725.144082408278,9339856,8786,3264024,3070,Rural,63400,25019,660344,303146.53469380003,176238,1428.497809971778
2802280,3400,JONES COUNTY,65530051.628,7687.711359455654,48754945,10685807.468,10685807.468,14807945.9232,8524,12.532828035582142,49078756,5757.714218676678,5719.726067573909,54844244.16,6434.097156264664,213,624,688,620,597,641,573,626,628,652,679,672,560,556,0.2359,1977,587,123,0,105,73,14,64,290,88,343,5,470,5,5,1585,381635981,54358445,24411833.97,JONES COUNT,680.1338034639415,0.20600000000000002,18990452.13,7660.86304,865,622,98,4166069.41,1923229.75,2010.8116,1755.9440000000002,381635.981,44.77193582824965,44158436.691999994,5180.482953073673,40036298.2368,4696.8909240732055,73166778,8583,24411833,2863,Rural,102600,46981,6678155,2496790.02543584,718492,1253.61420319099
2802310,3500,KEMPER COUNTY,7831639.823100001,8859.321066855204,5223304,1664994.2931000001,9677971.520000001,1664994.2931000001,884,1.1539308915126445,5063006,5727.382352941177,5908.714932126697,6166645.53,6975.8433597285075,22,64,69,47,57,58,48,64,52,68,79,107,72,52,0.491,319,0,13,0,5,5,5,5,36,5,27,0,26,0,0,123,345641840,5823628,7984702.55,KEMPER COUN,766.0770731609392,0.38,4120973.57,806.191011,67,55,5,742557.09,200784.44,434.044,335.92,345641.84,390.997556561086,-3511325.990000001,-3972.0882239819016,4501651.2369,5092.365652601809,13208006,14941,7984702,9032,Rural,73600,31103,662251,267481.76264832,212390,1883.477707126697
2802340,0420,KOSCIUSKO,16354065.654,7703.281042863871,11562251,3053274.9239999996,3053274.9239999996,3591213.4971000003,2123,13.88364053689658,11686571,5504.743758831842,5446.185115402732,13300790.73,6265.092195007066,126,150,149,149,130,139,160,187,141,172,185,147,110,161,0.3232,573,26,34,0,28,19,5,18,85,5,76,5,109,5,0,380,109045533,12891123,5823437.56,KOSCIUSKO,152.91378326585195,0.301,9306818.41,1876.07778,222,157,10,1279002.82,459536.91,686.1536,639.023,109045.533,51.36388742345737,10247515.806000002,4826.90334715026,9709577.232900001,4573.517302355158,17385688,8189,5823437,2743,Town,97600,32570,1771548,642541.40936476,37629,1438.1888478568062
2802370,3600,LAFAYETTE COUNTY,21945770.8785,7641.285124825905,15004848,4665636.328500001,4986644.432,4665636.328500001,2872,5.265027287859731,14682761,5112.381963788301,5224.529247910864,17280134.55,6016.7599408077995,88,209,223,193,212,172,210,218,207,238,233,241,176,211,0.1609,872,39,46,0,34,41,5,5,158,13,84,5,152,5,5,554,178094444,16729384,12444490.33,LAFAYETTE C,545.4862516329878,0.157,4294321.9,2487.40988,344,186,23,1633197.08,642089.47,462.10479999999995,450.904,178094.444,62.01060027855153,12293490.118,4280.463133008357,12614498.2215,4392.234756789693,27449338,9557,12444490,4333,Town,149100,53438,1883710,811507.5966999601,343697,1624.525184018106
2802400,3700,LAMAR COUNTY,78260623.26,7615.864466718568,53336592,16638085.260000002,18456790.856,16638085.260000002,10276,18.4821098768896,57470339,5592.676041261191,5190.404048267808,61622538,5996.743674581549,256,785,759,698,727,684,761,721,775,815,923,849,712,639,0.186,3020,334,207,0,81,54,5,46,379,33,424,16,676,5,5,1926,659171102,59466669,38313782.71,LAMAR COUNT,555.9971274085605,0.16699999999999998,22842073.31,9204.80556,1136,752,43,5947122.84,2338823.16,1911.336,1716.0919999999999,659171.102,64.14666231996885,43165747.144,4200.6371296224215,44984452.739999995,4377.622882444531,91650374,8918,38313782,3728,Rural,177100,60830,7523075,3018306.42710432,905221,1619.1207921370185
2802430,3800,LAUDERDALE COUNTY,46427507.172,7855.754174619289,32497008,9353906.352,9353906.352,10009872.2214,5910,9.094489642445751,32009830,5416.21489001692,5498.6477157360405,37073600.82,6273.0289035533,79,451,471,407,404,394,421,428,447,428,496,506,427,439,0.2524,1942,96,111,0,84,43,5,32,185,32,183,5,198,5,5,893,334068084,36231952,17790339.4,LAUDERDALE,649.8440519869175,0.185,12958370.16,5234.47296,467,379,42,3226031.14,1350561.68,1491.684,1093.35,334068.084,56.52590253807106,27719694.468000002,4690.30363248731,27063728.5986,4579.311099593909,50287347,8508,17790339,3010,Rural,114600,52855,3790720,1716854.16987404,890464,1582.7252710659898
2802460,3420,LAUREL,19473328.6936,7180.430934218289,13360553,4139999.0136,6061171.2,4139999.0136,2712,185.55971238482408,15119073,5574.879424778761,4926.457595870206,15333329.68,5653.882625368731,111,227,227,224,220,168,212,203,187,189,202,182,175,148,0.4761,419,194,39,0,29,32,5,27,87,20,84,5,101,5,5,424,216470400,14896107,14655250.7,LAUREL,14.615241450556374,0.336,8772059.28,2311.04469,217,192,30,1369722.14,603054.54,1291.1832000000002,911.2320000000001,216470.4,79.81946902654867,9272158.48,3418.937492625369,11193330.6664,4127.3343165191745,28015803,10330,14655250,5403,Town,84700,31481,1752686,818523.83752272,182120,1526.5483088495575
2802490,3900,LAWRENCE COUNTY,14107991.049899999,8318.39094923349,9634705,2999336.6799,3469638.06,2999336.6799,1696,3.9392133131142626,9340471,5507.353183962264,5680.840212264151,11108654.37,6549.914133254717,0,146,128,121,137,110,133,124,106,140,146,158,119,102,0.3284,581,17,27,5,34,5,5,16,96,5,34,0,66,5,5,294,123915645,10742040,7374467.95,LAWRENCE CO,430.5428178651175,0.257,4744510.8,1567.43825,196,87,20,1079159.01,394790.36,556.9664,435.872,123915.645,73.06346992924529,7639016.309999999,4504.136975235849,8109317.690099999,4781.437317275943,17009172,10028,7374467,4348,Rural,94800,41914,1246734,517424.265804,300491,1768.4768159787734
2802520,4000,LEAKE COUNTY,20484122.064,8090.095601895734,14786799,3731170.044,3731170.044,4523297.0454,2532,4.344414921585149,14271744,5636.549763033176,5839.968009478673,16752952.02,6616.489739336493,0,200,214,182,170,164,183,153,179,221,230,214,146,178,0.3133,703,273,41,0,84,19,5,24,53,13,104,5,102,0,0,445,133256073,16486274,5407327.41,LEAKE COUNT,582.8172597925218,0.289,10802074.2,2305.08907,239,198,13,1380629.13,585523.89,793.2756,731.7479999999999,133256.073,52.62878080568721,13021781.976,5142.883876777251,12229654.974599998,4830.037509715639,20194126,7975,5407327,2135,Town,83300,37096,2171897,753334.28731416,330948,1473.6058625592418
2802550,4100,LEE COUNTY,49787871.654,7899.0753060447405,34181820,10281198.424,10281198.424,10666801.7721,6303,20.458006274803886,33279992,5280.024115500555,5423.103284150405,39506673.23,6267.915790893225,0,501,507,496,465,426,464,476,487,499,522,530,428,433,0.246,1605,125,84,0,87,36,5,39,227,11,141,5,341,5,5,984,367185658,38110402,23825813.85,LEE COUNTY,308.0945384087982,0.196,12212271.08,5627.86111,655,310,21,3866068.97,1458784.26,1550.538,1235.3880000000001,367185.658,58.25569696969697,29225474.805999994,4636.756275741709,28839871.457899995,4575.578527352054,58007633,9203,23825813,3780,Rural,121200,49723,3681223,1827354.36881476,540267,1631.1595151515153
.,4225,LEFLORE LEGACY,2387339.6152238213,9905.973507152785,1790227,484922.4552238213,484922.4552238213,513652.6332000001,241,Inf,1703264,7067.485477178423,7428.327800829876,1902417.1600000001,7893.847136929461,0,0,0,0,0,0,0,89,5,87,0,0,0,0,0.5622,5,0,0,0,0,5,0,5,5,5,5,0,11,0,0,22,17318659.115136474,1995981,772039.69,LEFLORE LEG,0,0.473,1012642.76,180.584932,16,15,5,56793.29,55396.87,135.49020000000002,113.993,17318.659115136474,71.86165607940445,1417494.7047761788,5881.720766706137,1388764.5268,5762.5084099585065,NA,NA,NA,NA,NA,NA,NA,46028,98796.61876488,0,2012.1263702233248
2802610,7612,LELAND,5545065.5926,7921.522275142857,3775526,1178872.2126,1821726.508,1178872.2126,700,3.6728497041148813,3691126,5273.0371428571425,5393.608571428572,4366193.38,6237.419114285714,42,43,40,50,54,44,57,55,53,66,54,43,45,29,0.5896,248,0,5,0,5,5,0,15,36,5,5,0,27,0,0,90,65061661,4209455,3894638.12,LELAND,190.5877061116207,0.305,5355699.91,631.15,68,30,5,437800.07,152867.31,412.72,213.5,65061.661,92.94523,2544466.872,3634.9526742857142,3187321.1673999997,4553.3159534285705,7670164,10957,3894638,5563,Town,72000,38088,403540,196738.47161756,139560,1684.1031608571427
2802640,4300,LINCOLN COUNTY,21972495.012,7861.357786046511,16621900,3318204.652,3318204.652,5036658.3972000005,2795,6.414606713935994,16291711,5828.876923076923,5947.0125223613595,18654290.36,6674.164708407871,0,218,247,188,207,207,218,221,227,219,240,237,176,171,0.2343,1000,12,22,0,19,12,5,27,122,5,58,0,167,5,5,437,118507309,18532287,6118841.939999999,LINCOLN COU,435.7242968501481,0.204,4856062.13,2580.22472,308,124,15,1383288.63,649101.73,654.8685,570.18,118507.309,42.39975277280858,15336085.708,5486.971630769231,13617631.9628,4872.140237137746,22740741,8136,6118841,2189,Rural,95000,50288,1605913,815307.9485986,325768,1187.1930776386403
2802670,2422,LONG BEACH,23289431.904,7951.325334243769,16936883,4251399.544,4251399.544,5140268.7372,2929,180.4985717233992,17060468,5824.6732673267325,5782.479685899624,19038032.36,6499.840341413452,37,194,226,211,178,214,242,216,199,245,269,237,208,205,0.2292,657,48,60,0,74,30,5,16,95,14,105,5,109,0,5,511,151835698,18883471,10147927.49,LONG BEACH,16.227275219044266,0.171,10563525.94,2663.46667,278,221,19,1432179.55,668969.81,671.3267999999999,500.85900000000004,151835.698,51.838749743939914,14786632.816,5048.355348583134,13897763.6228,4744.88344923182,27084810,9247,10147927,3464,Suburb,151300,53491,2371597,852141.64659312,222298,1451.4849928303174
2802700,8020,LOUISVILLE,20291079.5219,8042.4413483551325,13902751,4313851.5519,4553163.888,4313851.5519,2523,4.155359423044693,13490290,5346.9242964724535,5510.404676971859,15977227.969999999,6332.630982956797,39,173,208,176,155,145,184,163,214,234,212,206,189,185,0.3781,958,5,22,0,30,5,5,11,57,5,33,5,110,0,5,288,162612996,15500621,8706891.66,LOUISVILLE,607.1676943294018,0.3,8989137.49,2317.5366,197,81,10,1500172.7,574304.27,953.9463,756.9,162612.996,64.45223781212843,11424064.081999999,4527.968324217201,11663376.4181,4622.820617558462,22609642,8961,8706891,3451,Town,84900,34724,1458545,767365.87391684,483678,1709.8103653983355
2802730,4400,LOWNDES COUNTY,40299557.6278,7660.056572476716,27863499,8567622.4878,14721070.056,8567622.4878,5261,11.971104316286183,27400597,5208.248812012926,5296.236266869417,31731935.14,6031.540608249383,133,366,424,356,356,354,401,355,421,403,482,401,341,389,0.2349,1571,29,77,0,74,42,5,25,181,20,161,5,282,5,5,874,525752502,31065904,32506676.7,LOWNDES COU,439.47491066823557,0.182,11894740.24,4739.23333,537,315,30,2670741.77,1197694.37,1235.8089,957.502,525752.502,99.9339482988025,17010865.084,3233.390055882912,23164312.6522,4403.024644022049,60370175,11475,32506676,6178,Rural,139400,61457,3521717,1550810.29741144,514790,1628.5159642273331
2802790,4500,MADISON COUNTY,98461319.12980002,7480.726267269413,66965845,20932721.389800005,43065030.428,20932721.389800005,13162,24.987582801714243,65947698,5010.461783923416,5087.8168211518005,77528597.74000001,5890.335643519223,85,888,1009,942,929,917,1001,943,978,1038,1151,1128,992,916,0.128,4890,599,213,0,91,76,17,75,325,65,404,5,396,5,5,1680,1538036801,74662358,81414049.97,MADISON COU,526.7416262087198,0.10099999999999999,18540132.69,11965.6851,812,790,75,7529248.15,3033504.59,1684.736,1329.3619999999999,1538036.801,116.8543383224434,34463567.31200001,2618.4141704908075,56595876.350200005,4299.945019769032,148379894,11273,81414049,6185,Suburb,228300,83293,6936614,3809644.23340488,1200043,1590.3906237501903
2802820,4600,MARION COUNTY,16065281.569999998,8437.64788340336,11710691,2836300.1799999997,2836300.1799999997,3571824.9753,1904,3.9993761316539764,11385341,5979.695903361345,6150.57300420168,13228981.389999999,6947.994427521007,40,144,147,119,138,116,128,166,148,175,177,154,120,114,0.3229,757,5,15,0,11,12,5,14,145,5,45,5,83,0,0,334,101296435,13056623,5635882.7,MARION COUN,476.0742519140315,0.27399999999999997,9011834.97,1727.22803,239,96,5,1082127.69,436162.7,614.8016,521.6959999999999,101296.435,53.20190913865546,10392681.209999999,5458.340971638655,9657156.414699998,5072.035932090335,17346573,9110,5635882,2960,Rural,86200,32855,1346342,567705.08742668,483338,1489.6534558823528
2802850,4700,MARSHALL COUNTY,21191542.440300003,7631.091984263595,14548948,4505288.5503,9647182.243999999,4505288.5503,2777,5.273335491402194,13925285,5014.506661865323,5239.088224702917,16686253.89,6008.733845876845,0,213,223,189,234,185,239,216,175,217,272,208,197,160,0.2866,1009,232,34,0,30,18,5,32,56,14,35,5,116,5,5,346,344542223,16221087,10457297.79,MARSHALL CO,526.6116681799792,0.278,9336823.97,2487.44911,202,129,24,1496618.88,640687.01,795.8882000000001,772.0060000000001,344542.223,124.06993986316168,7039071.646000002,2534.775529708319,12180965.3397,4386.375707490098,25006245,9004,10457297,3765,Rural,113500,46662,1722545,806245.6398436,195664,1622.3581383867484
2802880,5720,MCCOMB,16711914.137699999,7809.30567182243,11428389,3552926.6277,3973191.9639999997,3552926.6277,2140,48.53163931791994,11284482,5273.1224299065425,5340.368691588785,13158987.51,6149.059584112149,61,153,181,162,165,138,135,161,128,201,177,169,132,126,0.5119,714,42,18,0,23,5,5,28,63,5,62,5,58,0,0,271,141899713,12741876,8534905.3,MCCOMB,44.09494569061098,0.37200000000000005,9335373.91,1879.98276,144,123,5,1251661.01,478937.5,1095.4660000000001,796.0800000000002,141899.713,66.30827710280373,9185795.546,4292.427825233645,9606060.8823,4488.813496401869,19963294,9328,8534905,3988,Town,96100,28571,1699242,655404.0700184,396130,1660.2460877102803
2802910,3820,MERIDIAN,33761448.3774,7317.175634460339,22787246,7177630.7574000005,10295364.352,7177630.7574000005,4614,85.86799935428624,23010848,4987.179887299523,4938.718248807976,26583817.62,5761.555617685306,169,342,368,370,423,250,318,382,259,324,353,366,304,256,0.6029,1157,74,72,0,40,51,5,55,63,43,189,5,110,0,5,636,367691584,25406228,22438180.79,MERIDIAN,53.73363808050205,0.363,17171470.7,4011.7486,213,377,48,2772313.87,1024257.75,2781.7806,1674.882,367691.584,79.6904169917642,16288453.268000001,3530.223941915908,19406186.8626,4205.935600910273,45225426,9801,22438180,4863,Town,83300,32422,3002434,1390905.5237884,469928,1555.6200167750326
.,2525,MIDTOWN PUBLIC CHARTER,2815134.768674078,9912.446368570698,2092627,537169.498674078,537169.498674078,615050.6229000001,284,Inf,1796056,6324.140845070423,7368.404929577465,2277965.27,8021.004471830986,0,0,0,0,0,23,33,97,63,68,0,0,0,0,0.5771,5,0,5,0,0,5,0,5,5,0,5,0,5,0,0,32,19184624.952645645,2333137,1066233.8,MIDTOWN PUB,0,0.401,775995.33,211.281081,10,20,0,120124.23,65214.04,163.89639999999997,113.884,19184.624952645645,67.55149631213256,1740795.771325922,6129.562575091275,1662914.6471,5855.333264436619,NA,NA,NA,NA,NA,NA,NA,80150,107764.05297884,0,1891.4418967397114
2802940,4800,MONROE COUNTY,17797772.792,8399.137702689948,12263793,3723179.852,3723179.852,3800140.0938,2119,5.3506959268187595,12254150,5782.987258140633,5787.537989617745,14074592.94,6642.091996224634,0,159,169,162,143,169,130,141,174,161,186,179,143,163,0.1451,845,5,24,0,28,13,5,24,97,5,60,5,138,5,5,403,132970709,13673294,5580181.42,MONROE COUN,396.0232517379931,0.154,4217787.34,1931.62778,263,131,15,1320409.08,490390.86,307.4669,326.326,132970.709,62.75163237376121,10351413.088,4885.046289759321,10274452.8462,4848.727157243983,17843974,8420,5580181,2633,Rural,102700,46754,1801989,624709.47086344,515714,1757.0457064653137
2803000,3020,MOSS POINT,15027100.2607,9577.501759528363,10414429,3194737.8507000003,4780407.772,3194737.8507000003,1569,15.13929963563353,10544373,6720.441682600383,6637.622052262587,11832362.41,7541.339968132568,21,128,127,118,107,109,114,129,121,128,110,134,103,94,0.532,640,70,26,0,16,11,5,24,48,5,46,0,64,0,0,240,170728849,11611379,9817268.919999998,MOSS POINT,103.63755508920823,0.297,10835532.81,1360.7095,128,112,5,1055633.2,362300.21,834.7080000000001,465.993,170728.849,108.81379796048438,7051954.638,4494.553625239006,8637624.5593,5505.178176736775,20231697,12894,9817268,6257,Suburb,94200,41902,1283115,461588.80831628,330910,2036.1617913957937
2800186,0617,N. BOLIVAR CONS,7540950.29,9667.884987179486,5815099,1016654.38,1016654.38,1761559.8957000002,780,3.782567737887613,5777924,7407.594871794872,7455.255128205128,6524295.91,8364.481935897436,0,52,49,55,63,58,72,73,77,60,71,61,5,47,0.6003,343,5,5,0,11,5,0,15,20,5,11,0,41,0,0,107,36309085,6483439,2269876.21,N. BOLIVAR,206.2091293666015,0.605,5382890.59,752.995912,72,36,5,527345.58,181851.33,468.234,471.9,36309.085,46.55010897435897,5507641.53,7061.078884615385,4762736.0143,6106.071813205128,8084975,10365,2269876,2910,Rural,66600,24072,452787,246433.93522288,232073,1303.4030512820514
2803270,7011,N. TIPPAH,10034672.964,7803.011636080871,7713499,1332676.884,1332676.884,2349538.9416,1286,6.591795771029581,7718495,6001.940124416797,5998.055209953343,8701996.08,6766.715458786936,40,94,113,103,103,77,72,110,92,89,101,97,94,83,0.1774,389,0,27,0,19,5,5,5,67,5,23,0,155,0,0,306,47595603,8600026,3285728.73,N. TIPPAH,195.09099563610084,0.257,4015698.98,1149.93333,241,65,5,695852.01,292645.07,228.1364,330.502,47595.603,37.01057776049767,7369319.196,5730.419281493002,6352457.1384,4939.702284914463,10999227,8553,3285728,2554,Rural,81900,36925,895049,378274.64059772,59502,1036.2961772939348
2803030,0130,"NATCHEZ-ADAMS",22588134.2115,7947.971221498944,15477880,4802201.7615,8975601.04,4802201.7615,2842,6.147788994401961,14958555,5263.390218156228,5446.122448979592,17785932.45,6258.245056298381,5,211,254,207,246,181,189,214,188,192,213,206,200,210,0.4718,884,13,39,0,61,25,5,56,140,5,58,5,116,5,5,503,320557180,17256783,14761348.69,"NATCHEZ-ADA",462.2800168626252,0.355,11681465.56,2595.44725,317,188,15,1653340.91,654711.54,1340.8556,1008.91,320557.18,112.79281491907108,8810331.41,3100.0462385643914,12983730.688499998,4568.518891097818,30239228,10640,14761348,5194,Town,92100,29936,2264097,827001.6833031999,271731,1689.726165200563
2803060,5000,NESHOBA COUNTY,25738351.200000003,8472.136668861094,20113521,3498637.24,3498637.24,6004722.769200001,3038,5.748375346656347,19744138,6499.057932850559,6620.645490454246,22239713.96,7320.511507570771,40,239,250,220,187,216,208,204,241,249,262,249,222,204,0.2827,1280,5,42,0,110,5,5,13,114,11,72,5,169,5,5,547,124951330,22425207,5845157.82,NESHOBA COU,528.4971521157036,0.281,15123730.02,2718.44134,393,142,21,1433615.21,692577.75,858.8426000000001,853.6780000000001,124951.33,41.12947004608295,18741076.72,6168.8863462804475,16234991.1908,5343.973400526662,25958678,8544,5845157,1924,Town,83300,40115,2625575,903592.28920768,304320,1151.6251612903227
2803090,4111,NETTLETON,8789065.658000002,7903.836023381296,6627928,1255044.868,1255044.868,2034185.6133000003,1112,11.342668168121282,6901220,6206.13309352518,5960.36690647482,7534020.790000001,6775.198552158275,0,80,90,66,80,83,85,84,92,105,100,77,80,78,0.2651,411,11,12,0,12,12,5,5,71,5,24,0,44,0,0,190,44823031,7389688,2491966.27,NETTLETON,98.03689780199078,0.222,2793832.13,1060.01667,127,58,5,647574.06,258518.73,294.7912,246.864,44823.031,40.30848111510792,6278975.922000001,5646.561080935253,5499835.176700001,4945.89494307554,9119894,8201,2491966,2240,Rural,89200,39620,736190,339687.55367964,96437,1128.6374712230215
2803120,7320,NEW ALBANY,16627582.752,7865.4601475875115,11997472,3006107.972,3006107.972,3677798.190600001,2114,27.529134906579138,12210763,5776.141438032167,5675.24692526017,13621474.780000001,6443.460160832546,39,194,183,156,163,159,144,146,154,171,164,150,140,120,0.2201,759,190,34,0,39,16,5,22,107,5,41,5,109,0,0,378,107360999,13376364,8088117.23,NEW ALBANY,76.79137056699805,0.225,4842368.61,1924.71508,255,123,5,1141325.4,482677.38,465.29139999999995,475.65000000000003,107360.999,50.785713812677386,10615366.808000002,5021.460174077579,9943676.5894,4703.725917407758,20085589,9501,8088117,3825,Rural,106800,45216,1685398,617693.23004068,414684,1421.9999867549668
2803150,5100,NEWTON COUNTY,13548095.05,8026.122659952607,10174574,2062510.3800000001,2062510.3800000001,3101107.8609,1688,4.169815704645208,10087533,5976.0266587677725,6027.591232227488,11485584.67,6804.256321090047,20,143,148,110,103,107,116,118,126,147,145,132,114,129,0.1954,515,0,12,0,11,5,5,22,62,5,78,5,39,5,0,239,73661085,11343957,4501917.6,NEWTON COUN,404.81405404069886,0.235,5342700.56,1518.53889,112,127,10,924635.03,386375.64,329.8352,396.67999999999995,73661.085,43.638083530805694,9423074.29,5582.389982227488,8384476.8091,4967.107114395735,14676491,8694,4501917,2667,Rural,88600,36958,1271315,497838.04333628,194110,1221.8663388625594
2803180,5130,NEWTON MUNICIPAL,6819611.964000001,8357.367602941178,4639264,1449838.7640000002,2037048.356,1449838.7640000002,816,5.953516099013701,4758267,5831.20955882353,5685.3725490196075,5369773.2,6580.604411764706,21,52,61,53,68,49,85,54,61,64,70,58,41,79,0.4175,247,0,5,0,5,5,5,5,32,5,35,5,32,5,5,131,72751727,5172464,3547304.45,NEWTON MUNI,137.06186166779392,0.34700000000000003,5411990.16,781.055556,69,60,15,545151.74,185357.46,340.68,283.15200000000004,72751.727,89.15652818627451,3332724.8440000005,4084.22162254902,3919934.4359999998,4803.841220588235,8186568,10032,3547304,4347,Town,83400,32047,649367,245849.47224836,167684,1776.7631911764709
2803210,5411,NORTH PANOLA,9459771.8856,7760.272260541428,6404328,2011132.6056000001,2455136.796,2011132.6056000001,1219,4.086010916015262,6466593,5304.834290401969,5253.755537325676,7448639.28,6110.4505988515175,19,79,86,77,129,71,98,98,83,98,126,87,81,80,0.4959,468,5,14,0,5,16,5,17,21,5,24,0,64,0,0,170,87683457,7140390,4670309.41,NORTH PANOL,298.33498369328555,0.409,3902052.18,1058.11111,90,76,5,766625.7,277685.58,604.5021,498.57099999999997,87683.457,71.93064561115668,4993502.484,4096.392521739131,5437506.6744,4460.628937161608,11074637,9085,4670309,3831,Rural,70900,34544,897728,366289.12192728,287541,1649.82166168991
2803240,5711,NORTH PIKE,17695491.009999998,7882.178623608017,13701157,2368558.22,2368558.22,4138271.8533,2245,17.84537011819581,13545933,6033.823162583519,6102.965256124721,15326932.79,6827.141554565701,0,142,162,166,145,181,195,189,166,185,193,196,146,148,0.3206,628,0,29,0,30,5,5,5,137,5,65,5,115,5,0,400,84591365,15275857,5573192.04,NORTH PIKE,125.80293852862786,0.265,10739904.63,2039.74444,282,114,10,1108270.85,517504.94,719.747,594.9250000000001,84591.365,37.67989532293987,12958374.569999998,5772.104485523385,11188660.9367,4983.813334832962,19274349,8585,5573192,2482,Town,115600,41738,1752940,648680.50820432,289277,1055.0370690423163
2803300,5200,NOXUBEE COUNTY,11119638.034000002,7959.654999284182,7948478,2249209.5640000002,2249209.5640000002,2395015.6869000006,1397,2.0098901424649593,7611610,5448.5397279885465,5689.676449534717,8870428.47,6349.626678596994,59,115,103,86,113,88,103,92,96,112,120,111,90,88,0.5584,436,27,20,5,12,5,5,18,16,5,33,5,55,0,5,169,80328913,8862012,4230854.86,NOXUBEE COU,695.062864623386,0.39,6357876.46,1222.77222,83,86,15,607567.39,314383.08,780.0848,544.83,80328.913,57.50101145311382,6621218.906,4739.598357909807,6475412.7831,4635.227475375805,12179332,8718,4230854,3028,Rural,59700,33784,1008651,406631.3878546,178319,1610.028320687187
2803360,3021,OCEAN SPRINGS,45398272.146,7745.82360450435,31509998,9555952.056,9555952.056,9677426.4243,5861,171.81972295410745,32652796,5571.198771540693,5376.215321617471,35842320.089999996,6115.39329295342,0,363,436,402,411,429,420,470,484,466,499,498,459,417,0.1196,1864,106,131,0,73,36,11,29,238,46,166,5,238,5,5,975,341284002,35131503,22054499.37,OCEAN SPRIN,34.11133424749763,0.111,10502145.76,5350.99441,549,378,56,2971475.76,1360846.33,700.9756,650.571,341284.002,58.229653983961775,26286368.033999994,4484.96298140249,26164893.665699996,4464.237103855997,53564497,9139,22054499,3762,Suburb,169400,69055,3772239,1726500.94160356,666214,1630.43031155093
2803390,0921,OKOLONA,4719066.236,9234.963279843443,3425341,786407.216,786407.216,1061817.9354,511,4.376051144357698,3344631,6545.26614481409,6703.211350293542,3932659.02,7696.00590998043,0,37,32,35,40,32,53,42,40,41,43,5,44,39,0.426,226,0,5,0,0,5,0,5,19,5,26,0,34,0,0,88,28085972,3819022,1788241.29,OKOLONA,116.77194418965203,0.315,2487390.65,485.8915,53,41,5,388343.31,118974.71,217.686,160.965,28085.972,54.96276320939335,3146251.804,6157.048540117416,2870841.0845999997,5618.084314285714,5213582,10202,1788241,3499,Rural,73300,34412,423757,152304.06982576,245521,1538.9573698630138
2803450,3620,OXFORD,33080477.514300004,6940.931077276543,22721419,7032857.424300001,17257134.832,7032857.424300001,4766,55.338644048835015,22805461,4785.031682752832,4767.398027696181,26047620.090000004,5465.300060847671,213,339,403,398,329,355,337,334,333,361,339,357,318,297,0.1731,1349,376,73,0,92,12,5,28,214,14,68,5,156,5,5,671,616326244,25332835,38762587.56,OXFORD,86.12426419039325,0.153,9080889.16,4136.77778,462,191,24,2272725.58,1053475.51,824.9946,729.198,616326.244,129.31729836340745,8790485.258000005,1844.415706672263,19014762.665700004,3989.6690444188007,61484006,12900,38762587,8133,Rural,241700,48668,2226845,1382428.57305076,478640,1475.6310164288714
2803480,3022,PASCAGOULA,50846810.002900004,7745.1348062300085,34158783,10809951.732900001,28618271.808000002,10809951.732900001,6565,91.97136281334883,33383043,5085.002741812643,5203.165727341965,40036858.27,6098.5313434881955,97,464,522,446,483,449,459,482,502,466,572,559,456,468,0.3562,1814,608,77,0,62,54,5,55,204,45,186,5,193,5,5,894,1022081136,38084718,52236402.87,PASCAGOULA,71.38091465843918,0.259,23446694.79,5947.53333,459,382,55,4377684.92,1500390.35,2338.453,1700.335,1022081.136,155.68638781416604,11418586.462000001,1739.3124846915462,29226906.537100002,4451.9278807463825,86395185,13159,52236402,7956,City,120700,44005,4298928,1924408.33917016,972749,1646.6034627418128
2803510,2423,PASS CHRISTIAN,14485586.497399999,7451.433383436213,9894677,3079612.8774,6409989.712,3079612.8774,1944,33.32405716240986,9716282,4998.0874485596705,5089.854423868313,11405973.62,5867.270380658436,53,124,126,152,126,130,125,126,145,171,157,172,148,154,0.2733,661,21,38,0,21,18,5,14,52,11,78,5,64,0,5,304,228928204,11031891,12821808.87,PASS CHRIST,58.33623410635808,0.185,5104203.89,1797.82778,137,158,16,1079808.76,431487.86,531.2952,359.64,228928.204,117.76142181069959,4995983.907999999,2569.950569958847,8326360.7425999995,4283.1073778806585,22716485,11685,12821808,6595,Suburb,170700,54279,1145622,578229.0011394001,59475,1584.1630027777778
2803520,6120,PEARL,32090810.672,7611.672360531309,22311844,6761811.672,6761811.672,6838829.73,4216,164.80810330995826,21413125,5079.014468690702,5292.1831119544595,25328999,6007.827087286528,5,343,315,302,284,300,285,316,326,359,375,349,254,284,0.2454,1193,185,134,0,46,19,5,43,216,5,56,0,175,5,0,707,241493274,24876187,15918153.37,PEARL,25.5812664263897,0.20199999999999999,8569410.22,3639.4581,437,257,10,2067694.71,949460.29,1034.6064000000001,851.632,241493.274,57.28018833017078,18567187.328,4403.9818140417465,18490169.27,4385.713773719165,38229997,9067,15918153,3775,Suburb,120700,49944,2972443,1190074.91630636,205305,1603.8452732447818
2803540,5500,PEARL RIVER COUNTY,24655720.754,7507.832141900122,18465052,3878638.484,3878638.484,5609812.212900001,3284,24.66838722208647,18704227,5695.562423873325,5622.732034104751,20777082.27,6326.760739951279,0,256,262,228,247,207,265,261,236,263,275,273,232,218,0.2133,921,43,65,0,70,14,5,5,146,13,96,5,95,5,0,515,138522803,20587276,8511724.03,PEARL RIVER,133.12584930804556,0.154,5974656.55,2896.71186,311,190,18,1552602.28,759427.99,700.4771999999999,505.736,138522.803,42.18112149817296,16898443.786,5145.689338002436,15167270.057099998,4618.535340164433,26976776,8214,8511724,2591,Rural,156400,63540,2106212,974628.25924712,279225,1181.071401948843
2803570,5600,PERRY COUNTY,8155628.2658,8741.29503301179,5581051,1733873.7258000001,2967449.156,1733873.7258000001,933,1.7813553107133002,5497981,5892.798499464095,5981.833869239014,6421754.54,6882.9094748124335,0,80,83,57,66,72,73,71,67,77,70,91,61,5,0.3792,452,0,22,0,5,5,5,0,59,5,33,5,56,0,0,186,105980327,6222492,4166449.57,PERRY COUNT,523.7585081363711,0.27699999999999997,4325843.59,876.65,120,70,5,624258.38,216445.16,353.79359999999997,258.441,105980.327,113.59091854233655,3454305.384,3702.3637556270096,4687880.8142,5024.523916613076,9747500,10447,4166449,4465,Rural,85800,46063,736061,278590.13933556003,302157,1858.385558199357
2803530,1821,PETAL,34565258.42,7870.049731329691,25101187,6372631.72,6372631.72,7612009.209000001,4392,46.874878406649714,24877657,5664.3117030965395,5715.206511839709,28192626.7,6419.0862249544625,57,343,364,314,306,322,321,303,355,383,385,322,293,264,0.1966,1169,135,131,0,41,53,5,14,232,21,162,5,229,5,5,898,227593990,27986115,13747527.52,PETAL,93.69624304725549,0.16,8976629.82,3949.07303,502,370,31,2087050.02,1004389.68,863.4671999999999,702.72,227593.99,51.8201252276867,21819994.98,4968.122718579235,20580617.490999997,4685.932944216757,38848714,8845,13747527,3130,Suburb,150300,55825,3319103,1246494.8367686,532536,1450.9635063752276
2803600,5020,PHILADELPHIA,6662076.592,8036.280569360676,4553142,1416346.992,1720536.524,1416346.992,829,130.92389752429267,4337170,5231.809408926418,5492.330518697226,5245729.6,6327.779975874547,42,75,50,73,51,57,52,56,58,77,71,62,46,59,0.5054,61,11,20,0,20,5,5,5,22,5,50,0,67,5,0,195,61447733,5076443,3480176.95,PHILADELPHI,6.33192270987946,0.324,2932252.84,715.505196,109,85,10,508866.33,183721.27,418.97659999999996,268.596,61447.733,74.12271773220748,3525193.0759999994,4252.343879372737,3829382.6079999995,4619.279382388419,8033318,9690,3480176,4198,Town,90100,31753,797542,241464.6573752,0,1708.5005934861279
2803630,5520,PICAYUNE,24679974.122300003,7193.230580676189,17167708,5246923.632300001,5302805.032,5246923.632300001,3431,18.140619276500654,16298497,4750.363450888954,5003.703876420868,19433050.490000002,5663.961087146605,264,249,271,232,254,219,210,241,230,270,278,268,217,157,0.3619,1093,116,46,0,56,16,5,34,146,13,76,5,102,5,5,500,189385894,19140826,11216053.57,PICAYUNE,189.13356527163958,0.257,14487290.68,2755.9,304,182,23,1537937.17,727405.32,1241.6788999999999,881.767,189385.894,55.1984535120956,14130245.458000002,4118.404388807929,14186126.857700001,4134.691593617022,28383761,8272,11216053,3269,Town,118900,40645,2053953,969073.62338208,418962,1529.2694935295833
2803690,5820,PONTOTOC CITY,18008271.93,7822.880942658558,13678069,2437591.8000000003,2437591.8000000003,4204083.635100001,2302,22.966341525852023,13302772,5778.788879235447,5941.819721980886,15570680.13,6763.979205039097,35,199,200,168,169,137,178,170,152,213,198,170,146,127,0.233,681,249,38,0,38,5,5,16,178,5,109,5,130,5,5,527,87056850,15250116,5004069.66,PONTOTOC CI,100.2336396246985,0.207,6264580.39,2056.68333,346,178,15,1361549.15,531061.98,536.366,476.51399999999995,87056.85,37.81791920069505,13133088.33,5705.0774674196355,11366596.4949,4937.70481967854,18682138,8115,5004069,2173,Town,117400,45621,1753237,671774.403562,107904,1058.9017376194615
2803660,5800,PONTOTOC COUNTY,27092986.648,7816.787838430467,21157138,3329832.268,3329832.268,6416051.6826,3466,8.719246463019335,20904769,6031.381708020774,6104.194460473168,23763154.38,6856.0745470282745,0,301,295,279,258,251,272,249,266,264,271,255,213,231,0.1934,1030,216,50,0,22,19,5,26,184,16,49,5,174,5,5,552,118922581,23588769,7625327.65,PONTOTOC CO,397.5114150861816,0.212,9778673.22,3107.49162,380,154,26,1802644.88,803371.5,670.3244,734.792,118922.581,34.31118897864974,20433322.112,5895.361255626082,17347102.6974,5004.934419330641,28782465,8304,7625327,2200,Rural,100600,44126,2551894,1014969.6301316,522068,960.7132914021928
2803720,5530,POPLARVILLE,15015215.5753,7865.487467417496,10482300,3192211.1853000005,3196906.888,3192211.1853000005,1909,3.9038781084742085,10154245,5319.143530644316,5490.990047145102,11823004.39,6193.297218438974,17,155,163,128,140,144,140,156,134,154,153,161,123,113,0.2341,398,13,27,0,20,25,5,5,59,5,70,0,75,0,5,295,114175246,11687051,6485300.35,POPLARVILLE,489.000923429475,0.2,5764252.08,1642.64045,154,132,10,903606.72,437097.67,446.8969,381.8,114175.246,59.80892928234678,8626097.502,4518.647198533264,8630793.2047,4521.106969460451,16967600,8888,6485300,3397,Rural,124400,46111,1222569,534963.52529664,242338,1672.190248978523
2803750,5900,PRENTISS COUNTY,18810524.851999998,8257.47359613696,14392968,2495185.392,2495185.392,4405141.6542,2278,6.109987156360961,14130501,6203.029411764706,6318.247585601404,16315339.459999999,7162.133213345039,88,172,187,160,146,147,192,177,178,172,198,172,118,157,0.2092,809,5,38,0,30,17,0,17,211,5,101,5,162,0,5,581,89113764,16047179,5215941.45,PRENTISS CO,372.83220761412383,0.191,8944435.26,2029.40546,403,178,10,1412112.52,510258.94,476.5576,435.098,89113.764,39.11929938542581,13820154.068,6066.792830553117,11910197.805799998,5228.357245741878,19608909,8607,5215941,2289,Rural,90000,41292,2125564,668851.19364656,501635,1095.3403827919228
2803810,6000,QUITMAN COUNTY,7433417.95,8724.668955399062,5063620,1580332.9500000002,2182224.3800000004,1580332.9500000002,852,2.1039318896834636,4876550,5723.650234741784,5943.215962441314,5853085,6869.818075117371,28,75,62,74,63,52,74,62,62,64,53,65,46,47,0.4485,392,0,14,0,5,5,0,5,35,5,25,5,40,0,0,143,77936585,5645592,3629841.24,QUITMAN COU,404.95607494603036,0.439,6196847.93,790.722222,80,54,5,594290.37,195174.63,382.122,374.028,77936.585,91.47486502347418,3670860.6199999996,4308.521854460094,4272752.05,5014.967194835681,8693461,10203,3629841,4260,Town,50900,25283,647440,262512.48480064,196657,1854.8508802816903
2803780,1212,QUITMAN SEP,12732895.3368,7993.029087758945,8760615,2706993.4968000003,3415760.46,2706993.4968000003,1593,3.1164488480019727,8369295,5253.79472693032,5499.444444444444,10025901.84,6293.723691148776,60,124,158,117,95,104,101,105,100,115,147,128,106,94,0.4262,456,5,16,0,13,5,5,31,30,5,99,5,98,5,5,306,121991445,9767489,7013617.08,QUITMAN SEP,511.15871868755653,0.349,4387493.74,1352.98889,141,161,15,908362.7,356924.14,678.9366,555.957,121991.445,76.57968926553673,6610141.38,4149.492391713748,7318908.3432,4594.4182945386065,15774232,9902,7013617,4402,Rural,76500,37364,1180662,466266.30219812,202630,1699.3053966101697
2803830,6100,RANKIN COUNTY,139554979.51279998,7454.860016709401,95582277,29669168.872799996,46621147.18799999,29669168.872799996,18720,24.966375597661873,94048208,5023.942735042735,5105.890865384616,109885810.63999999,5869.9685170940165,320,1259,1385,1323,1359,1300,1396,1428,1448,1515,1623,1471,1369,1266,0.1383,6512,403,249,5,273,99,28,123,812,56,279,5,835,5,5,2769,1665040971,106567736,92575401.94,RANKIN COUN,749.8084744728885,0.121,31538902.57,17365.8096,1920,783,71,10032364.79,4271168.85,2588.976,2265.12,1665040.971,88.94449631410257,63264663.45199999,3379.522620299145,80216641.7672,4285.077017478632,188157678,10051,92575401,4945,Rural,169700,70439,9818362,5436752.45771212,1682297,1584.8914996153844
.,2515,REIMAGINE PREP,4651659.964924212,9049.922110747493,3341925,972201.1349242119,972201.1349242119,993453.8841000001,514,Inf,3192864,6211.79766536965,6501.799610894942,3679458.83,7158.480214007782,0,0,0,0,0,0,79,152,136,147,0,0,0,0,0.5837,147,5,5,0,0,5,0,12,0,0,11,0,14,0,0,41,34721469.10443614,3726019,1808680.38,REIMAGINE P,0,0.401,2311750.04,481.480447,14,33,0,219727.83,117806,300.0218,206.114,34721.46910443614,67.55149631213257,2707257.695075788,5267.03831726807,2686004.9458999997,5225.690556225681,NA,NA,NA,NA,NA,NA,NA,97075,202057.71121568,0,1891.4418967397119
2803870,5620,RICHTON,4407982.706,7383.555621440536,3443637,753906.496,753906.496,986600.5767000001,597,4.836576805151973,3391068,5680.180904522613,5768.236180904522,3654076.21,6120.73067001675,0,52,36,39,42,35,45,44,45,54,59,50,49,40,0.2211,210,0,5,0,5,5,5,5,23,0,15,0,36,0,0,99,26925232,3839421,1383928.29,RICHTON,123.43440909778778,0.28,2450604.37,535.511111,64,35,0,73232.61,137206.6,131.9967,167.16000000000003,26925.232,45.10089112227806,2900169.7139999997,4857.905718592964,2667475.6333,4468.133389112228,4827565,8086,1383928,2318,Rural,89800,31393,344990,166920.11940296,0,1262.8249514237857
2804110,7012,S. TIPPAH,20002870.417999998,8049.4448362173025,15350520,2631052.648,2631052.648,4690390.797900001,2485,9.460592294713305,15945273,6416.608853118712,6177.271629778672,17371817.77,6990.671134808853,58,205,181,173,160,180,169,175,204,199,200,169,206,160,0.1761,660,143,58,0,49,22,5,29,82,5,83,5,248,0,5,583,93966166,17114785,5824874.33,S. TIPPAH,262.6685436374474,0.28300000000000003,7482767.52,2281.03438,379,202,10,1459615.58,561682.19,437.6085,703.2550000000001,93966.166,37.813346478873235,14740765.122,5931.897433400402,12681426.972099999,5103.189928410462,21175394,8521,5824874,2344,Town,88800,41241,2653744,740471.62666052,350476,1058.7737014084507
2803900,6200,SCOTT COUNTY,30475747.568,7639.946745550264,24135040,3454274.768,3454274.768,7295797.656,3989,7.679758571859533,23516599,5895.361995487591,6050.398596139384,27021472.8,6773.996690899975,99,304,340,301,256,240,282,314,308,318,311,291,254,254,0.2263,875,382,56,0,40,11,5,120,157,5,89,0,223,5,5,723,123366956,26908927,6490353.79,SCOTT COUNT,519.4173700481481,0.271,15308976.04,3555.0271,420,281,15,1977643.63,908789.17,902.7107,1081.019,123366.956,30.926787666081726,23567198.032,5908.046636249687,19725675.144,4945.017584356982,30625393,7677,6490353,1627,Rural,71400,36305,2813807,1132778.74890376,437383,865.9500546502883
2803930,6920,SENATOBIA,13029164.95,7820.627220888355,8925113,2769979.95,2798534.872,2769979.95,1666,37.70151820945039,8826781,5298.18787515006,5357.210684273709,10259185,6157.974189675871,61,124,140,145,113,113,129,141,129,120,116,121,109,91,0.2839,388,24,18,0,41,13,5,5,105,5,56,5,101,0,5,359,99947674,9950893,6807959.98,SENATOBIA,44.189201897508596,0.20199999999999999,6195274.78,1466.96648,247,102,10,959383.46,374688.54,472.9774,336.532,99947.674,59.99260144057623,7460650.1280000005,4478.181349339736,7489205.05,4495.3211584633855,15733072,9443,6807959,4086,Town,141400,56982,1326033,482636.63574172,65615,1662.653031212485
2803990,6400,SIMPSON COUNTY,25502181.7235,8478.118924035904,17736834,5421723.6735,7191170.112,5421723.6735,3008,5.106230491739975,17149063,5701.151263297872,5896.553856382979,20080458.049999997,6675.684192154255,0,229,249,205,225,215,217,238,226,278,247,255,211,211,0.3251,1205,50,46,0,41,23,5,31,141,12,132,5,149,5,5,592,256827504,19775362,11132884.07,SIMPSON COU,589.0842579209557,0.292,10928964.51,2737.25007,331,242,22,1648007.65,695616.4,977.9008,878.3359999999999,256827.504,85.38148404255318,12889287.937999997,4285.002638962765,14658734.376499997,4873.249460272606,28869718,9597,11132884,3701,Rural,87900,43850,2455121,919669.9437426,573531,1802.4347318816488
.,2505,SMILOW COLLEGIATE,4394720.242799999,7723.5856639718795,3195835,934310.6028,1076230.4392448957,934310.6028,569,Inf,3040009,5342.722319859403,5616.581722319859,3460409.6399999997,6081.563514938488,0,99,117,122,119,112,0,0,0,0,0,0,0,0,0.5455,0,5,5,0,5,5,0,0,5,0,5,0,27,0,0,59,38436801.40160342,3563138,2050595.21,SMILOW COLL,0,0.401,2297325.97,500.322222,37,15,0,136250.24,128324.4,310.3895,228.169,38436.80140160342,67.55149631213256,2384179.200755104,4190.121618198777,2526099.0371999997,4439.541365905096,NA,NA,NA,NA,NA,NA,NA,67424,193638.93826264,0,1642.022149033392
.,2535,SMILOW PREP,4641916.4845,8044.915917677644,3331298,986864.1345,1091361.9744188136,986864.1345,577,Inf,3182569,5515.717504332755,5773.48006932409,3655052.35,6334.579462738302,0,0,0,0,0,0,136,157,141,143,0,0,0,0,0.5348,150,5,0,0,0,5,0,5,5,0,5,0,11,0,5,20,38977213.37210049,3714170,2015009.09,SMILOW PREP,0,0.401,1881336.95,504.305556,16,15,5,193326.27,130428.08,308.5796,231.377,38977.21337210049,67.55149631213256,2563690.3755811863,4443.13756599859,2668188.2155,4624.24300779896,NA,NA,NA,NA,NA,NA,NA,86780,202057.71121568,0,1710.3364549393416
2804020,6500,SMITH COUNTY,19127372.2862,7829.460616537045,13151414,4066449.2262000004,4576746.552,4066449.2262000004,2443,3.8401057428014718,13389319,5480.687269750307,5383.304952926729,15060923.06,6164.929619320508,0,201,210,161,189,167,187,204,194,214,195,189,149,142,0.2268,622,5,34,0,5,31,5,20,38,17,63,0,93,0,5,309,163455234,14662931,6370545.35,SMITH COUNT,636.180398047518,0.239,5750282.46,2303.78212,136,153,22,1338710.92,570798.14,554.0724,583.877,163455.234,66.90758657388457,10484176.508000001,4291.51719525174,10994473.8338,4500.39862210397,19521959,7990,6370545,2607,Rural,102600,43105,1660431,723516.8301424,293265,1664.5309972165371
2803960,6312,SOUTH DELTA,5606168.7724,9281.736378145695,3813255,1191862.6524,2225227.816,1191862.6524,604,0.7611831874712158,3745880,6201.788079470199,6313.336092715232,4414306.12,7308.453841059602,20,38,42,37,34,41,54,65,40,45,44,55,34,33,0.6514,147,0,5,0,5,5,0,14,28,5,5,0,28,0,0,87,79472422,4251520,2496558.9,SOUTH DELTA,793.5014986426513,0.499,3274558.38,543.522222,61,29,5,463844.52,137206.6,393.4456,301.396,79472.422,131.57685761589406,2189078.304,3624.3018278145696,3222443.4676,5335.1713039735105,6309813,10446,2496558,4133,Rural,65100,28660,263819,180659.9220398,169803,1973.2825370860928
2804050,5412,SOUTH PANOLA,31711101.134000003,7352.446356132623,22847199,5650879.444,5650879.444,7036259.856300001,4313,11.152024290459769,22396135,5192.704613957802,5297.287039183862,26060221.69,6042.24940644563,162,372,373,315,316,269,307,334,296,360,301,308,294,271,0.3266,1311,51,60,0,74,12,5,61,226,5,125,5,153,5,5,731,201817123,25473072,13181107.33,SOUTH PANOL,386.745929498167,0.327,12557599.67,3535.91111,453,268,15,2257017.62,956005.07,1408.6258,1410.351,201817.123,46.79274820310688,20409342.246,4732.052456758636,19023961.8337,4410.84206670531,36028306,8353,13181107,3056,Town,87500,40911,2421020,1245325.91081956,576931,1310.1969496869929
2804080,5712,SOUTH PIKE,11885891.645999998,7633.841776493255,8165560,2526921.846,3103385.852,2526921.846,1557,6.508362141886874,8151934,5235.6673089274245,5244.41875401413,9358969.799999999,6010.899036608863,32,102,116,105,135,101,107,128,122,126,112,133,95,99,0.4463,602,0,25,0,20,5,5,25,76,5,27,0,46,5,0,231,110835209,9104044,5294228.08,SOUTH PIKE,239.23069522812415,0.332,5536574.28,1417,142,87,10,840693.02,352716.78,694.8891,516.924,110835.209,71.18510533076429,6255583.947999999,4017.7160873474622,6832047.953999999,4387.956296724469,13459788,8644,5294228,3400,Rural,81300,33446,989675,470358.4380626,301940,1622.942739884393
2800189,5321,STARKVILLE OKTIBBEHA,36092415.8897,7374.829564711893,24494240,7673190.779700001,13201235.824,7673190.779700001,4894,10.681477055165505,24650767,5036.936452799346,5004.953003677973,28419225.11,5806.95241315897,128,408,418,362,345,295,321,374,363,357,379,402,293,362,0.3467,1677,103,60,0,107,26,5,37,166,5,149,5,177,0,5,739,471472708,27309410,31135336.19,STARKVILLE,458.17633410851994,0.235,15583249.46,4364.64804,450,282,10,2818917.63,1106067.48,1696.7498,1150.09,471472.708,96.33688353085411,15217989.286,3109.519674295055,20746034.3303,4239.075261606048,55629576,11366,31135336,6361,Town,162900,40453,2923798,1433001.17863928,633622,1567.8771515529222
2804170,6600,STONE COUNTY,19466801.792,7731.0571056393965,13940623,3713884.4119999995,3713884.4119999995,4253287.692600001,2518,5.653046900359136,13232967,5255.348292295473,5536.387212073074,15752917.38,6256.122867355044,0,205,233,202,180,186,181,209,186,193,201,190,153,169,0.2857,900,20,32,0,24,15,5,17,60,5,55,5,113,5,5,327,132638729,15542846,7227078.97,STONE COUNT,445.4235113174158,0.231,10053634.51,2200.52222,197,129,15,1232146.56,580147.82,719.3926,581.658,132638.729,52.676222795869734,12039032.968000002,4781.188629070692,11499629.6874,4566.969693169182,21167701,8406,7227078,2870,Town,112800,45483,1228939,704807.74965788,293713,1474.9342382843524
2800187,6711,SUNFLOWER CONS,23015730.384500004,7857.879953738478,15674631,4893108.034500001,6061626.143999999,4893108.034500001,2929,4.198302405793465,15747713,5376.481051553431,5351.529873677023,18122622.35,6187.307050187778,89,190,216,199,160,178,200,211,207,239,250,283,239,207,0.5682,1090,0,40,0,34,26,5,23,81,5,131,5,68,5,5,420,216486648,17476146,12419498.79,SUNFLOWER C,697.6629401345922,0.605,12902524.02,2679.71508,183,230,15,1791176.13,656815.22,1664.2578,1772.0449999999998,216486.648,73.91145373847729,12060996.206000002,4117.786345510413,13229514.3155,4516.734146637078,28094129,9591,12419498,4240,Town,78400,30838,1931441,894237.301444,315043,1670.5729035507002
2804230,6900,TATE COUNTY,16316011.252,8101.296550148957,11336853,3399096.932,3399096.932,3487566.8664,2014,5.586396339477319,11083581,5503.267626613704,5629.023336643496,12916914.32,6413.562224428997,0,160,169,152,135,135,157,161,171,164,170,162,164,98,0.302,734,74,34,0,24,13,5,5,111,5,73,5,81,0,5,357,121396319,12639819,5934089.81,TATE COUNTY,360.5186380650601,0.198,7219167.87,1776.33056,216,135,10,1114914.6,465146.72,608.228,398.772,121396.319,60.27622591857001,9517817.388,4725.827898709037,9429347.4536,4681.900423833168,17270942,8575,5934089,2946,Rural,105500,48404,1200972,595183.79765752,362274,1687.7343257199602
2804260,7100,TISHOMINGO,23012215.4436,7943.464081325509,15749313,4892360.7636,5488730.352,4892360.7636,2897,6.828696770321049,16077407,5549.674490852606,5436.42147048671,18119854.68,6254.69612702796,0,259,252,228,180,200,243,207,218,217,272,252,205,5,0.177,1019,80,45,0,47,5,5,24,102,5,92,5,198,5,5,527,196026084,17559412,10142771.65,TISHOMINGO,424.23907481014106,0.192,12096886,2574.30972,347,176,15,1702273.1,668268.58,512.769,556.224,196026.084,67.66519986192613,12631124.328,4360.070530894028,13227493.9164,4565.928172730411,25892084,8937,10142771,3501,Rural,88100,37681,1791674,845710.76378772,617761,1688.7679542975493
2804290,7200,TUNICA COUNTY,12960907.580799999,7756.377965769,8744306,2755468.5408,5357212.643999999,2755468.5408,1671,3.6800676727817376,8664842,5185.423099940155,5232.977857570318,10205439.04,6107.384225014961,55,136,138,130,148,90,158,121,105,122,124,112,99,100,0.5925,526,25,28,0,14,5,5,23,34,5,28,5,31,0,5,177,191329023,9749306,14461914.11,TUNICA COUN,454.06773694922373,0.418,6049221.15,1462.53893,79,94,10,1090184.37,370948.67,990.0675,698.478,191329.023,114.4997145421903,4848226.396,2901.3922178336325,7449970.4991999995,4458.390484260921,23206220,13887,14461914,8654,Rural,107100,39370,1099381,487314.12962356,281292,1648.9937407540394
2804320,4120,TUPELO,52270699.8653,7329.038119083006,35665419,11112668.475300001,17528233.996,11112668.475300001,7132,98.67409917658661,35179805,4932.670358945597,5000.759814918676,41158031.39,5770.896156758273,277,573,590,532,493,447,517,545,499,566,546,534,462,435,0.2939,1361,390,106,0,100,41,5,33,328,39,213,5,220,5,5,1101,626008357,39764514,40188126.97,TUPELO,72.27833909318608,0.214,17584101.65,6037.34831,648,403,49,3913684.71,1578927.68,2096.0948,1526.248,626008.357,87.77458735277621,23629797.394,3313.207710880539,30045362.9147,4212.754194433539,75853545,10635,40188126,5634,Town,149500,51258,4478089,2090451.31658992,599098,1558.1419623247336
2804380,5131,UNION CITY,7764838.59,8376.309158576052,6317744,700645.96,700645.96,1907332.0101,927,13.04866411396549,5986271,6457.681769147788,6815.2578209277235,7064192.63,7620.488274002158,20,72,84,53,58,68,68,73,66,67,74,69,77,65,0.2376,311,0,17,0,5,0,0,5,57,5,48,5,93,5,0,237,25023070,7043854,1613482.72,UNION CITY,71.04175507191323,0.27399999999999997,3247612.47,811.234637,155,75,10,534444.57,212004.06,220.2552,253.99799999999996,25023.07,26.993603020496224,6363546.67,6864.667389428263,5156860.619899999,5562.956440021574,7931226,8555,1613482,1740,Rural,80900,39848,821488,272451.93553884,135974,755.8208845738942
2804350,7300,UNION COUNTY,22305357.81,7485.0193993288585,17294844,2875170.48,2875170.48,5246150.5791,2980,8.796820180023982,17216159,5777.234563758389,5803.638926174496,19430187.33,6520.197090604026,79,281,272,221,227,207,215,195,205,252,213,235,188,147,0.1726,806,27,30,0,51,17,5,14,93,11,76,0,195,5,5,499,102684660,19282574,7657298.54,UNION COUNT,338.75877180791434,0.18899999999999997,6419076.1,2696.8,339,142,21,1460062.49,675280.84,514.348,563.2199999999999,102684.66,34.45793959731544,16555016.849999998,5555.3747818791935,14184036.750899998,4759.743876140939,24952142,8373,7657298,2569,Rural,98100,46559,1924952,865588.77022128,97769,964.8223087248322
2804470,7500,VICKSBURG WARREN,53084193.412300006,7735.96523058875,36271376,11285615.922300002,17506014.26,11285615.922300002,6862,11.66108155388985,34724195,5060.360682016904,5285.831535995337,41798577.49,6091.3112051879925,287,507,580,531,445,440,436,524,491,508,574,535,479,416,0.4498,2621,76,92,0,117,20,5,36,92,13,105,5,419,5,5,909,625214795,40440115,39766946.61,VICKSBURG W,588.4531351820453,0.33399999999999996,19995701.65,5866.89831,628,263,23,4002969.45,1524232.04,3086.5276,2291.908,625214.795,91.11261949868843,24292563.23,3540.157859224716,30512961.5677,4446.657179787234,76038322,11081,39766946,5795,Rural,128400,45113,4286225,2033155.14918732,632074,1644.654025400758
2800185,0618,W. BOLIVAR CONS,9596536.9283,10230.849603731343,6644042,2040208.6383000002,2755138.6799999997,2040208.6383000002,938,1.6671143711038507,6648896,7088.37526652452,7083.200426439233,7556328.29,8055.787089552239,0,62,63,63,78,52,74,84,63,75,103,67,59,74,0.5904,276,5,14,0,16,5,5,5,64,5,16,0,29,0,5,163,98397810,7407654,4263046.94,W. BOLIVAR,562.6488597653439,0.508,4751804.68,826.616667,109,45,10,693971.2,218315.09,553.7952,476.504,98397.81,104.90171641791045,4801189.61,5118.539029850746,5516119.651699999,5880.724575373134,10907088,11628,4263046,4544,Rural,60800,23709,660280,271866.57752148,178822,2175.0625141791047
2804650,6812,W. TALLAHATCHIE,5592489.3357,10901.538666081871,3923468,1188954.4257,2144998.688,1188954.4257,513,1.8463576891241769,3925194,7651.450292397661,7648.0857699805065,4403534.91,8583.888713450293,5,26,37,46,39,25,39,39,36,49,54,50,29,37,0.4446,149,0,5,0,5,0,5,5,18,5,14,0,30,0,5,79,76607096,4374400,2443868.48,W. TALLAHAT,277.8443218352466,0.462,2606776.83,489.938889,53,29,10,353378.71,126688.2,228.0798,237.006,76607.096,149.3315711500975,2258536.222,4402.604721247563,3214580.4843,6266.238760818714,6367336,12411,2443868,4763,Rural,69000,24367,497033,161950.84155528,15745,2317.649952631579
2804440,7400,WALTHALL COUNTY,14159885.916900001,8408.483323574823,9795183,3010369.4469000003,3148167.764,3010369.4469000003,1684,4.169630479732833,9421614,5594.782660332541,5816.616983372922,11149516.47,6620.853010688837,17,133,140,116,128,129,116,155,125,140,119,136,111,89,0.3329,630,21,18,0,32,5,0,21,72,5,47,5,54,0,5,263,112434563,10920962,5651277.33,WALTHALL CO,403.8727192218485,0.332,5317377.92,1552.78977,158,96,10,963049.24,391284.23,560.6035999999999,559.0880000000001,112434.563,66.76636757719714,8001348.706,4751.394718527316,8139147.0231,4833.22269780285,15446460,9172,5651277,3355,Rural,95800,30961,1189013,493745.01242896,397528,1787.6303128859859
2804500,8113,WATER VALLEY,8319751.472,7992.076341978866,6101798,1430334.892,1430334.892,1860142.4766000002,1041,7.953188529623865,5998354,5762.1075888568685,5861.477425552353,6889416.58,6618.075485110471,20,78,109,83,73,74,79,73,67,78,74,82,62,64,0.3063,361,12,16,0,18,5,0,5,43,5,25,5,41,0,0,164,51083389,6803089,2699399.25,WATER VALLE,130.89089943266222,0.324,3223381.18,947.589888,102,56,5,549669.15,237949.43,318.85830000000004,337.284,51083.389,49.07145917387128,5459081.688,5244.074628242075,5029274.103399999,4831.195104130643,8801197,8454,2699399,2593,Town,87000,42193,604291,312500.62741464,179329,1374.0008568683957
2804530,7700,WAYNE COUNTY,25084324.172,8649.76695586207,18124629,4610203.612,4610203.612,5528012.5512,2900,3.5775751085487926,17353589,5983.9962068965515,6249.872068965517,20474120.56,7060.041572413793,0,263,241,232,215,208,199,243,215,203,252,235,181,162,0.435,955,62,22,0,54,29,5,5,237,18,97,0,163,0,5,638,164650129,20207727,7796670.5,WAYNE COUNT,810.6049242880482,0.317,16482650.55,2654.66192,454,158,23,1684261.63,665229.93,1261.5,919.3000000000001,164650.129,56.775906551724134,15863916.947999999,5470.316188965517,14946108.0088,5153.830347862069,25921299,8938,7796670,2688,Town,85800,37706,2674018,833432.5661086,551503,1589.7253834482758
2804560,7800,WEBSTER COUNTY,13644530.028,7846.193230592295,10043683,2175009.9280000003,2175009.9280000003,3096770.427,1739,4.129660876600413,10287189,5915.577343300748,5775.550891316849,11469520.1,6595.468717653824,40,132,149,117,113,121,125,123,112,132,147,139,142,92,0.2219,669,11,20,0,58,5,5,17,118,5,33,5,68,0,5,336,77678926,11198023,4015421.15,WEBSTER COU,421.09995274758876,0.239,4977047.02,1492.00559,244,85,10,1034552.87,391284.23,385.8841,415.621,77678.926,44.668732604945376,9294510.171999998,5344.744204715353,8372749.6729999995,4814.692163887291,14059104,8084,4015421,2309,Rural,84000,45730,1355347,513915.6978712,353648,1250.7245129384705
2804590,3112,WEST JASPER,11383142.0165,8067.42878561304,7883905,2420038.0665,3243860.676,2420038.0665,1411,4.079538322179841,7552672,5352.708717221829,5587.459248759745,8963103.95,6352.306130403968,40,118,104,97,96,111,96,102,98,121,117,91,96,102,0.3182,383,15,15,0,24,5,0,17,57,5,39,0,141,5,5,304,115852167,8790017,5335260.850000001,WEST JASPER,345.87247099226977,0.24100000000000002,3560080.1,1234.84358,222,76,15,762010.96,317187.99,448.98019999999997,340.05100000000004,115852.167,82.10642593905033,5719243.273999999,4053.3262041105595,6543065.883499999,4637.183475194896,13219165,9368,5335260,3781,Rural,83900,39537,1301474,385583.56042916,102635,1715.1226552090718
2800191,1321,WEST POINT CONS,20301499.2369,7781.333551897279,13964393,4316066.7669,6134930.704,4316066.7669,2609,6.36316804994253,13996944,5364.8692985818325,5352.392870831736,15985432.47,6127.0342928325035,62,189,206,189,159,151,184,172,180,241,218,242,183,166,0.4168,866,12,40,0,28,34,5,18,89,12,83,5,120,5,0,427,219104668,15569347,9719600.08,WEST POINT,410.015888237238,0.314,12580623.9,2301.40556,237,185,17,1428737.06,592302.41,1087.4312,819.226,219104.668,83.98032502874665,9850501.766,3775.5851920275973,11669365.7031,4472.735033767727,23683993,9077,9719600,3725,Town,89900,31833,2071057,798645.83108916,381618,1654.299259064776
2804680,7613,WESTERN LINE,12390669.4655,7592.321976409315,8385003,2634236.8155000005,5024405.3719999995,2634236.8155000005,1632,4.582993156425828,8168065,5004.941789215686,5137.869485294118,9756432.65,5978.206280637255,67,113,125,89,105,120,124,124,142,129,126,143,114,86,0.4448,560,0,11,0,24,5,5,5,71,5,19,5,91,5,5,234,179443049,9348707,8961731.27,WESTERN LIN,356.09915710036967,0.28600000000000003,7532207.86,1428.52514,186,50,15,1000714.73,370714.92,725.9136,466.75200000000007,179443.049,109.95284865196078,4732027.278000001,2899.5265183823535,7122195.8345,4364.090584865196,17346734,10629,8961731,5491,Town,88300,37851,1028892,486436.98764036,38899,1614.115695772059
2804710,7900,WILKINSON COUNTY,7396953.5194999995,8301.855801907968,4986174,1572580.6695,1917044.864,1572580.6695,891,1.3141336214878194,5232876,5873.037037037037,5596.154882154882,5824372.85,6536.894332210998,16,59,58,71,55,45,76,74,51,95,85,73,47,49,0.4677,338,5,5,0,14,0,5,27,37,0,12,0,44,0,0,138,68465888,5559244,2720037.8,WILKINSON C,678.0132441868725,0.36200000000000004,3755479.77,870.443243,95,49,0,635310.73,202888.12,416.7207,322.54200000000003,68465.888,76.84162514029181,3907327.9859999996,4385.328828282828,4251792.1805,4771.932862514029,7706211,8648,2720037,3052,Rural,70300,27313,726936,297007.43585424,233847,1764.9614696969697
2800196,4911,WINONA-MONTG CONS,9545634.842,8344.08640034965,6583183,2022325.5920000002,2022325.5920000002,2031293.4975,1144,2.8113312805530732,6549279,5724.8942307692305,5754.5305944055945,7523309.25,6576.319274475524,16,100,92,79,85,80,84,71,75,105,89,101,56,75,0.4336,317,0,21,0,17,5,5,16,62,5,29,5,52,5,5,212,72225914,7339801,3512742.77,WINONA-MONT,406.92465093439324,0.313,6588468.59,1034.85556,131,81,15,678335.13,261791.12,496.03839999999997,358.072,72225.914,63.13454020979022,5500983.658,4808.552148601399,5492015.7524999995,4800.713070367133,10095925,8825,3512742,3070,Town,84800,39840,928138,343779.68954412,270631,1767.7671258741261
2804770,8220,YAZOO CITY,15391855.185999999,7585.93158501725,12249457,1642767.476,1642767.476,3712253.6817,2029,201.22958124722948,12508965,6165.088713652045,6037.1892557910305,13749087.709999999,6776.287683587974,20,120,148,134,193,100,171,210,108,167,173,170,165,105,0.6393,650,0,22,0,20,5,0,28,40,5,33,0,111,5,0,273,58670267,13657311,2952057.44,YAZOO CITY,10.083010596276015,0.439,7187346.48,1909.6,171,88,10,1036587.67,463043.04,1297.1397,890.731,58670.267,28.915853622474124,12106320.234,5966.643782158699,10036834.028299998,4946.69000901922,15201514,7492,2952057,1454,Town,70900,24688,1386466,620909.1189648,251512,809.6439014292755
2804800,8200,YAZOO COUNTY,10736571.706899999,8133.766444621211,7391658,2282578.2369,6535404.3440000005,2282578.2369,1320,1.4471631241482514,6995746,5299.807575757576,5599.740909090909,8453993.469999999,6404.540507575756,55,97,79,73,97,73,90,96,92,102,112,126,91,111,0.4028,276,13,15,0,11,18,0,15,58,14,32,5,55,0,0,219,233407298,8241196,7529716.78,YAZOO COUNT,912.1293777969258,0.285,5294693.25,1151.67975,124,85,14,770391.62,291943.85,531.696,376.2,233407.298,176.82371060606062,1918589.1259999983,1453.4766106060592,6171415.233099999,4675.314570530302,14921374,11304,7529716,5704,Rural,109300,42070,1024058,400492.28901504003,47938,1729.2259370454544
