dist_id,district,total_enroll,maep_rev_fy24,assessed_value,matt_model_state_local_rev,direct_cert_pct,stpov_pct,st_sq_mile,mill_1_value,mill_1_value_pp,local_funding_28_mill,local_share_mills,local_share_pp_mills,local_funding_27_pct,local_share_pct,local_share_pp_pct,local_share_expected_total,local_share_expected_pp,maep_expected_local_total,maep_expected_local_pp,matt_model_state_local_pp,total_diff,urbanicity,mpv,mhi
4820,ABERDEEN,998,6533995,108296862,8372765,0.42,0.31,4.6,108296.862,108.51388977955911,3032312.136,3501682.864,3508.700264529058,1764178.6500000001,4769816.35,4779.3751002004,1764178.6500000001,1767.7140781563128,8298173.65,8314.803256513027,8389.544088176353,74591.34999999963,Town,77200,39991
0200,ALCORN COUNTY,3188,20419424,172002073,25324207,0.19,0.19,8.6,172002.073,53.95297145545797,4816058.044,15603365.956,4894.405883312422,5513244.48,14906179.52,4675.715031367628,4816058.044,1510.683200752823,25235482.044,7915.772284818067,7943.603199498118,88724.95600000024,Rural,94100,44520
2545,AMBITION PREP,480,2877548,26682841,3837104,0.56,0.4,NA,26682.841,55.589252083333335,747119.548,2130428.452,4438.392608333334,776937.9600000001,2100610.04,4376.270916666666,747119.548,1556.4990583333333,3624667.548,7551.390725,7993.966666666666,212436.45200000005,NA,NA,NA
0300,AMITE COUNTY,853,6099490,115040320,8081074,0.55,0.29,1.2,115040.32,134.86555685814773,3221128.96,2878361.04,3374.397467760844,1646862.3,4452627.7,5219.962133645956,1646862.3,1930.6709261430246,7746352.3,9081.303985932005,9473.709261430246,334721.7000000002,Rural,83600,33981
4821,AMORY,1518,9451731,88724362,12093352,0.24,0.21,19.7,88724.362,58.44819631093544,2484282.136,6967448.864,4589.887262187089,2551967.37,6899763.63,4545.298833992095,2484282.136,1636.5494967061923,11936013.136,7862.986255599473,7966.635046113307,157338.86400000006,Town,108000,42610
0400,ATTALA COUNTY,1004,6680365,104843101,8557350,0.36,0.29,1.7,104843.101,104.42539940239044,2935606.8279999997,3744758.1720000003,3729.838816733068,1803698.55,4876666.45,4857.2375,1803698.55,1796.5125,8484063.55,8450.2625,8523.256972111554,73286.44999999925,Rural,60600,34921
5920,BALDWYN,756,4811051,86041605,5953856,0.28,0.25,11.5,86041.605,113.81164682539682,2409164.94,2401886.06,3177.097962962963,1298983.77,3512067.23,4645.591574074074,1298983.77,1718.2325,6110034.77,8082.056574074073,7875.4708994709,-156178.76999999955,Rural,101400,43036
2320,BAY ST. LOUIS,1672,10683196,252562707,13618524,0.29,0.25,89,252562.707,151.05425059808613,7071755.796,3611440.204,2159.9522751196173,2884462.9200000004,7798733.08,4664.314043062201,2884462.9200000004,1725.157248803828,13567658.92,8114.628540669856,8145.05023923445,50865.080000000075,Suburb,168900,41778
0500,BENTON COUNTY,961,6618668,52796779,8281388,0.35,0.29,2.4,52796.779,54.93941623309053,1478309.8120000002,5140358.188,5348.967937565037,1787040.36,4831627.64,5027.708262226846,1478309.8120000002,1538.303654526535,8096977.812,8425.575246618106,8617.469302809573,184410.18800000008,Rural,78000,36258
2420,BILOXI,5812,34408921,638689708,46718326,0.33,0.26,302.5,638689.708,109.89155333792154,17883311.824,16525609.175999999,2843.360147281486,9290408.67,25118512.33,4321.836257742601,9290408.67,1598.4873830006882,43699329.67,7518.811023743979,8038.252924982794,3018996.329999998,City,159100,47342
5921,BOONEVILLE,1321,8475935,50691579,10550164,0.18,0.22,192,50691.579,38.37364042392127,1419364.2119999998,7056570.788000001,5341.840112036337,2288502.45,6187432.55,4683.900492051476,1419364.2119999998,1074.4619318697955,9895299.212,7490.763975775927,7986.4981074943225,654864.7880000006,Town,96200,32016
4320,BROOKHAVEN,2586,15455477,215101417,20934286,0.39,0.28,17.2,215101.417,83.17920224284609,6022839.676,9432637.324000001,3647.5782382057237,4172978.7900000005,11282498.209999999,4362.915007733952,4172978.7900000005,1613.6808932714619,19628455.79,7590.276794276875,8095.238205723124,1305830.210000001,Town,101900,39841
0700,CALHOUN COUNTY,2080,13842580,101972223,17115757,0.27,0.32,3.5,101972.223,49.02510721153846,2855222.244,10987357.756000001,5282.383536538462,3737496.6,10105083.4,4858.213173076923,2855222.244,1372.703001923077,16697802.243999999,8027.789540384615,8228.729326923078,417954.756000001,Rural,70500,37263
4520,CANTON,3166,18291028,288604618,26484334,0.49,0.31,16.9,288604.618,91.15749147188882,8080929.3040000005,10210098.695999999,3224.9206241313955,4938577.5600000005,13352450.44,4217.451181301327,4938577.5600000005,1559.8792040429566,23229605.560000002,7337.20958938724,8365.23499684144,3254728.4399999976,Rural,153400,41939
0800,CARROLL COUNTY,805,5034134,89665115,6942106,0.43,0.22,1.3,89665.115,111.38523602484473,2510623.22,2523510.78,3134.796,1359216.1800000002,3674917.82,4565.115304347826,1359216.1800000002,1688.4673043478263,6393350.18,7942.049913043478,8623.734161490684,548755.8200000003,Rural,99000,46052
0911,CHICKASAW COUNTY CONSOL,2214,14853286,79249443,18131691,0.33,0.26,5.5,79249.443,35.79468970189702,2218984.404,12634301.596,5706.549953026198,4010387.22,10842898.78,4897.424923215898,2218984.404,1002.2513116531165,17072270.404,7711.0525763324295,8189.5623306233065,1059420.5960000008,NA,NA,NA
1000,CHOCTAW COUNTY,1230,8273772,277658436,10336141,0.23,0.3,2.9,277658.436,225.7385658536585,7774436.208,499335.79200000037,405.96405853658564,2233918.44,6039853.5600000005,4910.450048780488,2233918.44,1816.1938536585365,10507690.44,8542.83775609756,8403.366666666667,-171549.43999999948,Rural,81400,36777
1100,CLAIBORNE COUNTY,1188,7500071,78029909,10820635,0.56,0.4,2.4,78029.909,65.68174158249158,2184837.452,5315233.548,4474.102313131313,2025019.1700000002,5475051.83,4608.629486531987,2025019.1700000002,1704.5615909090911,9525090.17,8017.752668350168,9108.278619528619,1295544.83,Rural,67500,29338
1420,CLARKSDALE,2118,13659296,72043654,17924812,0.57,0.52,112.7,72043.654,34.014945231350325,2017222.312,11642073.688000001,5496.729786591124,3688009.9200000004,9971286.08,4707.8782247403215,2017222.312,952.4184664778093,15676518.311999999,7401.566719546741,8463.084041548631,2248293.688000001,Town,65400,30223
1425,CLARKSDALE COLLEGIATE,600,3990413,17381637,4798644,0.52,0.52,NA,17381.637,28.969395,486685.83599999995,3503727.164,5839.545273333333,1077411.51,2913001.49,4855.002483333334,486685.83599999995,811.1430599999999,4477098.836,7461.831393333334,7997.74,321545.1639999999,NA,NA,NA
0614,CLEVELAND,2818,17288876,219291113,23721478,0.45,0.41,26.2,219291.113,77.81799609652236,6140151.164000001,11148724.836,3956.2543775727463,4667996.5200000005,12620879.48,4478.665535841023,4667996.5200000005,1656.4927324343507,21956872.52,7791.651000709723,8417.841731724628,1764605.4800000004,Town,129500,35789
2521,CLINTON,5211,31117297,295475086,39252685,0.18,0.16,38.9,295475.086,56.70218499328344,8273302.408,22843994.592,4383.802454807139,8401670.190000001,22715626.81,4359.168453271925,8273302.408,1587.6611798119363,39390599.408,7559.124814431011,7532.658798695068,-137914.40799999982,Rural,167600,62362
1400,COAHOMA COUNTY,988,6601784,146041533,8959138,0.53,0.44,1.8,146041.533,147.81531680161942,4089162.9239999996,2512621.0760000004,2543.1387408906885,1782481.6800000002,4819302.32,4877.836356275304,1782481.6800000002,1804.131255060729,8384265.68,8486.09886639676,9067.953441295547,574872.3200000003,Rural,71700,27333
8111,COFFEEVILLE,417,2788218,50220901,3724492,0.5,0.35,1.2,50220.901,120.43381534772182,1406185.228,1382032.772,3314.2272709832137,752818.8600000001,2035399.14,4881.05309352518,752818.8600000001,1805.3210071942449,3541036.8600000003,8491.69510791367,8931.635491606714,183455.13999999966,Rural,74000,38197
4620,COLUMBIA,1646,10813209,86535046,13871994,0.32,0.3,24.8,86535.046,52.5729319562576,2422981.288,8390227.712,5097.343688942891,2919566.43,7893642.57,4795.6516221142165,2422981.288,1472.0420947752127,13236190.288,8041.427878493318,8427.699878493317,635803.7119999994,Town,94100,31430
4420,COLUMBUS,3090,18666518,219959187,27170874,0.55,0.33,46.9,219959.187,71.18420291262136,6158857.2360000005,12507660.763999999,4047.7866550161807,5039959.86,13626558.14,4409.8893656957935,5039959.86,1631.0549708737865,23706477.86,7671.999307443365,8793.163106796117,3464396.1400000006,Town,127200,40362
1500,COPIAH COUNTY,2205,13884637,131557669,18210634,0.39,0.25,4.9,131557.669,59.66334195011338,3683614.732,10201022.268,4626.313953741496,3748851.99,10135785.01,4596.72789569161,3683614.732,1670.5735746031746,17568251.732,7967.4611029478465,8258.790929705216,642382.2679999992,Rural,99400,46493
0220,CORINTH,2490,14081800,111802151,20052362,0.32,0.27,81.7,111802.151,44.900462248995986,3130460.228,10951339.772,4398.12842248996,3802086.0000000005,10279714,4128.399196787149,3130460.228,1257.2129429718875,17212260.228,6912.554308433735,8053.157429718875,2840101.772,Town,123400,38646
1600,COVINGTON COUNTY,2609,16731988,291463847,21942053,0.38,0.29,6.3,291463.847,111.7147746262936,8160987.716,8571000.284,3285.16683940207,4517636.760000001,12214351.239999998,4681.6217861249515,4517636.760000001,1731.5587428133388,21249624.76,8144.7392717516295,8410.139133767727,692428.2399999984,Rural,77100,38178
1700,DESOTO COUNTY,35003,205127931,2093952456,272344110,0.18,0.13,73.5,2093952.456,59.82208542124961,58630668.768,146497262.232,4185.277325714938,55384541.370000005,149743389.63,4278.015873782247,55384541.370000005,1582.2798437276806,260512472.37,7442.575561237609,7780.593377710482,11831637.629999995,Suburb,168500,67038
6811,E. TALLAHATCHIE,853,5482119,55403895,7114725,0.4,0.43,2.3,55403.895,64.95181125439625,1551309.0599999998,3930809.9400000004,4608.217983587339,1480172.1300000001,4001946.87,4691.614150058616,1480172.1300000001,1735.2545486518172,6962291.13,8162.12324736225,8340.826494724502,152433.8700000001,Town,65600,31982
3111,EAST JASPER,755,4994728,87543481,6417694,0.37,0.3,2.3,87543.481,115.95163046357617,2451217.468,2543510.532,3368.8881218543047,1348576.56,3646151.44,4829.339655629139,1348576.56,1786.1941192052982,6343304.5600000005,8401.727894039735,8500.256953642383,74389.43999999948,Rural,75100,31824
1211,ENTERPRISE,955,5855066,63742402,7481252,0.13,0.15,5.3,63742.402,66.74597068062828,1784787.256,4070278.744,4262.071983246074,1580867.82,4274198.18,4475.600188481675,1580867.82,1655.3589738219896,7435933.82,7786.318136125655,7833.771727748691,45318.1799999997,Rural,109200,62896
6220,FOREST SEPARATE,1645,9600258,95245718,13357479,0.27,0.28,18.3,95245.718,57.90013252279635,2666880.104,6933377.896,4214.819389665653,2592069.66,7008188.34,4260.296863221884,2592069.66,1575.726237082067,12192327.66,7411.749337386018,8120.048024316109,1165151.3399999999,Town,71100,31197
1802,FORREST AHS,611,3802241,748694356,5292459,0.28,0,NA,748694.356,1225.3590114566284,20963441.968000002,-17161200.968000002,-28087.071960720135,1026605.0700000001,2775635.9299999997,4542.77566284779,1026605.0700000001,1680.204697217676,4828846.07,7903.185057283143,8661.962356792144,463612.9299999997,NA,NA,NA
1800,FORREST COUNTY,2129,13225239,190120521,17618551,0.34,0.25,6.1,190120.521,89.30038562705496,5323374.588,7901864.412,3711.538004697041,3570814.5300000003,9654424.469999999,4534.7226256458425,3570814.5300000003,1677.2261766087365,16796053.53,7889.174978863317,8275.505401596994,822497.4699999988,Rural,110900,39531
1900,FRANKLIN COUNTY,1211,8409146,69724254,10301250,0.26,0.31,2.1,69724.254,57.5757671345995,1952279.112,6456866.888,5331.847141205615,2270469.42,6138676.58,5069.097093311313,1952279.112,1612.121479768786,10361425.112,8556.090100743188,8506.399669694467,-60175.11199999973,Rural,76600,40219
2000,GEORGE COUNTY,4165,25442782,191494360,33041063,0.24,0.2,8.7,191494.36,45.977037214885954,5361842.08,20080939.92,4821.35412244898,6869551.140000001,18573230.86,4459.359150060024,5361842.08,1287.3570420168066,30804624.08,7396.068206482592,7933.028331332533,2236438.920000002,Rural,110800,47292
2100,GREENE COUNTY,1640,10774043,127561139,13305702,0.26,0.23,2.3,127561.139,77.78118231707317,3571711.892,7202331.108,4391.6653097560975,2908991.6100000003,7865051.39,4795.763042682926,2908991.6100000003,1773.7753719512198,13683034.61,8343.313786585366,8113.232926829268,-377332.6099999994,Rural,77700,49677
7620,GREENVILLE,3542,21983421,192946670,29983921,0.63,0.43,94.4,192946.67,54.473932806324115,5402506.760000001,16580914.239999998,4681.2293167701855,5935523.67,16047897.33,4530.7445878035005,5402506.760000001,1525.2701185770752,27385927.76,7731.769553924337,8465.25155279503,2597993.2399999984,Town,73000,26150
4211,GREENWOOD-LEFLORE CONS,4030,23630794,289602474,34471926,0.59,0.47,6.8,289602.474,71.86165607940447,8108869.272,15521924.728,3851.594225310174,6380314.380000001,17250479.619999997,4280.516034739453,6380314.380000001,1583.204560794045,30011108.380000003,7446.925156327544,8553.827791563275,4460817.619999997,NA,NA,NA
2220,GRENADA,3864,23980788,237606404,32039856,0.3,0.34,9.2,237606.404,61.492340579710145,6652979.312,17327808.688,4484.422538302278,6474812.760000001,17505975.24,4530.531894409937,6474812.760000001,1675.6761801242237,30455600.76,7881.8842546583855,8291.888198757764,1584255.2399999984,Town,105000,40122
2421,GULFPORT,6113,36836092,434496601,51558517,0.45,0.33,271.2,434496.601,71.07747439882219,12165904.828000002,24670187.172,4035.692323245542,9945744.84,26890347.16,4398.878972681171,9945744.84,1626.982633731392,46781836.84,7652.844240143956,8434.24128905611,4776680.159999996,City,135900,36464
2300,HANCOCK COUNTY,4060,25469273,429008462,32424474,0.23,0.21,10.3,429008.462,105.66710886699508,12012236.936,13457036.064,3314.540902463054,6876703.710000001,18592569.29,4579.450564039409,6876703.710000001,1693.7693866995075,32345976.71,7966.989337438424,7986.323645320197,78497.2899999991,Rural,135900,53182
2400,HARRISON COUNTY,14355,84779476,1083351007,116818602,0.35,0.23,31.4,1083351.007,75.46854803204458,30333828.196,54445647.804000005,3792.8002649947757,22890458.520000003,61889017.48,4311.321315221177,22890458.520000003,1594.5982946708466,107669934.52000001,7500.517904562871,8137.833646812957,9148667.47999999,Rural,147400,51499
1820,HATTIESBURG,3667,21645436,359925572,31763196,0.54,0.34,151.7,359925.572,98.15259667302972,10077916.015999999,11567519.984000001,3154.4914055085906,5844267.720000001,15801168.28,4309.017802017998,5844267.720000001,1593.7463103354241,27489703.72,7496.510422688846,8661.90237251159,4273492.280000001,City,106900,33639
1520,HAZLEHURST,1368,7823792,112843167,11544635,0.51,0.32,4.1,112843.167,82.4876951754386,3159608.676,4664183.324,3409.4907339181286,2112423.8400000003,5711368.16,4174.976725146199,2112423.8400000003,1544.1694736842107,9936215.84,7263.31567251462,8439.060672514619,1608419.1600000001,Town,89900,37137
2500,HINDS COUNTY,4968,29652487,438303154,38829384,0.3,0.2,7.9,438303.154,88.22527254428341,12272488.311999999,17379998.688,3498.389429951691,8006171.49,21646315.509999998,4357.1488546698865,8006171.49,1611.548206521739,37658658.49,7580.245267713366,7815.898550724638,1170725.509999998,Rural,149700,60334
7611,HOLLANDALE,548,3731608,33595788,4958408,0.73,0.37,2.9,33595.788,61.306182481751826,940682.064,2790925.9359999998,5092.930540145985,1007534.16,2724073.84,4970.9376642335765,940682.064,1716.5731094890511,4672290.064,8526.076759124087,9048.189781021898,286117.93599999975,Rural,67300,32604
4720,HOLLY SPRINGS,1025,6488521,93105768,8699896,0.43,0.33,5.7,93105.768,90.83489560975609,2606961.5039999997,3881559.4960000003,3786.887313170732,1751900.6700000002,4736620.33,4621.093004878049,1751900.6700000002,1709.171385365854,8240421.67,8039.435775609756,8487.703414634147,459474.3300000001,Town,88900,36744
2611,HOLMES CONSOL,2544,15672328,126743852,21903654,0.57,0.43,3.4,126743.852,49.820696540880505,3548827.856,12123500.144,4765.526786163522,4231528.5600000005,11440799.44,4497.169591194968,3548827.856,1394.9795031446542,19221155.856,7555.48579245283,8609.926886792453,2682498.1440000013,Rural,60400,21504
2700,HUMPHREYS COUNTY,1207,8273465,86307092,11142438,0.64,0.43,2.9,86307.092,71.50546147473074,2416598.5760000004,5856866.424,4852.416258492129,2233835.5500000003,6039629.449999999,5003.83550124275,2233835.5500000003,1850.7336785418395,10507300.55,8705.30285832643,9231.51449875725,635137.4499999993,Town,69100,28962
2900,ITAWAMBA COUNTY,3375,23082908,165219091,27782051,0.18,0.16,6.3,165219.091,48.953804740740736,4626134.5479999995,18456773.452,5468.673615407407,6232385.16,16850522.84,4992.747508148148,4626134.5479999995,1370.7065327407406,27709042.548,8210.08668088889,8231.718814814814,73008.45199999958,Rural,87600,44567
3000,JACKSON COUNTY,8906,51719615,595877347,67884908,0.16,0.15,17.3,595877.347,66.90740478329215,16684565.715999998,35035049.284,3933.8703440377276,13964296.05,37755318.95,4239.312704918033,13964296.05,1567.9649730518752,65683911.05,7375.242651021783,7622.379070289692,2200996.950000003,Rural,146700,56700
2520,JACKSON PUBLIC,18710,111772614,1263888496,157275960,0.54,0.4,179.7,1263888.496,67.55149631213256,35388877.888000004,76383736.11199999,4082.5086110101543,30178605.78,81594008.22,4360.983870657403,30178605.78,1612.966637092464,141951219.78,7586.91714484233,8405.983965793694,15324740.219999999,City,89100,38399
3300,JEFF DAVIS COUNTY,1235,8227474,106799513,10503109,0.38,0.37,3,106799.513,86.47733846153847,2990386.364,5237087.636,4240.556790283401,2221417.98,6006056.02,4863.203255060728,2221417.98,1798.719012145749,10448891.98,8460.641279352227,8504.541700404858,54217.01999999955,Rural,94600,32116
3200,JEFFERSON COUNTY,1063,6880586,54231899,9183378,0.51,0.43,2,54231.899,51.0177789275635,1518493.172,5362092.828,5044.301813734713,1857758.2200000002,5022827.779999999,4725.1437253057375,1518493.172,1428.497809971778,8399079.172,7901.297433678269,8639.113828786454,784298.8279999997,Rural,63400,25019
3400,JONES COUNTY,8524,54844244,381635981,69378661,0.24,0.21,12.5,381635.981,44.77193582824965,10685807.468,44158436.532,5180.482934303144,14807945.88,40036298.12,4696.890910370717,10685807.468,1253.61420319099,65530051.468,7687.711340685125,8139.214101360863,3848609.531999998,Rural,102600,46981
3500,KEMPER COUNTY,884,6166645,345641840,7775063,0.49,0.38,1.2,345641.84,390.997556561086,9677971.520000001,-3511326.5200000014,-3972.0888235294133,1664994.1500000001,4501650.85,5092.365214932126,1664994.1500000001,1883.4775452488689,7831639.15,8859.320305429865,8795.320135746606,-56576.15000000037,Rural,73600,31103
0420,KOSCIUSKO,2123,13300790,109045533,17418072,0.32,0.3,13.9,109045.533,51.36388742345737,3053274.9239999996,10247515.076000001,4826.903003297221,3591213.3000000003,9709576.7,4573.51705134244,3053274.9239999996,1438.1888478568062,16354064.923999999,7703.280699010833,8204.461610927932,1064007.0760000013,Town,97600,32570
3600,LAFAYETTE COUNTY,2872,17280134,178094444,22800192,0.16,0.16,5.3,178094.444,62.01060027855153,4986644.432,12293489.568,4280.462941504178,4665636.180000001,12614497.82,4392.234616991644,4665636.180000001,1624.525132311978,21945770.18,7641.284881615598,7938.7855153203345,854421.8200000003,Town,149100,53438
3700,LAMAR COUNTY,10276,61622538,659171102,82157321,0.19,0.17,18.5,659171.102,64.14666231996885,18456790.856,43165747.144,4200.6371296224215,16638085.260000002,44984452.739999995,4377.622882444531,16638085.260000002,1619.1207921370185,78260623.26,7615.864466718568,7995.068217205138,3896697.7399999946,Rural,177100,60830
3800,LAUDERDALE COUNTY,5910,37073600,334068084,47057374,0.25,0.19,9.1,334068.084,56.52590253807106,9353906.352,27719693.648000002,4690.303493739425,10009872,27063728,4579.310998307953,9353906.352,1582.7252710659898,46427506.352,7855.754035871404,7962.33062605753,629867.6480000019,Rural,114600,52855
3420,LAUREL,2712,15333329,216470400,23143497,0.48,0.34,185.6,216470.4,79.81946902654867,6061171.2,9272157.8,3418.9372418879057,4139998.83,11193330.17,4127.334133480826,4139998.83,1526.5482411504424,19473327.83,7180.43061578171,8533.737831858407,3670169.170000002,Town,84700,31481
3900,LAWRENCE COUNTY,1696,11108654,123915645,14047472,0.33,0.26,3.9,123915.645,73.06346992924529,3469638.06,7639015.9399999995,4504.136757075471,2999336.58,8109317.42,4781.437158018868,2999336.58,1768.4767570754718,14107990.58,8318.390672169811,8282.707547169812,-60518.580000000075,Rural,94800,41914
4000,LEAKE COUNTY,2532,16752952,133256073,21182389,0.31,0.29,4.3,133256.073,52.62878080568721,3731170.044,13021781.956,5142.883868878357,4523297.04,12229654.96,4830.0375039494475,3731170.044,1473.6058625592418,20484122.044,8090.095593996841,8365.8724328594,698266.9560000002,Town,83300,37096
4100,LEE COUNTY,6303,39506673,367185658,49437346,0.25,0.2,20.5,367185.658,58.25569696969697,10281198.424,29225474.575999998,4636.75623925115,10666801.71,28839871.29,4575.578500713946,10281198.424,1631.1595151515153,49787871.424,7899.0752695541805,7843.462795494209,-350525.42400000244,Rural,121200,49723
4225,LEFLORE LEGACY,300,1902417,17318659,2510243,0.56,0.47,NA,17318.659,57.72886333333333,484922.452,1417494.548,4724.981826666666,513652.59,1388764.41,4629.2146999999995,484922.452,1616.4081733333333,2387339.452,7957.798173333334,8367.476666666667,122903.54799999995,NA,NA,NA
7612,LELAND,700,4366193,65061661,6142080,0.59,0.31,3.7,65061.661,92.94523,1821726.508,2544466.492,3634.9521314285716,1178872.11,3187320.8899999997,4553.315557142857,1178872.11,1684.1030142857144,5545065.11,7921.521585714287,8774.4,597014.8899999997,Town,72000,38088
4300,LINCOLN COUNTY,2795,18654290,118507309,22009087,0.23,0.2,6.4,118507.309,42.39975277280858,3318204.652,15336085.348000001,5486.9715019678,5036658.300000001,13617631.7,4872.140143112701,3318204.652,1187.1930776386403,21972494.652,7861.35765724508,7874.449731663685,36592.34800000116,Rural,95000,50288
2422,LONG BEACH,2929,19038032,151835698,23419946,0.23,0.17,180.5,151835.698,51.838749743939914,4251399.544,14786632.456,5048.355225674291,5140268.640000001,13897763.36,4744.883359508364,4251399.544,1451.4849928303174,23289431.544,7951.325211334926,7995.884602253329,130514.45600000024,Suburb,151300,53491
8020,LOUISVILLE,2523,15977227,162612996,20224304,0.38,0.3,4.2,162612.996,64.45223781212843,4553163.888,11424063.112,4527.96793975426,4313851.29,11663375.71,4622.820336900516,4313851.29,1709.8102615933412,20291078.29,8042.4408600871975,8015.974633372969,-66774.2899999991,Town,84900,34724
4400,LOWNDES COUNTY,5261,31731935,525752502,41747726,0.23,0.18,12,525752.502,99.9339482988025,14721070.056,17010864.944,3233.3900292720014,8567622.450000001,23164312.549999997,4403.024624596083,8567622.450000001,1628.5159570423875,40299557.45,7660.056538680859,7935.321421782931,1448168.549999997,Rural,139400,61457
4500,MADISON COUNTY,13162,77528597,1538036801,101032156,0.13,0.1,25,1538036.801,116.8543383224434,43065030.428,34463566.572,2618.414114268348,20932721.19,56595875.81,4299.944978726638,20932721.19,1590.3906085701262,98461318.19,7480.72619586689,7676.048928734235,2570837.8100000024,Suburb,228300,83293
4600,MARION COUNTY,1904,13228981,101296435,15660263,0.32,0.27,4,101296.435,53.20190913865546,2836300.1799999997,10392680.82,5458.340766806723,3571824.87,9657156.129999999,5072.035782563024,2836300.1799999997,1489.6534558823528,16065281.18,8437.647678571428,8224.928046218487,-405018.1799999997,Rural,86200,32855
4700,MARSHALL COUNTY,2777,16686253,344542223,22180670,0.29,0.28,5.3,344542.223,124.06993986316168,9647182.243999999,7039070.756000001,2534.7752092185815,4505288.3100000005,12180964.69,4386.375473532589,4505288.3100000005,1622.3580518545195,21191541.310000002,7631.091577241628,7987.277637738567,989128.6899999976,Rural,113500,46662
5720,MCCOMB,2140,13158987,141899713,18028770,0.51,0.37,48.5,141899.713,66.30827710280373,3973191.9639999997,9185795.036,4292.427586915888,3552926.49,9606060.51,4488.813322429906,3552926.49,1660.246023364486,16711913.49,7809.305369158878,8424.658878504673,1316856.5099999998,Town,96100,28571
3820,MERIDIAN,4614,26583817,367691584,40589461,0.6,0.36,85.9,367691.584,79.6904169917642,10295364.352,16288452.648,3530.223807542263,7177630.590000001,19406186.41,4205.935502817512,7177630.590000001,1555.6199804941484,33761447.59,7317.175463805809,8797.022323363675,6828013.409999996,Town,83300,32422
2525,MIDTOWN PUBLIC CHARTER,360,2277965,19184624,2941716,0.58,0.4,NA,19184.624,53.29062222222222,537169.472,1740795.528,4835.543133333334,615050.55,1662914.45,4619.206805555556,537169.472,1492.137422222222,2815134.472,7819.817977777778,8171.433333333333,126581.52799999993,NA,NA,NA
4800,MONROE COUNTY,2119,14074592,132970709,16820753,0.15,0.15,5.4,132970.709,62.75163237376121,3723179.852,10351412.148,4885.0458461538465,3800139.8400000003,10274452.16,4848.726833411987,3723179.852,1757.0457064653137,17797771.851999998,8399.137259084473,7938.061821613969,-977018.8519999981,Rural,102700,46754
3020,MOSS POINT,1569,11832362,170728849,13695106,0.53,0.3,15.1,170728.849,108.81379796048438,4780407.772,7051954.228,4494.5533639260675,3194737.74,8637624.26,5505.17798597833,3194737.74,2036.1617208413004,15027099.74,9577.50142766093,8728.557042702358,-1331993.7400000002,Suburb,94200,41902
0617,N. BOLIVAR CONS,780,6524295,36309085,6907257,0.6,0.61,3.8,36309.085,46.55010897435897,1016654.38,5507640.62,7061.077717948718,1761559.6500000001,4762735.35,6106.070961538461,1016654.38,1303.4030512820514,7540949.38,9667.88382051282,8855.457692307693,-633692.3799999999,Rural,66600,24072
7011,N. TIPPAH,1286,8701996,47595603,10355935,0.18,0.26,6.6,47595.603,37.01057776049767,1332676.884,7369319.116,5730.419219284604,2349538.92,6352457.08,4939.702239502333,1332676.884,1036.2961772939348,10034672.884,7803.011573872473,8052.826594090202,321262.1160000004,Rural,81900,36925
0130,"NATCHEZ-ADAMS",2842,17785932,320557180,24322844,0.47,0.36,6.1,320557.18,112.79281491907108,8975601.04,8810330.96,3100.0460802251937,4802201.640000001,12983730.36,4568.518775510204,4802201.640000001,1689.7261224489798,22588133.64,7947.971020408164,8558.354679802957,1734710.3599999994,Town,92100,29936
5000,NESHOBA COUNTY,3038,22239713,124951330,24644589,0.28,0.28,5.7,124951.33,41.12947004608295,3498637.24,18741075.759999998,6168.88603028308,6004722.510000001,16234990.489999998,5343.973169848584,3498637.24,1151.6251612903227,25738350.240000002,8472.136352863727,8112.10961158657,-1093761.240000002,Town,83300,40115
4111,NETTLETON,1112,7534020,44823031,8913287,0.27,0.22,11.3,44823.031,40.30848111510792,1255044.868,6278975.132,5646.560370503597,2034185.4000000001,5499834.6,4945.894424460432,1255044.868,1128.6374712230215,8789064.868,7903.835312949641,8015.545863309352,124222.13199999928,Rural,89200,39620
7320,NEW ALBANY,2114,13621474,107360999,17068624,0.22,0.23,27.5,107360.999,50.785713812677386,3006107.972,10615366.028,5021.459805108799,3677797.9800000004,9943676.02,4703.725648060548,3006107.972,1421.9999867549668,16627581.972,7865.459778618731,8074.088930936613,441042.02800000086,Rural,106800,45216
5100,NEWTON COUNTY,1688,11485584,73661085,13352997,0.2,0.24,4.2,73661.085,43.638083530805694,2062510.3800000001,9423073.62,5582.389585308057,3101107.68,8384476.32,4967.10682464455,2062510.3800000001,1221.8663388625594,13548094.38,8026.122263033176,7910.543246445498,-195097.38000000082,Rural,88600,36958
5130,NEWTON MUNICIPAL,816,5369773,72751727,6940664,0.42,0.35,6,72751.727,89.15652818627451,2037048.356,3332724.6440000003,4084.221377450981,1449838.7100000002,3919934.29,4803.841041666667,1449838.7100000002,1776.7631250000002,6819611.71,8357.367291666667,8505.71568627451,121052.29000000004,Town,83400,32047
5411,NORTH PANOLA,1219,7448639,87683457,10430058,0.5,0.41,4.1,87683.457,71.93064561115668,2455136.796,4993502.204,4096.392292042658,2011132.53,5437506.47,4460.628769483183,2011132.53,1649.8215996718623,9459771.53,7760.271968826907,8556.241181296144,970286.4700000007,Rural,70900,34544
5711,NORTH PIKE,2245,15326932,84591365,18147897,0.32,0.27,17.8,84591.365,37.67989532293987,2368558.22,12958373.78,5772.10413363029,4138271.64,11188660.36,4983.813077951002,2368558.22,1055.0370690423163,17695490.22,7882.178271714922,8083.695768374165,452406.7800000012,Town,115600,41738
5200,NOXUBEE COUNTY,1397,8870428,80328913,12404034,0.56,0.39,2,80328.913,57.50101145311382,2249209.5640000002,6621218.436,4739.598021474589,2395015.56,6475412.4399999995,4635.2272297780955,2249209.5640000002,1610.028320687187,11119637.564,7959.654662848961,8879.050823192556,1284396.4360000007,Rural,59700,33784
3021,OCEAN SPRINGS,5861,35842320,341284002,45657040,0.12,0.11,171.8,341284.002,58.229653983961775,9555952.056,26286367.944,4484.962966046749,9677426.4,26164893.6,4464.237092646306,9555952.056,1630.43031155093,45398272.056,7745.82358914861,7789.974407097765,258767.94399999827,Suburb,169400,69055
0921,OKOLONA,511,3932659,28085972,4447673,0.43,0.32,4.4,28085.972,54.96276320939335,786407.216,3146251.784,6157.048500978473,1061817.9300000002,2870841.07,5618.084285714285,786407.216,1538.9573698630138,4719066.216,9234.963240704501,8703.861056751468,-271393.216,Rural,73300,34412
3620,OXFORD,4766,26047620,616326244,36779348,0.17,0.15,55.3,616326.244,129.31729836340745,17257134.832,8790485.168000001,1844.4156877885023,7032857.4,19014762.6,3989.6690306336554,7032857.4,1475.6310113302561,33080477.4,6940.931053294166,7717.026437263953,3698870.6000000015,Rural,241700,48668
3022,PASCAGOULA,6565,40036858,1022081136,53609453,0.36,0.26,92,1022081.136,155.68638781416604,28618271.808000002,11418586.191999998,1739.312443564356,10809951.66,29226906.34,4451.927850723534,10809951.66,1646.6034516374714,50846809.66,7745.134753998476,8165.94866717441,2762643.3400000036,City,120700,44005
2423,PASS CHRISTIAN,1944,11405973,228928204,15781582,0.27,0.19,33.3,228928.204,117.76142181069959,6409989.712,4995983.288,2569.9502510288066,3079612.7100000004,8326360.289999999,4283.107145061728,3079612.7100000004,1584.162916666667,14485585.71,7451.4329783950625,8118.097736625515,1295996.289999999,Suburb,170700,54279
6120,PEARL,4216,25328999,241493274,33614181,0.25,0.2,164.8,241493.274,57.28018833017078,6761811.672,18567187.328,4403.9818140417465,6838829.73,18490169.27,4385.713773719165,6761811.672,1603.8452732447818,32090810.672,7611.672360531309,7973.003083491461,1523370.3280000016,Suburb,120700,49944
5500,PEARL RIVER COUNTY,3284,20777082,138522803,25765589,0.21,0.15,24.7,138522.803,42.18112149817296,3878638.484,16898443.516,5145.689255785627,5609812.140000001,15167269.86,4618.535280146163,3878638.484,1181.071401948843,24655720.484,7507.832059683314,7845.794457978075,1109868.515999999,Rural,156400,63540
5600,PERRY COUNTY,933,6421754,105980327,8247236,0.38,0.28,1.8,105980.327,113.59091854233655,2967449.156,3454304.844,3702.3631768488744,1733873.58,4687880.42,5024.523494105038,1733873.58,1858.3854019292605,8155627.58,8741.294297963559,8839.48124330118,91608.41999999993,Rural,85800,46063
1821,PETAL,4392,28192626,227593990,35699764,0.2,0.16,46.9,227593.99,51.8201252276867,6372631.72,21819994.28,4968.122559198543,7612009.0200000005,20580616.98,4685.932827868853,6372631.72,1450.9635063752276,34565257.72,7870.049571948998,8128.361566484517,1134506.2800000012,Suburb,150300,55825
5020,PHILADELPHIA,829,5245729,61447733,7412527,0.51,0.32,130.9,61447.733,74.12271773220748,1720536.524,3525192.476,4252.343155609167,1416346.83,3829382.17,4619.278854041013,1416346.83,1708.500398069964,6662075.83,8036.279650180941,8941.528347406515,750451.1699999999,Town,90100,31753
5520,PICAYUNE,3431,19433050,189385894,27945493,0.36,0.26,18.1,189385.894,55.1984535120956,5302805.032,14130244.968,4118.404245992422,5246923.5,14186126.5,4134.691489361702,5246923.5,1529.2694549693967,24679973.5,7193.230399300495,8144.999417079569,3265519.5,Town,118900,40645
5820,PONTOTOC CITY,2302,15570680,87056850,19316793,0.23,0.21,23,87056.85,37.81791920069505,2437591.8000000003,13133088.2,5705.077410947002,4204083.600000001,11366596.399999999,4937.704778453518,2437591.8000000003,1058.9017376194615,18008271.8,7822.880886185925,8391.308861859252,1308521.1999999993,Town,117400,45621
5800,PONTOTOC COUNTY,3466,23763154,118922581,27218654,0.19,0.21,8.7,118922.581,34.31118897864974,3329832.268,20433321.732,5895.361145989614,6416051.58,17347102.42,5004.934339296019,3329832.268,960.7132914021928,27092986.268,7816.787728793998,7853.045008655511,125667.73200000077,Rural,100600,44126
5530,POPLARVILLE,1909,11823004,114175246,15179419,0.23,0.2,3.9,114175.246,59.80892928234678,3196906.888,8626097.112,4518.646994237821,3192211.08,8630792.92,4521.106820324777,3192211.08,1672.1901938187534,15015215.08,7865.487207962284,7951.502881089576,164203.91999999993,Rural,124400,46111
5900,PRENTISS COUNTY,2278,16315339,89113764,18984990,0.21,0.19,6.1,89113.764,39.11929938542581,2495185.392,13820153.608,6066.792628621598,4405141.53,11910197.469999999,5228.35709833187,2495185.392,1095.3403827919228,18810524.392,8257.473394205444,8334.060579455663,174465.60799999908,Rural,90000,41292
6000,QUITMAN COUNTY,852,5853085,77936585,7456230,0.45,0.44,2.1,77936.585,91.47486502347418,2182224.3800000004,3670860.6199999996,4308.521854460094,1580332.9500000002,4272752.05,5014.967194835681,1580332.9500000002,1854.8508802816903,7433417.95,8724.668955399062,8751.44366197183,22812.049999999814,Town,50900,25283
1212,QUITMAN SEP,1593,10025901,121991445,14053245,0.43,0.35,3.1,121991.445,76.57968926553673,3415760.46,6610140.54,4149.491864406779,2706993.27,7318907.73,4594.41790960452,2706993.27,1699.3052542372882,12732894.27,7993.028418079096,8821.873822975518,1320350.7300000004,Rural,76500,37364
6100,RANKIN COUNTY,18720,109885810,1665040971,143040308,0.14,0.12,25,1665040.971,88.94449631410257,46621147.18799999,63264662.81200001,3379.5225861111117,29669168.700000003,80216641.3,4285.076992521367,29669168.700000003,1584.8914903846155,139554978.7,7454.859973290598,7641.042094017094,3485329.300000012,Rural,169700,70439
2515,REIMAGINE PREP,600,3679458,34721469,4994516,0.58,0.4,NA,34721.469,57.869114999999994,972201.132,2707256.868,4512.094779999999,993453.66,2686004.34,4476.6739,972201.132,1620.33522,4651659.132,7752.76522,8324.193333333333,342856.8679999998,NA,NA,NA
5620,RICHTON,597,3654076,26925232,4714575,0.22,0.28,4.8,26925.232,45.10089112227806,753906.496,2900169.5039999997,4857.90536683417,986600.52,2667475.48,4468.133132328308,753906.496,1262.8249514237857,4407982.496,7383.555269681742,7897.110552763819,306592.5039999997,Rural,89800,31393
7012,S. TIPPAH,2485,17371817,93966166,20408233,0.18,0.28,9.5,93966.166,37.813346478873235,2631052.648,14740764.352,5931.897123541247,4690390.59,12681426.41,5103.18970221328,2631052.648,1058.7737014084507,20002869.648000002,8049.444526358149,8212.56861167002,405363.3519999981,Town,88800,41241
6200,SCOTT COUNTY,3989,27021472,123366956,32145514,0.23,0.27,7.7,123366.956,30.926787666081726,3454274.768,23567197.232,5908.04643569817,7295797.44,19725674.56,4945.017437954374,3454274.768,865.9500546502883,30475746.768,7639.9465449987465,8058.539483579844,1669767.2320000008,Rural,71400,36305
6920,SENATOBIA,1666,10259185,99947674,13641439,0.28,0.2,37.7,99947.674,59.99260144057623,2798534.872,7460650.1280000005,4478.181349339736,2769979.95,7489205.05,4495.3211584633855,2769979.95,1662.653031212485,13029164.95,7820.627220888355,8188.138655462185,612274.0500000007,Town,141400,56982
6400,SIMPSON COUNTY,3008,20080458,256827504,25258206,0.33,0.29,5.1,256827.504,85.38148404255318,7191170.112,12889287.888,4285.002622340426,5421723.66,14658734.34,4873.249448138298,5421723.66,1802.434727393617,25502181.66,8478.118902925531,8397.009973404256,-243975.66000000015,Rural,87900,43850
2505,SMILOW COLLEGIATE,575,3460409,38436801,4599320,0.55,0.4,NA,38436.801,66.8466104347826,1076230.428,2384178.5719999997,4146.397516521739,934310.43,2526098.57,4393.214904347826,934310.43,1624.8877043478262,4394719.43,7642.990313043478,7998.817391304347,204600.5700000003,NA,NA,NA
2535,SMILOW PREP,600,3655052,38977213,4840300,0.53,0.4,NA,38977.213,64.96202166666667,1091361.9640000002,2563690.036,4272.816726666666,986864.04,2668187.96,4446.979933333333,986864.04,1644.7734,4641916.04,7736.526733333333,8067.166666666667,198383.95999999996,NA,NA,NA
6500,SMITH COUNTY,2443,15060923,163455234,19197468,0.23,0.24,3.8,163455.234,66.90758657388457,4576746.552,10484176.447999999,4291.517170691772,4066449.2100000004,10994473.79,4500.398604175194,4066449.2100000004,1664.530990585346,19127372.21,7829.460585345887,7858.153090462546,70095.7899999991,Rural,102600,43105
6312,SOUTH DELTA,604,4414306,79472422,5549191,0.65,0.5,0.8,79472.422,131.57685761589406,2225227.816,2189078.184,3624.3016291390727,1191862.62,3222443.38,5335.171158940398,1191862.62,1973.2824834437088,5606168.62,9281.736125827814,9187.402317880795,-56977.62000000011,Rural,65100,28660
5412,SOUTH PANOLA,4313,26060221,201817123,35050858,0.33,0.33,11.2,201817.123,46.79274820310688,5650879.444,20409341.556,4732.052296777186,7036259.670000001,19023961.33,4410.841949918849,5650879.444,1310.1969496869929,31711100.444,7352.446196151171,8126.79295154185,3339757.5560000017,Town,87500,40911
5712,SOUTH PIKE,1557,9358969,110835209,13061696,0.45,0.33,6.5,110835.209,71.18510533076429,3103385.852,6255583.148,4017.715573538857,2526921.6300000004,6832047.369999999,4387.955921644187,2526921.6300000004,1622.9426011560695,11885890.63,7633.841123956327,8389.01477199743,1175805.3699999992,Rural,81300,33446
5321,STARKVILLE OKTIBBEHA,4894,28419225,471472708,39663617,0.35,0.24,10.7,471472.708,96.33688353085411,13201235.824,15217989.176,3109.5196518185535,7673190.750000001,20746034.25,4239.075245198202,7673190.750000001,1567.8771454842667,36092415.75,7374.829536166735,8104.5396403759705,3571201.25,Town,162900,40453
6600,STONE COUNTY,2518,15752917,132638729,19932096,0.29,0.23,5.7,132638.729,52.676222795869734,3713884.4119999995,12039032.588,4781.188478157267,4253287.59,11499629.41,4566.969583002383,3713884.4119999995,1474.9342382843524,19466801.412,7731.056954725973,7915.844320889595,465294.5879999995,Town,112800,45483
6711,SUNFLOWER CONS,2929,18122622,216486648,25821835,0.57,0.61,4.2,216486.648,73.91145373847729,6061626.143999999,12060995.856,4117.786226015705,4893107.94,13229514.059999999,4516.734059405941,4893107.94,1670.572871287129,23015729.94,7857.879801980199,8815.921816319564,2806105.0599999987,Town,78400,30838
6900,TATE COUNTY,2014,12916914,121396319,16541454,0.3,0.2,5.6,121396.319,60.27622591857001,3399096.932,9517817.068,4725.827739821251,3487566.7800000003,9429347.219999999,4681.900307845084,3399096.932,1687.7343257199602,16316010.932,8101.296391261172,8213.234359483615,225443.06799999997,Rural,105500,48404
7100,TISHOMINGO,2897,18119854,196026084,23047472,0.18,0.19,6.8,196026.084,67.66519986192613,5488730.352,12631123.648,4360.07029616845,4892360.58,13227493.42,4565.928001380738,4892360.58,1688.7678909216431,23012214.58,7943.463783224024,7955.634104245772,35257.42000000179,Rural,88100,37681
7200,TUNICA COUNTY,1671,10205439,191329023,14500472,0.59,0.42,3.7,191329.023,114.4997145421903,5357212.643999999,4848226.356000001,2901.392193895871,2755468.5300000003,7449970.47,4458.390466786355,2755468.5300000003,1648.993734290844,12960907.530000001,7756.377935368044,8677.721125074806,1539564.4699999988,Rural,107100,39370
4120,TUPELO,7132,41158031,626008357,56947552,0.29,0.21,98.7,626008.357,87.77458735277621,17528233.996,23629797.004,3313.20765619742,11112668.370000001,30045362.63,4212.754154514862,11112668.370000001,1558.1419475602918,52270699.370000005,7329.038049635446,7984.794167134044,4676852.629999995,Town,149500,51258
5131,UNION CITY,927,7064192,25023070,7811414,0.24,0.27,13,25023.07,26.993603020496224,700645.96,6363546.04,6864.666709816613,1907331.84,5156860.16,5562.95594390507,700645.96,755.8208845738942,7764837.96,8376.308478964402,8426.552319309601,46576.04000000004,Rural,80900,39848
7300,UNION COUNTY,2980,19430187,102684660,23140316,0.17,0.19,8.8,102684.66,34.45793959731544,2875170.48,16555016.52,5555.374671140939,5246150.49,14184036.51,4759.7437953020135,2875170.48,964.8223087248322,22305357.48,7485.019288590604,7765.206711409396,834958.5199999996,Rural,98100,46559
7500,VICKSBURG WARREN,6862,41798577,625214795,56528830,0.45,0.33,11.7,625214.795,91.11261949868843,17506014.26,24292562.74,3540.157787816963,11285615.790000001,30512961.21,4446.657127659574,11285615.790000001,1644.6540061206647,53084192.79,7735.9651399009035,8237.952491984845,3444637.210000001,Rural,128400,45113
0618,W. BOLIVAR CONS,938,7556328,98397810,8511239,0.59,0.51,1.7,98397.81,104.90171641791045,2755138.6799999997,4801189.32,5118.538720682303,2040208.56,5516119.4399999995,5880.72434968017,2040208.56,2175.0624307036246,9596536.56,10230.849211087421,9073.815565031982,-1085297.5600000005,Rural,60800,23709
6812,W. TALLAHATCHIE,513,4403534,76607096,4506068,0.44,0.46,1.8,76607.096,149.3315711500975,2144998.688,2258535.312,4402.602947368421,1188954.1800000002,3214579.82,6266.237465886939,1188954.1800000002,2317.649473684211,5592488.18,10901.53641325536,8783.75828460039,-1086420.1799999997,Rural,69000,24367
7400,WALTHALL COUNTY,1684,11149516,112434563,13799743,0.33,0.33,4.2,112434.563,66.76636757719714,3148167.764,8001348.236,4751.394439429929,3010369.3200000003,8139146.68,4833.222494061758,3010369.3200000003,1787.6302375296914,14159885.32,8408.48296912114,8194.621733966746,-360142.3200000003,Rural,95800,30961
8113,WATER VALLEY,1041,6889416,51083389,8365553,0.31,0.32,8,51083.389,49.07145917387128,1430334.892,5459081.108,5244.074071085494,1860142.32,5029273.68,4831.194697406339,1430334.892,1374.0008568683957,8319750.892,7992.075784822287,8036.073967339097,45802.10800000001,Town,87000,42193
7700,WAYNE COUNTY,2900,20474120,164650129,25309957,0.44,0.32,3.6,164650.129,56.775906551724134,4610203.612,15863916.388,5470.315995862069,5528012.4,14946107.6,5153.830206896551,4610203.612,1589.7253834482758,25084323.612,8649.76676275862,8727.571379310344,225633.38800000027,Town,85800,37706
7800,WEBSTER COUNTY,1739,11469520,77678926,14077256,0.22,0.24,4.1,77678.926,44.668732604945376,2175009.9280000003,9294510.072,5344.744147211041,3096770.4000000004,8372749.6,4814.692121909143,2175009.9280000003,1250.7245129384705,13644529.928,7846.193173087981,8095.02932719954,432726.0720000006,Rural,84000,45730
3112,WEST JASPER,1411,8963103,115852167,11817639,0.32,0.24,4.1,115852.167,82.10642593905033,3243860.676,5719242.324,4053.325530829199,2420037.81,6543065.1899999995,4637.182983699504,2420037.81,1715.122473423104,11383140.81,8067.427930545713,8375.36428065202,434498.1899999995,Rural,83900,39537
1321,WEST POINT CONS,2609,15985432,219104668,21926353,0.42,0.31,6.4,219104.668,83.98032502874665,6134930.704,9850501.296,3775.585011881947,4316066.640000001,11669365.36,4472.734902261403,4316066.640000001,1654.2992104254506,20301498.64,7781.333323112304,8404.121502491376,1624854.3599999994,Town,89900,31833
7613,WESTERN LINE,1632,9756432,179443049,13558994,0.44,0.29,4.6,179443.049,109.95284865196078,5024405.3719999995,4732026.6280000005,2899.5261200980394,2634236.64,7122195.359999999,4364.090294117646,2634236.64,1614.1155882352941,12390668.64,7592.321470588236,8308.207107843138,1168325.3599999994,Town,88300,37851
7900,WILKINSON COUNTY,891,5824372,68465888,7786773,0.47,0.36,1.3,68465.888,76.84162514029181,1917044.864,3907327.136,4385.327874298541,1572580.4400000002,4251791.56,4771.932166105499,1572580.4400000002,1764.9612121212124,7396952.44,8301.854590347924,8739.363636363636,389820.5599999996,Rural,70300,27313
4911,WINONA-MONTG CONS,1144,7523309,72225914,10014309,0.43,0.31,2.8,72225.914,63.13454020979022,2022325.5920000002,5500983.408,4808.55193006993,2031293.4300000002,5492015.57,4800.712910839161,2022325.5920000002,1767.7671258741261,9545634.592,8344.086181818182,8753.766608391608,468674.4079999998,Town,84800,39840
8220,YAZOO CITY,2029,13749087,58670267,17643109,0.64,0.44,201.2,58670.267,28.915853622474124,1642767.476,12106319.524,5966.643432232627,3712253.49,10036833.51,4946.689753573189,1642767.476,809.6439014292755,15391854.476,7585.931235091178,8695.47018235584,2251254.524,Town,70900,24688
8200,YAZOO COUNTY,1320,8453993,233407298,11346919,0.4,0.29,1.4,233407.298,176.82371060606062,6535404.3440000005,1918588.6559999995,1453.4762545454541,2282578.1100000003,6171414.89,4675.314310606061,2282578.1100000003,1729.2258409090912,10736571.11,8133.765992424242,8596.150757575757,610347.8900000006,Rural,109300,42070
